Name,Closet Image,Storage Image,Variation,DIY,Buy,Sell,HHA Base Points,Color 1,Color 2,Size,Exchange Price,Exchange Currency,Source,Source Notes,Season/Event,Season/Event Exclusive,Seasonal Availability,Seasonality,Gender,Style 1,Style 2,Label Themes,Sort Order,Villager Equippable,Catalog,Version Added,Unlocked?,Filename,ClothGroup ID,Internal ID,Unique Entry ID
acorn pochette,https://acnhcdn.com/latest/ClosetIcon/BagShoulderAcorn0.png,https://acnhcdn.com/latest/FtrIcon/BagShoulderAcorn0.png,NA,Yes,NFS,2400,201,Brown,Green,1x1,NA,NA,Crafting,,acorns and pine cones,Yes,All Year,All Year,Free,Cute,Cute,fairy tale,1,No,Not for sale,1.0.0,Yes,BagShoulderAcorn0,980,7492,XiC7bNzTBAdb8zWwr
apparel-shop paper bag,NA,https://acnhcdn.com/latest/FtrIcon/ToolBagPaperfashion0.png,Pink,No,720,180,23,White,Pink,1x1,NA,NA,Kicks; Kicks' Co-op,,NA,NA,All Year,All Year,Free,Simple,Elegant,everyday,1,No,For sale,2.0.0,Yes,ToolBagPaperfashion0,1510,14870,4ufLamXovvb7SbwKh
apparel-shop paper bag,NA,https://acnhcdn.com/latest/FtrIcon/ToolBagPaperfashion1.png,Light blue,No,720,180,23,White,Aqua,1x1,NA,NA,Kicks; Kicks' Co-op,,NA,NA,All Year,All Year,Free,Simple,Elegant,everyday,2,No,For sale,2.0.0,Yes,ToolBagPaperfashion1,1510,306,WAxwLb5yJpatBDRrp
Asian-style clasp purse,https://acnhcdn.com/latest/ClosetIcon/BagShoulderGamaguchiAsian0.png,https://acnhcdn.com/latest/FtrIcon/BagShoulderGamaguchiAsian0.png,Black,No,960,240,23,Black,Red,1x1,NA,NA,Kicks; Kicks' Co-op,,NA,NA,All Year,All Year,Free,Simple,Cute,everyday,1,No,For sale,2.0.0,Yes,BagShoulderGamaguchiAsian0,1490,14859,JEshZRB4MsJjn6qR7
Asian-style clasp purse,https://acnhcdn.com/latest/ClosetIcon/BagShoulderGamaguchiAsian1.png,https://acnhcdn.com/latest/FtrIcon/BagShoulderGamaguchiAsian1.png,Blue,No,960,240,23,Blue,Yellow,1x1,NA,NA,Kicks; Kicks' Co-op,,NA,NA,All Year,All Year,Free,Simple,Cute,everyday,2,No,For sale,2.0.0,Yes,BagShoulderGamaguchiAsian1,1490,352,HQ2Lj5h3pYiKavNAp
basket bag,NA,https://acnhcdn.com/latest/FtrIcon/ToolBagBasket0.png,Light brown,No,1120,280,23,Beige,Beige,1x1,NA,NA,Kicks; Kicks' Co-op,,NA,NA,All Year,All Year,Free,Simple,Cute,fairy tale; vacation,1,No,For sale,2.0.0,Yes,ToolBagBasket0,1503,14791,JgJwc8Wr2evdQxpRi
basket bag,NA,https://acnhcdn.com/latest/FtrIcon/ToolBagBasket2.png,Brown,No,1120,280,23,Brown,Brown,1x1,NA,NA,Kicks; Kicks' Co-op,,NA,NA,All Year,All Year,Free,Simple,Cute,fairy tale; vacation,2,No,For sale,2.0.0,Yes,ToolBagBasket2,1503,369,6oX353Da7NJdAsHuo
basket bag,NA,https://acnhcdn.com/latest/FtrIcon/ToolBagBasket1.png,White,No,1120,280,23,White,White,1x1,NA,NA,Kicks; Kicks' Co-op,,NA,NA,All Year,All Year,Free,Simple,Cute,fairy tale; vacation,3,No,For sale,2.0.0,Yes,ToolBagBasket1,1503,368,7rKZmcoHLonmJD6N3
basket pack,https://acnhcdn.com/latest/ClosetIcon/BagBackpackBasket0.png,https://acnhcdn.com/latest/FtrIcon/BagBackpackBasket0.png,NA,Yes,NFS,2400,103,Green,Green,1x1,NA,NA,Crafting,,young spring bamboo,Yes,All Year,All Year,Free,Simple,Simple,outdoorsy; work,1,No,Not for sale,1.0.0,Yes,BagBackpackBasket0,995,7506,BW764rj9aH3QL6GRH
beaded clasp purse,https://acnhcdn.com/latest/ClosetIcon/BagShoulderGamaguchiBijou0.png,https://acnhcdn.com/latest/FtrIcon/BagShoulderGamaguchiBijou0.png,Purple,No,960,240,23,Purple,Pink,1x1,NA,NA,Kicks; Kicks' Co-op,,NA,NA,All Year,All Year,Free,Simple,Elegant,everyday,1,No,For sale,2.0.0,Yes,BagShoulderGamaguchiBijou0,1492,14861,RLmEKHTmqpSNx3JaH
beaded clasp purse,https://acnhcdn.com/latest/ClosetIcon/BagShoulderGamaguchiBijou1.png,https://acnhcdn.com/latest/FtrIcon/BagShoulderGamaguchiBijou1.png,Pink,No,960,240,23,Pink,Beige,1x1,NA,NA,Kicks; Kicks' Co-op,,NA,NA,All Year,All Year,Free,Simple,Elegant,everyday,2,No,For sale,2.0.0,Yes,BagShoulderGamaguchiBijou1,1492,355,yw7dxwmwsqjbPhXvv
beaded clasp purse,https://acnhcdn.com/latest/ClosetIcon/BagShoulderGamaguchiBijou2.png,https://acnhcdn.com/latest/FtrIcon/BagShoulderGamaguchiBijou2.png,Navy blue,No,960,240,23,Black,Gray,1x1,NA,NA,Kicks; Kicks' Co-op,,NA,NA,All Year,All Year,Free,Simple,Elegant,everyday,3,No,For sale,2.0.0,Yes,BagShoulderGamaguchiBijou2,1492,356,FrNRJhxm9pffD3eG4
bear backpack,https://acnhcdn.com/latest/ClosetIcon/BagBackpackBear0.png,https://acnhcdn.com/latest/FtrIcon/BagBackpackBear0.png,Brown,No,1300,325,23,Beige,Red,1x1,NA,NA,Kicks; Kicks' Co-op,,NA,NA,All Year,All Year,Free,Cute,Cute,fairy tale,1,No,For sale,2.0.0,Yes,BagBackpackBear0,1238,12877,yadG76uHehTnHavwc
bear backpack,https://acnhcdn.com/latest/ClosetIcon/BagBackpackBear1.png,https://acnhcdn.com/latest/FtrIcon/BagBackpackBear1.png,White,No,1300,325,23,White,Blue,1x1,NA,NA,Kicks; Kicks' Co-op,,NA,NA,All Year,All Year,Free,Cute,Cute,fairy tale,2,No,For sale,2.0.0,Yes,BagBackpackBear1,1238,339,QGqP8WkBA4HYaqknA
bear backpack,https://acnhcdn.com/latest/ClosetIcon/BagBackpackBear2.png,https://acnhcdn.com/latest/FtrIcon/BagBackpackBear2.png,Pink,No,1300,325,23,Pink,Aqua,1x1,NA,NA,Kicks; Kicks' Co-op,,NA,NA,All Year,All Year,Free,Cute,Cute,fairy tale,3,No,For sale,2.0.0,Yes,BagBackpackBear2,1238,714,QJNEepzqmHiqS28Lp
bear backpack,https://acnhcdn.com/latest/ClosetIcon/BagBackpackBear3.png,https://acnhcdn.com/latest/FtrIcon/BagBackpackBear3.png,Light blue,No,1300,325,23,Aqua,Yellow,1x1,NA,NA,Kicks; Kicks' Co-op,,NA,NA,All Year,All Year,Free,Cute,Cute,fairy tale,4,No,For sale,2.0.0,Yes,BagBackpackBear3,1238,718,GqPuKvErbpXQSjNqL
bear backpack,https://acnhcdn.com/latest/ClosetIcon/BagBackpackBear4.png,https://acnhcdn.com/latest/FtrIcon/BagBackpackBear4.png,Black,No,1300,325,23,Black,Purple,1x1,NA,NA,Kicks; Kicks' Co-op,,NA,NA,All Year,All Year,Free,Cute,Cute,fairy tale,5,No,For sale,2.0.0,Yes,BagBackpackBear4,1238,719,xwj7zZQboPT3DDweq
botanical-print backpack,https://acnhcdn.com/latest/ClosetIcon/BagBackpackTownPattern0.png,https://acnhcdn.com/latest/FtrIcon/BagBackpackTownPattern0.png,Black,No,1280,320,23,Yellow,Green,1x1,NA,NA,Kicks; Kicks' Co-op,,NA,NA,All Year,All Year,Free,Simple,Active,everyday,1,No,For sale,2.0.0,Yes,BagBackpackTownPattern0,1455,14782,9SGwf8R6ZDR2dtc4R
botanical-print backpack,https://acnhcdn.com/latest/ClosetIcon/BagBackpackTownPattern1.png,https://acnhcdn.com/latest/FtrIcon/BagBackpackTownPattern1.png,White,No,1280,320,23,Red,Green,1x1,NA,NA,Kicks; Kicks' Co-op,,NA,NA,All Year,All Year,Free,Simple,Active,everyday,2,No,For sale,2.0.0,Yes,BagBackpackTownPattern1,1455,675,7kt8r6FMmKMEyTevE
bread-print eco bag,NA,https://acnhcdn.com/latest/FtrIcon/ToolBagEcobread0.png,NA,No,840,210,23,White,Beige,1x1,NA,NA,Kicks; Kicks' Co-op,,NA,NA,All Year,All Year,Free,Simple,Active,everyday,1,No,For sale,2.0.0,Yes,ToolBagEcobread0,1519,14813,6byP9duj2EyL3Sdqe
bug cage,https://acnhcdn.com/latest/ClosetIcon/BagShoulderCage0.png,https://acnhcdn.com/latest/FtrIcon/BagShoulderCage0.png,NA,No,NFS,122,501,Green,White,1x1,NA,NA,Flick,,Bug-Off (1); Bug-Off (2); Bug-Off (3); Bug-Off (4),Yes,All Year,All Year,Free,Active,Active,outdoorsy; vacation,1,No,Not for sale,1.0.0,Yes,BagShoulderCage0,967,7479,nrkEKkL46YsQYcYjp
Bunny Day bag,https://acnhcdn.com/latest/ClosetIcon/BagBackpackEgg0.png,https://acnhcdn.com/latest/FtrIcon/BagBackpackEgg0.png,NA,Yes,NFS,2400,351,Colorful,Colorful,1x1,NA,NA,Crafting,,Bunny Day (days before); Bunny Day,Yes,All Year,All Year,Free,Active,Cute,fairy tale; party; theatrical,1,No,Not for sale,1.1.0,Yes,BagBackpackEgg0,1203,12447,YGofzAZknSTYWmfWM
butterfly backpack,https://acnhcdn.com/latest/ClosetIcon/BagBackpackButterfly0.png,https://acnhcdn.com/latest/FtrIcon/BagBackpackButterfly0.png,NA,No,NFS,210,501,Pink,Yellow,1x1,NA,NA,Flick,,Bug-Off (1); Bug-Off (2); Bug-Off (3); Bug-Off (4),Yes,All Year,All Year,Free,Cute,Cute,everyday; fairy tale; theatrical,1,No,Not for sale,1.0.0,Yes,BagBackpackButterfly0,991,7502,unsmeHZemRaTnq62z
camo tote bag,NA,https://acnhcdn.com/latest/FtrIcon/ToolBagTotecamouflage0.png,Green,No,980,245,23,Green,Black,1x1,NA,NA,Kicks; Kicks' Co-op,,NA,NA,All Year,All Year,Free,Simple,Active,everyday; outdoorsy,1,No,For sale,2.0.0,Yes,ToolBagTotecamouflage0,1514,14890,hkENX8rbZFmeCvs3m
camo tote bag,NA,https://acnhcdn.com/latest/FtrIcon/ToolBagTotecamouflage1.png,Brown,No,980,245,23,Brown,Black,1x1,NA,NA,Kicks; Kicks' Co-op,,NA,NA,All Year,All Year,Free,Simple,Active,everyday; outdoorsy,2,No,For sale,2.0.0,Yes,ToolBagTotecamouflage1,1514,367,gKdTa28W2bkWRKpEQ
canvas backpack,https://acnhcdn.com/latest/ClosetIcon/BagBackpackTote0.png,https://acnhcdn.com/latest/FtrIcon/BagBackpackTote0.png,NA,No,1300,325,23,White,Orange,1x1,NA,NA,Kicks; Kicks' Co-op,,NA,NA,All Year,All Year,Free,Simple,Simple,everyday,1,No,For sale,1.0.0,Yes,BagBackpackTote0,998,7509,ZtgYddBwpZfGMjewu
checkered backpack,https://acnhcdn.com/latest/ClosetIcon/BagBackpackTownCheck2.png,https://acnhcdn.com/latest/FtrIcon/BagBackpackTownCheck2.png,Gray,No,1200,300,23,Gray,Brown,1x1,NA,NA,Kicks; Kicks' Co-op,,NA,NA,All Year,All Year,Free,Simple,Active,everyday,1,No,For sale,2.0.0,Yes,BagBackpackTownCheck2,1480,702,ygmvdDwEN95Z9zrKv
checkered backpack,https://acnhcdn.com/latest/ClosetIcon/BagBackpackTownCheck3.png,https://acnhcdn.com/latest/FtrIcon/BagBackpackTownCheck3.png,Green,No,1200,300,23,Green,Brown,1x1,NA,NA,Kicks; Kicks' Co-op,,NA,NA,All Year,All Year,Free,Simple,Active,everyday,2,No,For sale,2.0.0,Yes,BagBackpackTownCheck3,1480,703,XYXcQcweG2G3cg6ok
checkered backpack,https://acnhcdn.com/latest/ClosetIcon/BagBackpackTownCheck1.png,https://acnhcdn.com/latest/FtrIcon/BagBackpackTownCheck1.png,Blue,No,1200,300,23,Aqua,Brown,1x1,NA,NA,Kicks; Kicks' Co-op,,NA,NA,All Year,All Year,Free,Simple,Active,everyday,3,No,For sale,2.0.0,Yes,BagBackpackTownCheck1,1480,701,vv2SEMWDvGaCRqPqu
checkered backpack,https://acnhcdn.com/latest/ClosetIcon/BagBackpackTownCheck0.png,https://acnhcdn.com/latest/FtrIcon/BagBackpackTownCheck0.png,Brown,No,1200,300,23,Brown,Brown,1x1,NA,NA,Kicks; Kicks' Co-op,,NA,NA,All Year,All Year,Free,Simple,Active,everyday,4,No,For sale,2.0.0,Yes,BagBackpackTownCheck0,1480,14844,dj6vtf6XAqYjHEaqs
cherry-blossom pochette,https://acnhcdn.com/latest/ClosetIcon/BagShoulderCherryblossoms0.png,https://acnhcdn.com/latest/FtrIcon/BagShoulderCherryblossoms0.png,NA,Yes,NFS,2400,201,Pink,Pink,1x1,NA,NA,Crafting,,cherry-blossom petals,Yes,All Year,All Year,Free,Cute,Cute,fairy tale; vacation,1,No,Not for sale,1.0.0,Yes,BagShoulderCherryblossoms0,978,7490,wwkZdhj9HzxZiqHys
clasp purse,https://acnhcdn.com/latest/ClosetIcon/BagShoulderGamaguchi4.png,https://acnhcdn.com/latest/FtrIcon/BagShoulderGamaguchi4.png,White,No,880,220,23,White,Yellow,1x1,NA,NA,Kicks; Kicks' Co-op,,NA,NA,All Year,All Year,Free,Simple,Simple,everyday,1,No,For sale,2.0.0,Yes,BagShoulderGamaguchi4,1456,345,72Xsfpp7ewaTkzyB5
clasp purse,https://acnhcdn.com/latest/ClosetIcon/BagShoulderGamaguchi5.png,https://acnhcdn.com/latest/FtrIcon/BagShoulderGamaguchi5.png,Ash,No,880,220,23,Gray,Yellow,1x1,NA,NA,Kicks; Kicks' Co-op,,NA,NA,All Year,All Year,Free,Simple,Simple,everyday,2,No,For sale,2.0.0,Yes,BagShoulderGamaguchi5,1456,346,6PCNSGwpH6fuCsbfk
clasp purse,https://acnhcdn.com/latest/ClosetIcon/BagShoulderGamaguchi1.png,https://acnhcdn.com/latest/FtrIcon/BagShoulderGamaguchi1.png,Red,No,880,220,23,Red,Yellow,1x1,NA,NA,Kicks; Kicks' Co-op,,NA,NA,All Year,All Year,Free,Simple,Simple,everyday,3,No,For sale,2.0.0,Yes,BagShoulderGamaguchi1,1456,340,aKBzafbwwNiuAJo8c
clasp purse,https://acnhcdn.com/latest/ClosetIcon/BagShoulderGamaguchi3.png,https://acnhcdn.com/latest/FtrIcon/BagShoulderGamaguchi3.png,Green,No,880,220,23,Green,Yellow,1x1,NA,NA,Kicks; Kicks' Co-op,,NA,NA,All Year,All Year,Free,Simple,Simple,everyday,4,No,For sale,2.0.0,Yes,BagShoulderGamaguchi3,1456,344,BZadwstw2oGF4PhcD
clasp purse,https://acnhcdn.com/latest/ClosetIcon/BagShoulderGamaguchi2.png,https://acnhcdn.com/latest/FtrIcon/BagShoulderGamaguchi2.png,Blue,No,880,220,23,Blue,Yellow,1x1,NA,NA,Kicks; Kicks' Co-op,,NA,NA,All Year,All Year,Free,Simple,Simple,everyday,5,No,For sale,2.0.0,Yes,BagShoulderGamaguchi2,1456,342,9pY8hpFHx8wCTW957
clasp purse,https://acnhcdn.com/latest/ClosetIcon/BagShoulderGamaguchi6.png,https://acnhcdn.com/latest/FtrIcon/BagShoulderGamaguchi6.png,Brown,No,880,220,23,Brown,Yellow,1x1,NA,NA,Kicks; Kicks' Co-op,,NA,NA,All Year,All Year,Free,Simple,Simple,everyday,6,No,For sale,2.0.0,Yes,BagShoulderGamaguchi6,1456,347,Rgwvj3weSoA3dHgT8
clasp purse,https://acnhcdn.com/latest/ClosetIcon/BagShoulderGamaguchi0.png,https://acnhcdn.com/latest/FtrIcon/BagShoulderGamaguchi0.png,Yellow,No,880,220,23,Brown,Yellow,1x1,NA,NA,Kicks; Kicks' Co-op,,NA,NA,All Year,All Year,Free,Simple,Simple,everyday,7,No,For sale,2.0.0,Yes,BagShoulderGamaguchi0,1456,14783,SGiaYqqaRQnTkiY4X
cloth shoulder bag,https://acnhcdn.com/latest/ClosetIcon/BagShoulderCanvas2.png,https://acnhcdn.com/latest/FtrIcon/BagShoulderCanvas2.png,Ivory,No,1400,350,23,White,White,1x1,NA,NA,Kicks; Kicks' Co-op,,NA,NA,All Year,All Year,Free,Simple,Simple,everyday,1,No,For sale,1.0.0,Yes,BagShoulderCanvas2,975,12014,NfkYKg5NoaWKBEpzN
cloth shoulder bag,https://acnhcdn.com/latest/ClosetIcon/BagShoulderCanvas1.png,https://acnhcdn.com/latest/FtrIcon/BagShoulderCanvas1.png,Orange,No,1400,350,23,Orange,Orange,1x1,NA,NA,Kicks; Kicks' Co-op,,NA,NA,All Year,All Year,Free,Simple,Simple,everyday,2,No,For sale,1.0.0,Yes,BagShoulderCanvas1,975,12013,dcpCgBwji4QCYAy8k
cloth shoulder bag,https://acnhcdn.com/latest/ClosetIcon/BagShoulderCanvas0.png,https://acnhcdn.com/latest/FtrIcon/BagShoulderCanvas0.png,Blue,No,1400,350,23,Aqua,Aqua,1x1,NA,NA,Kicks; Kicks' Co-op,,NA,NA,All Year,All Year,Free,Simple,Simple,everyday,3,No,For sale,1.0.0,Yes,BagShoulderCanvas0,975,7487,DzoRrArWrKtzn6Xzc
clutch,NA,https://acnhcdn.com/latest/FtrIcon/ToolBagSecond0.png,Light brown,No,2200,550,23,Brown,Gray,1x1,NA,NA,Kicks; Kicks' Co-op,,NA,NA,All Year,All Year,Free,Cool,Simple,formal; party; work,1,No,For sale,2.0.0,Yes,ToolBagSecond0,1512,14792,GpChrXR8j8XRnmxJn
clutch,NA,https://acnhcdn.com/latest/FtrIcon/ToolBagSecond3.png,Black,No,2200,550,23,Black,Gray,1x1,NA,NA,Kicks; Kicks' Co-op,,NA,NA,All Year,All Year,Free,Cool,Simple,formal; party; work,2,No,For sale,2.0.0,Yes,ToolBagSecond3,1512,309,wame2CAf7JdS6rpYF
clutch,NA,https://acnhcdn.com/latest/FtrIcon/ToolBagSecond2.png,Red,No,2200,550,23,Red,Gray,1x1,NA,NA,Kicks; Kicks' Co-op,,NA,NA,All Year,All Year,Free,Cool,Simple,formal; party; work,3,No,For sale,2.0.0,Yes,ToolBagSecond2,1512,308,cmkQMhu3kWCsqu7AM
clutch,NA,https://acnhcdn.com/latest/FtrIcon/ToolBagSecond1.png,Green,No,2200,550,23,Green,Gray,1x1,NA,NA,Kicks; Kicks' Co-op,,NA,NA,All Year,All Year,Free,Cool,Simple,formal; party; work,4,No,For sale,2.0.0,Yes,ToolBagSecond1,1512,307,ire3uCiNDD8JvsgAe
crossbody bag,https://acnhcdn.com/latest/ClosetIcon/BagBackpackBody3.png,https://acnhcdn.com/latest/FtrIcon/BagBackpackBody3.png,White,No,700,175,23,White,Black,1x1,NA,NA,Kicks; Kicks' Co-op,,NA,NA,All Year,All Year,Free,Active,Simple,everyday; outdoorsy; sporty,1,No,For sale,1.0.0,Yes,BagBackpackBody3,971,11982,FsyHb5QAf8DDvPC7y
crossbody bag,https://acnhcdn.com/latest/ClosetIcon/BagBackpackBody0.png,https://acnhcdn.com/latest/FtrIcon/BagBackpackBody0.png,Pink,No,700,175,23,Pink,Black,1x1,NA,NA,Kicks; Kicks' Co-op,,NA,NA,All Year,All Year,Free,Active,Simple,everyday; outdoorsy; sporty,2,No,For sale,1.0.0,Yes,BagBackpackBody0,971,7483,zXtyCFHwWjnChTami
crossbody bag,https://acnhcdn.com/latest/ClosetIcon/BagBackpackBody2.png,https://acnhcdn.com/latest/FtrIcon/BagBackpackBody2.png,Yellow,No,700,175,23,Yellow,Black,1x1,NA,NA,Kicks; Kicks' Co-op,,NA,NA,All Year,All Year,Free,Active,Simple,everyday; outdoorsy; sporty,3,No,For sale,1.0.0,Yes,BagBackpackBody2,971,11981,zX6ZX4puTojGuJgGj
crossbody bag,https://acnhcdn.com/latest/ClosetIcon/BagBackpackBody1.png,https://acnhcdn.com/latest/FtrIcon/BagBackpackBody1.png,Green,No,700,175,23,Green,Black,1x1,NA,NA,Kicks; Kicks' Co-op,,NA,NA,All Year,All Year,Free,Active,Simple,everyday; outdoorsy; sporty,4,No,For sale,1.0.0,Yes,BagBackpackBody1,971,11980,tbfNwy8RmGztJdAnn
crossbody boston bag,https://acnhcdn.com/latest/ClosetIcon/BagShoulderDrum0.png,https://acnhcdn.com/latest/FtrIcon/BagShoulderDrum0.png,Red,No,1680,420,23,Red,Black,1x1,NA,NA,Kicks; Kicks' Co-op,,NA,NA,All Year,All Year,Free,Simple,Active,everyday; outdoorsy; sporty,1,No,For sale,1.0.0,Yes,BagShoulderDrum0,973,7485,8MwDxuHHvYM3XJpmy
crossbody boston bag,https://acnhcdn.com/latest/ClosetIcon/BagShoulderDrum1.png,https://acnhcdn.com/latest/FtrIcon/BagShoulderDrum1.png,Blue,No,1680,420,23,Blue,Black,1x1,NA,NA,Kicks; Kicks' Co-op,,NA,NA,All Year,All Year,Free,Simple,Active,everyday; outdoorsy; sporty,2,No,For sale,1.0.0,Yes,BagShoulderDrum1,973,12011,w98ZrTQWiRMHyveaa
DAL backpack,https://acnhcdn.com/latest/ClosetIcon/BagBackpackDal0.png,https://acnhcdn.com/latest/FtrIcon/BagBackpackDal0.png,NA,No,NFS,1010,251,Blue,Black,1x1,NA,NA,Dodo Airlines,Received in mail from DAL after 200 flights,NA,NA,All Year,All Year,Free,Cool,Active,outdoorsy; vacation,1,No,Not for sale,1.0.0,Yes,BagBackpackDal0,1185,12131,3mGmqSPj5YPujiDgD
delivery bag,https://acnhcdn.com/latest/ClosetIcon/BagBackpackDelivery0.png,https://acnhcdn.com/latest/FtrIcon/BagBackpackDelivery0.png,Black,No,1320,330,23,Black,Yellow,1x1,NA,NA,Kicks; Kicks' Co-op,,NA,NA,All Year,All Year,Free,Simple,Active,work,1,No,For sale,2.0.0,Yes,BagBackpackDelivery0,1410,14426,Hc56JjxXHqmyEN6hX
delivery bag,https://acnhcdn.com/latest/ClosetIcon/BagBackpackDelivery5.png,https://acnhcdn.com/latest/FtrIcon/BagBackpackDelivery5.png,Pink,No,1320,330,23,Pink,Aqua,1x1,NA,NA,Kicks; Kicks' Co-op,,NA,NA,All Year,All Year,Free,Simple,Active,work,2,No,For sale,2.0.0,Yes,BagBackpackDelivery5,1410,495,5av7fenfkMy3vjn8z
delivery bag,https://acnhcdn.com/latest/ClosetIcon/BagBackpackDelivery3.png,https://acnhcdn.com/latest/FtrIcon/BagBackpackDelivery3.png,Yellow,No,1320,330,23,Yellow,Green,1x1,NA,NA,Kicks; Kicks' Co-op,,NA,NA,All Year,All Year,Free,Simple,Active,work,3,No,For sale,2.0.0,Yes,BagBackpackDelivery3,1410,493,qSsTErgNMisB4kYiy
delivery bag,https://acnhcdn.com/latest/ClosetIcon/BagBackpackDelivery2.png,https://acnhcdn.com/latest/FtrIcon/BagBackpackDelivery2.png,Green,No,1320,330,23,Green,Orange,1x1,NA,NA,Kicks; Kicks' Co-op,,NA,NA,All Year,All Year,Free,Simple,Active,work,4,No,For sale,2.0.0,Yes,BagBackpackDelivery2,1410,492,775xLbTPuWMtC75Zw
delivery bag,https://acnhcdn.com/latest/ClosetIcon/BagBackpackDelivery1.png,https://acnhcdn.com/latest/FtrIcon/BagBackpackDelivery1.png,Blue,No,1320,330,23,Blue,Black,1x1,NA,NA,Kicks; Kicks' Co-op,,NA,NA,All Year,All Year,Free,Simple,Active,work,5,No,For sale,2.0.0,Yes,BagBackpackDelivery1,1410,491,rRZTG2WKqmPY6ZkTY
delivery bag,https://acnhcdn.com/latest/ClosetIcon/BagBackpackDelivery4.png,https://acnhcdn.com/latest/FtrIcon/BagBackpackDelivery4.png,Brown,No,1320,330,23,Brown,Beige,1x1,NA,NA,Kicks; Kicks' Co-op,,NA,NA,All Year,All Year,Free,Simple,Active,work,6,No,For sale,2.0.0,Yes,BagBackpackDelivery4,1410,494,NnEm5JHQNsaKhFeGt
department-store paper bag,NA,https://acnhcdn.com/latest/FtrIcon/ToolBagPaperflower0.png,Blue,No,640,160,23,White,Blue,1x1,NA,NA,Kicks; Kicks' Co-op,,NA,NA,All Year,All Year,Free,Simple,Elegant,everyday,1,No,For sale,2.0.0,Yes,ToolBagPaperflower0,1511,14872,YGdBmWuCmsg8BkBAG
department-store paper bag,NA,https://acnhcdn.com/latest/FtrIcon/ToolBagPaperflower1.png,Red,No,640,160,23,White,Red,1x1,NA,NA,Kicks; Kicks' Co-op,,NA,NA,All Year,All Year,Free,Simple,Elegant,everyday,2,No,For sale,2.0.0,Yes,ToolBagPaperflower1,1511,305,Zycux4ZrTYM3at2p3
diamond-weave basket bag,NA,https://acnhcdn.com/latest/FtrIcon/ToolBagBasketdiagram0.png,NA,No,1280,320,23,Beige,Green,1x1,NA,NA,Kicks; Kicks' Co-op,,NA,NA,All Year,All Year,Free,Simple,Cute,everyday; fairy tale; vacation,1,No,For sale,2.0.0,Yes,ToolBagBasketdiagram0,1505,14854,Xo3PBCD4pbS7cxwdb
dreamy backpack,https://acnhcdn.com/latest/ClosetIcon/BagBackpackTownYumekawa0.png,https://acnhcdn.com/latest/FtrIcon/BagBackpackTownYumekawa0.png,Pink,No,1280,320,23,Pink,Purple,1x1,NA,NA,Kicks; Kicks' Co-op,,NA,NA,All Year,All Year,Free,Simple,Active,everyday; fairy tale,1,No,For sale,2.0.0,Yes,BagBackpackTownYumekawa0,1483,14838,zcEJv97N6J2k5EPxS
dreamy backpack,https://acnhcdn.com/latest/ClosetIcon/BagBackpackTownYumekawa1.png,https://acnhcdn.com/latest/FtrIcon/BagBackpackTownYumekawa1.png,Mint,No,1280,320,23,Green,Purple,1x1,NA,NA,Kicks; Kicks' Co-op,,NA,NA,All Year,All Year,Free,Simple,Active,everyday; fairy tale,2,No,For sale,2.0.0,Yes,BagBackpackTownYumekawa1,1483,679,ub5NmJHDpGyi4QmKq
dreamy pochette,https://acnhcdn.com/latest/ClosetIcon/BagShoulderYumekawa0.png,https://acnhcdn.com/latest/FtrIcon/BagShoulderYumekawa0.png,NA,No,1080,270,23,Pink,Aqua,1x1,NA,NA,Kicks; Kicks' Co-op,,NA,NA,All Year,All Year,Free,Cute,Cute,everyday; fairy tale,1,No,For sale,2.0.0,Yes,BagShoulderYumekawa0,1472,14825,E89nNM59h2SNRBn8x
dreamy ribbon pochette,https://acnhcdn.com/latest/ClosetIcon/BagShoulderYumekawaRibbon0.png,https://acnhcdn.com/latest/FtrIcon/BagShoulderYumekawaRibbon0.png,NA,No,1080,270,23,Pink,Pink,1x1,NA,NA,Kicks; Kicks' Co-op,,NA,NA,All Year,All Year,Free,Cute,Cute,everyday; fairy tale,1,No,For sale,2.0.0,Yes,BagShoulderYumekawaRibbon0,1493,14883,S2o8ZDum4FYypwynm
dreamy unicorn pochette,https://acnhcdn.com/latest/ClosetIcon/BagShoulderYumekawaUnicorn0.png,https://acnhcdn.com/latest/FtrIcon/BagShoulderYumekawaUnicorn0.png,NA,No,1160,290,23,Yellow,Pink,1x1,NA,NA,Kicks; Kicks' Co-op,,NA,NA,All Year,All Year,Free,Cute,Cute,everyday; fairy tale,1,No,For sale,2.0.0,Yes,BagShoulderYumekawaUnicorn0,1494,14884,fbMuddYDB99SAfDuF
dry bag,https://acnhcdn.com/latest/ClosetIcon/BagBackpackDry0.png,https://acnhcdn.com/latest/FtrIcon/BagBackpackDry0.png,Yellow,No,1040,260,23,Yellow,Black,1x1,NA,NA,Kicks; Kicks' Co-op,,NA,NA,All Year,All Year,Free,Active,Active,outdoorsy; sporty,1,No,For sale,1.0.0,Yes,BagBackpackDry0,963,7471,iwTpuxykXjSBi8b9a
dry bag,https://acnhcdn.com/latest/ClosetIcon/BagBackpackDry1.png,https://acnhcdn.com/latest/FtrIcon/BagBackpackDry1.png,Blue,No,1040,260,23,Blue,Black,1x1,NA,NA,Kicks; Kicks' Co-op,,NA,NA,All Year,All Year,Free,Active,Active,outdoorsy; sporty,2,No,For sale,1.0.0,Yes,BagBackpackDry1,963,11964,cMoNDoZx2sdfD6Haz
electronics-store paper bag,NA,https://acnhcdn.com/latest/FtrIcon/ToolBagPaperelectric0.png,Yellow,No,600,150,23,Black,Yellow,1x1,NA,NA,Kicks; Kicks' Co-op,,NA,NA,All Year,All Year,Free,Simple,Simple,everyday,1,No,For sale,2.0.0,Yes,ToolBagPaperelectric0,1509,14871,M65CNMLJZo3LtmqHu
electronics-store paper bag,NA,https://acnhcdn.com/latest/FtrIcon/ToolBagPaperelectric1.png,Light blue,No,600,150,23,Black,Aqua,1x1,NA,NA,Kicks; Kicks' Co-op,,NA,NA,All Year,All Year,Free,Simple,Simple,everyday,2,No,For sale,2.0.0,Yes,ToolBagPaperelectric1,1509,727,7riTnD4QxLS7mWNEf
electronics-store paper bag,NA,https://acnhcdn.com/latest/FtrIcon/ToolBagPaperelectric3.png,Red,No,600,150,23,White,Red,1x1,NA,NA,Kicks; Kicks' Co-op,,NA,NA,All Year,All Year,Free,Simple,Simple,everyday,3,No,For sale,2.0.0,Yes,ToolBagPaperelectric3,1509,733,ZadzNjXhQ5Kz7Fk3K
electronics-store paper bag,NA,https://acnhcdn.com/latest/FtrIcon/ToolBagPaperelectric2.png,Blue,No,600,150,23,White,Blue,1x1,NA,NA,Kicks; Kicks' Co-op,,NA,NA,All Year,All Year,Free,Simple,Simple,everyday,4,No,For sale,2.0.0,Yes,ToolBagPaperelectric2,1509,732,edjyRTLaHPTzWg8ro
evening bag,https://acnhcdn.com/latest/ClosetIcon/BagShoulderParty2.png,https://acnhcdn.com/latest/FtrIcon/BagShoulderParty2.png,Black,No,1250,312,23,Black,Yellow,1x1,NA,NA,Kicks; Kicks' Co-op,,NA,NA,All Year,All Year,Free,Cute,Elegant,formal; party,1,No,For sale,1.0.0,Yes,BagShoulderParty2,986,11977,x9Z63uLS8cHdsoczj
evening bag,https://acnhcdn.com/latest/ClosetIcon/BagShoulderParty0.png,https://acnhcdn.com/latest/FtrIcon/BagShoulderParty0.png,Pink,No,1250,312,23,Pink,Yellow,1x1,NA,NA,Kicks; Kicks' Co-op,,NA,NA,All Year,All Year,Free,Cute,Elegant,formal; party,2,No,For sale,1.0.0,Yes,BagShoulderParty0,986,7305,tZhGqzKpEeEweTZi7
evening bag,https://acnhcdn.com/latest/ClosetIcon/BagShoulderParty1.png,https://acnhcdn.com/latest/FtrIcon/BagShoulderParty1.png,Blue,No,1250,312,23,Blue,Yellow,1x1,NA,NA,Kicks; Kicks' Co-op,,NA,NA,All Year,All Year,Free,Cute,Elegant,formal; party,3,No,For sale,1.0.0,Yes,BagShoulderParty1,986,11976,SoJkNi7GNiW28tYuG
extra-large backpack,https://acnhcdn.com/latest/ClosetIcon/BagBackpackMountain2.png,https://acnhcdn.com/latest/FtrIcon/BagBackpackMountain2.png,Black,No,2100,525,23,Black,Black,1x1,NA,NA,Kicks; Kicks' Co-op,,NA,NA,All Year,All Year,Free,Active,Active,outdoorsy; sporty,1,No,For sale,1.0.0,Yes,BagBackpackMountain2,994,11972,HqReXLwGPigWMiJbS
extra-large backpack,https://acnhcdn.com/latest/ClosetIcon/BagBackpackMountain0.png,https://acnhcdn.com/latest/FtrIcon/BagBackpackMountain0.png,Red,No,2100,525,23,Red,Red,1x1,NA,NA,Kicks; Kicks' Co-op,,NA,NA,All Year,All Year,Free,Active,Active,outdoorsy; sporty,2,No,For sale,1.0.0,Yes,BagBackpackMountain0,994,7505,sjT2tZJCMpWQNmhTy
extra-large backpack,https://acnhcdn.com/latest/ClosetIcon/BagBackpackMountain1.png,https://acnhcdn.com/latest/FtrIcon/BagBackpackMountain1.png,Green,No,2100,525,23,Green,Green,1x1,NA,NA,Kicks; Kicks' Co-op,,NA,NA,All Year,All Year,Free,Active,Active,outdoorsy; sporty,3,No,For sale,1.0.0,Yes,BagBackpackMountain1,994,11971,MKeBKrETSTs4tyrg4
extra-large backpack,https://acnhcdn.com/latest/ClosetIcon/BagBackpackMountain3.png,https://acnhcdn.com/latest/FtrIcon/BagBackpackMountain3.png,Blue,No,2100,525,23,Blue,Blue,1x1,NA,NA,Kicks; Kicks' Co-op,,NA,NA,All Year,All Year,Free,Active,Active,outdoorsy; sporty,4,No,For sale,1.0.0,Yes,BagBackpackMountain3,994,11973,vvEqA5aMBGyycpQFz
faux-fur bag,https://acnhcdn.com/latest/ClosetIcon/BagShoulderFakefur0.png,https://acnhcdn.com/latest/FtrIcon/BagShoulderFakefur0.png,Pink,No,1400,350,23,Pink,Yellow,1x1,NA,NA,Kicks; Kicks' Co-op,,NA,NA,All Year,All Year,Free,Cute,Gorgeous,formal; party,1,No,For sale,1.0.0,Yes,BagShoulderFakefur0,968,7480,FyneYzGmHW7SyoHn7
faux-fur bag,https://acnhcdn.com/latest/ClosetIcon/BagShoulderFakefur1.png,https://acnhcdn.com/latest/FtrIcon/BagShoulderFakefur1.png,Purple,No,1400,350,23,Purple,Yellow,1x1,NA,NA,Kicks; Kicks' Co-op,,NA,NA,All Year,All Year,Free,Cute,Gorgeous,formal; party,2,No,For sale,1.0.0,Yes,BagShoulderFakefur1,968,12003,gH3fn5rkmCrekWoJB
fish pochette,https://acnhcdn.com/latest/ClosetIcon/BagShoulderFish0.png,https://acnhcdn.com/latest/FtrIcon/BagShoulderFish0.png,NA,No,NFS,210,501,Aqua,Blue,1x1,NA,NA,C.J.,,Fishing Tourney (Spring); Fishing Tourney (Summer); Fishing Tourney (Fall); Fishing Tourney (Winter),Yes,All Year,All Year,Free,Cute,Cute,everyday; vacation,1,No,Not for sale,1.0.0,Yes,BagShoulderFish0,965,7477,CrFcdF3rXiaiiajEB
fish-print eco bag,NA,https://acnhcdn.com/latest/FtrIcon/ToolBagEcofish0.png,NA,No,840,210,23,Aqua,Blue,1x1,NA,NA,Kicks; Kicks' Co-op,,NA,NA,All Year,All Year,Free,Simple,Active,everyday,1,No,For sale,2.0.0,Yes,ToolBagEcofish0,1518,14812,RscrhCWf5CvRDEnai
flower-print eco bag,NA,https://acnhcdn.com/latest/FtrIcon/ToolBagEcoflower0.png,NA,No,840,210,23,Green,Pink,1x1,NA,NA,Kicks; Kicks' Co-op,,NA,NA,All Year,All Year,Free,Simple,Active,everyday,1,No,For sale,2.0.0,Yes,ToolBagEcoflower0,1520,14814,BAedK8v5HuLFKfJy5
foldover-top backpack,https://acnhcdn.com/latest/ClosetIcon/BagBackpackLid2.png,https://acnhcdn.com/latest/FtrIcon/BagBackpackLid2.png,Gray,No,1300,325,23,Gray,White,1x1,NA,NA,Kicks; Kicks' Co-op,,NA,NA,All Year,All Year,Free,Active,Simple,outdoorsy; sporty,1,No,For sale,1.0.0,Yes,BagBackpackLid2,996,12017,Z8WFCNZodHtW2DBPB
foldover-top backpack,https://acnhcdn.com/latest/ClosetIcon/BagBackpackLid3.png,https://acnhcdn.com/latest/FtrIcon/BagBackpackLid3.png,Pink,No,1300,325,23,Pink,Purple,1x1,NA,NA,Kicks; Kicks' Co-op,,NA,NA,All Year,All Year,Free,Active,Simple,outdoorsy; sporty,2,No,For sale,1.0.0,Yes,BagBackpackLid3,996,12018,nD9TYBr8sw4rhLAyG
foldover-top backpack,https://acnhcdn.com/latest/ClosetIcon/BagBackpackLid0.png,https://acnhcdn.com/latest/FtrIcon/BagBackpackLid0.png,Green,No,1300,325,23,Green,Beige,1x1,NA,NA,Kicks; Kicks' Co-op,,NA,NA,All Year,All Year,Free,Active,Simple,outdoorsy; sporty,3,No,For sale,1.0.0,Yes,BagBackpackLid0,996,7507,nkXJ2eRThdt4vEpFb
foldover-top backpack,https://acnhcdn.com/latest/ClosetIcon/BagBackpackLid1.png,https://acnhcdn.com/latest/FtrIcon/BagBackpackLid1.png,Blue,No,1300,325,23,Blue,Aqua,1x1,NA,NA,Kicks; Kicks' Co-op,,NA,NA,All Year,All Year,Free,Active,Simple,outdoorsy; sporty,4,No,For sale,1.0.0,Yes,BagBackpackLid1,996,12016,M8i2DNwxgXKWADAtW
furoshiki bag,NA,https://acnhcdn.com/latest/FtrIcon/ToolBagFuroshiki0.png,Green,No,880,220,23,Green,White,1x1,NA,NA,Kicks; Kicks' Co-op,,NA,NA,All Year,All Year,Free,Simple,Simple,everyday,1,No,For sale,2.0.0,Yes,ToolBagFuroshiki0,1506,14788,td2wyyAvEKwKfCrZv
furoshiki bag,NA,https://acnhcdn.com/latest/FtrIcon/ToolBagFuroshiki4.png,White,No,880,220,23,White,Green,1x1,NA,NA,Kicks; Kicks' Co-op,,NA,NA,All Year,All Year,Free,Simple,Simple,everyday,2,No,For sale,2.0.0,Yes,ToolBagFuroshiki4,1506,559,MvqQF3sRB3GdHdPfK
furoshiki bag,NA,https://acnhcdn.com/latest/FtrIcon/ToolBagFuroshiki3.png,Red,No,880,220,23,Red,White,1x1,NA,NA,Kicks; Kicks' Co-op,,NA,NA,All Year,All Year,Free,Simple,Simple,everyday,3,No,For sale,2.0.0,Yes,ToolBagFuroshiki3,1506,558,boBJzJaghhDEWiGWM
furoshiki bag,NA,https://acnhcdn.com/latest/FtrIcon/ToolBagFuroshiki2.png,Purple,No,880,220,23,Purple,White,1x1,NA,NA,Kicks; Kicks' Co-op,,NA,NA,All Year,All Year,Free,Simple,Simple,everyday,4,No,For sale,2.0.0,Yes,ToolBagFuroshiki2,1506,557,HHbiZTGsShYYzTmNe
furoshiki bag,NA,https://acnhcdn.com/latest/FtrIcon/ToolBagFuroshiki1.png,Blue,No,880,220,23,Blue,White,1x1,NA,NA,Kicks; Kicks' Co-op,,NA,NA,All Year,All Year,Free,Simple,Simple,everyday,5,No,For sale,2.0.0,Yes,ToolBagFuroshiki1,1506,556,m8WYKKKvAr2LYjrPQ
furoshiki bag,NA,https://acnhcdn.com/latest/FtrIcon/ToolBagFuroshiki5.png,Gold,No,880,220,23,Yellow,Yellow,1x1,NA,NA,Kicks; Kicks' Co-op,,NA,NA,All Year,All Year,Free,Simple,Simple,everyday,6,No,For sale,2.0.0,Yes,ToolBagFuroshiki5,1506,560,HhkZdM86Ph5yTe3Go
grape-harvest basket,https://acnhcdn.com/latest/ClosetIcon/BagBackpackHarvest0.png,https://acnhcdn.com/latest/FtrIcon/BagBackpackHarvest0.png,NA,No,800,200,201,Brown,Purple,1x1,NA,NA,Nook Shopping Seasonal,,Grape Harvest Festival,Yes,All Year,All Year,Free,Simple,Active,everyday; fairy tale; outdoorsy; party,1,No,Seasonal,1.4.0,Yes,BagBackpackHarvest0,1233,12797,w3sCtnjHaNJwLD3vk
gumdrop shoulder bag,https://acnhcdn.com/latest/ClosetIcon/BagShoulderPattern0.png,https://acnhcdn.com/latest/FtrIcon/BagShoulderPattern0.png,Pop,No,2000,500,23,Pink,Green,1x1,NA,NA,Kicks; Kicks' Co-op,,NA,NA,All Year,All Year,Free,Simple,Cute,everyday; comfy,1,No,For sale,1.0.0,Yes,BagShoulderPattern0,974,7486,mQZCwxcr6z3hq5Dgm
gumdrop shoulder bag,https://acnhcdn.com/latest/ClosetIcon/BagShoulderPattern1.png,https://acnhcdn.com/latest/FtrIcon/BagShoulderPattern1.png,Cool,No,2000,500,23,Purple,Aqua,1x1,NA,NA,Kicks; Kicks' Co-op,,NA,NA,All Year,All Year,Free,Simple,Cute,everyday; comfy,2,No,For sale,1.0.0,Yes,BagShoulderPattern1,974,12012,JxHQbqWH73Q3GYKT8
hand-knit pouch,https://acnhcdn.com/latest/ClosetIcon/BagShoulderRace0.png,https://acnhcdn.com/latest/FtrIcon/BagShoulderRace0.png,Green,No,1250,312,23,Green,Green,1x1,NA,NA,Kicks; Kicks' Co-op,,NA,NA,All Year,All Year,Free,Elegant,Simple,vacation,1,No,For sale,1.0.0,Yes,BagShoulderRace0,970,7482,taTKqY3xif2LhShrf
hand-knit pouch,https://acnhcdn.com/latest/ClosetIcon/BagShoulderRace1.png,https://acnhcdn.com/latest/FtrIcon/BagShoulderRace1.png,Purple,No,1250,312,23,Purple,Purple,1x1,NA,NA,Kicks; Kicks' Co-op,,NA,NA,All Year,All Year,Free,Elegant,Simple,vacation,2,No,For sale,1.0.0,Yes,BagShoulderRace1,970,12004,GLLrMeJCPd8Xn7fdr
hard-shell backpack,https://acnhcdn.com/latest/ClosetIcon/BagBackpackHardshell2.png,https://acnhcdn.com/latest/FtrIcon/BagBackpackHardshell2.png,Silver,No,1680,420,23,Gray,Black,1x1,NA,NA,Kicks; Kicks' Co-op,,NA,NA,All Year,All Year,Free,Cool,Active,outdoorsy; work,1,No,For sale,1.0.0,Yes,BagBackpackHardshell2,1001,11946,yxnDx8JQqzZDM66oR
hard-shell backpack,https://acnhcdn.com/latest/ClosetIcon/BagBackpackHardshell1.png,https://acnhcdn.com/latest/FtrIcon/BagBackpackHardshell1.png,Red,No,1680,420,23,Red,Black,1x1,NA,NA,Kicks; Kicks' Co-op,,NA,NA,All Year,All Year,Free,Cool,Active,outdoorsy; work,2,No,For sale,1.0.0,Yes,BagBackpackHardshell1,1001,10184,qdP3rmZ7P7HgA2cin
hard-shell backpack,https://acnhcdn.com/latest/ClosetIcon/BagBackpackHardshell0.png,https://acnhcdn.com/latest/FtrIcon/BagBackpackHardshell0.png,Blue,No,1680,420,23,Blue,Black,1x1,NA,NA,Kicks; Kicks' Co-op,,NA,NA,All Year,All Year,Free,Cool,Active,outdoorsy; work,3,No,For sale,1.0.0,Yes,BagBackpackHardshell0,1001,7512,LETQjE3yFDKze4ntv
impish wings,https://acnhcdn.com/latest/ClosetIcon/BagBackpackHalloween2.png,https://acnhcdn.com/latest/FtrIcon/BagBackpackHalloween2.png,White,No,1000,250,23,White,White,1x1,NA,NA,Kicks,,Halloween (days before); Halloween,No,All Year,All Year,Free,Cool,Cool,fairy tale; goth; party,1,No,For sale,1.5.0,Yes,BagBackpackHalloween2,1268,13409,CcDoJoDqXaXyMYBEx
impish wings,https://acnhcdn.com/latest/ClosetIcon/BagBackpackHalloween5.png,https://acnhcdn.com/latest/FtrIcon/BagBackpackHalloween5.png,Black,No,1000,250,23,Black,Black,1x1,NA,NA,Kicks,,Halloween (days before); Halloween,No,All Year,All Year,Free,Cool,Cool,fairy tale; goth; party,2,No,For sale,1.5.0,Yes,BagBackpackHalloween5,1268,13412,8v2gEqEZYuMibTdvv
impish wings,https://acnhcdn.com/latest/ClosetIcon/BagBackpackHalloween4.png,https://acnhcdn.com/latest/FtrIcon/BagBackpackHalloween4.png,Red,No,1000,250,23,Red,Red,1x1,NA,NA,Kicks,,Halloween (days before); Halloween,No,All Year,All Year,Free,Cool,Cool,fairy tale; goth; party,3,No,For sale,1.5.0,Yes,BagBackpackHalloween4,1268,13411,FZZmBDBcsCn9cx29J
impish wings,https://acnhcdn.com/latest/ClosetIcon/BagBackpackHalloween0.png,https://acnhcdn.com/latest/FtrIcon/BagBackpackHalloween0.png,Orange,No,1000,250,23,Orange,Orange,1x1,NA,NA,Kicks,,Halloween (days before); Halloween,No,All Year,All Year,Free,Cool,Cool,fairy tale; goth; party,4,No,For sale,1.5.0,Yes,BagBackpackHalloween0,1268,13015,N5Ydq8EZ3TTsKv34c
impish wings,https://acnhcdn.com/latest/ClosetIcon/BagBackpackHalloween3.png,https://acnhcdn.com/latest/FtrIcon/BagBackpackHalloween3.png,Green,No,1000,250,23,Green,Green,1x1,NA,NA,Kicks,,Halloween (days before); Halloween,No,All Year,All Year,Free,Cool,Cool,fairy tale; goth; party,5,No,For sale,1.5.0,Yes,BagBackpackHalloween3,1268,13410,spWkjYsT4mKfBijAz
impish wings,https://acnhcdn.com/latest/ClosetIcon/BagBackpackHalloween1.png,https://acnhcdn.com/latest/FtrIcon/BagBackpackHalloween1.png,Purple,No,1000,250,23,Purple,Purple,1x1,NA,NA,Kicks,,Halloween (days before); Halloween,No,All Year,All Year,Free,Cool,Cool,fairy tale; goth; party,6,No,For sale,1.5.0,Yes,BagBackpackHalloween1,1268,13408,BqyY8XSWSswej9Lap
instrument case,https://acnhcdn.com/latest/ClosetIcon/BagBackpackMusician0.png,https://acnhcdn.com/latest/FtrIcon/BagBackpackMusician0.png,Black,No,3200,800,23,Black,Black,1x1,NA,NA,Kicks; Kicks' Co-op,,NA,NA,All Year,All Year,Free,Simple,Elegant,everyday; theatrical,1,No,For sale,2.0.0,Yes,BagBackpackMusician0,1457,14784,AaKYwCqYye3LTXJ6M
instrument case,https://acnhcdn.com/latest/ClosetIcon/BagBackpackMusician1.png,https://acnhcdn.com/latest/FtrIcon/BagBackpackMusician1.png,White,No,3200,800,23,White,Black,1x1,NA,NA,Kicks; Kicks' Co-op,,NA,NA,All Year,All Year,Free,Simple,Elegant,everyday; theatrical,2,No,For sale,2.0.0,Yes,BagBackpackMusician1,1457,348,mRrSwn8HihAiaeAxJ
instrument case,https://acnhcdn.com/latest/ClosetIcon/BagBackpackMusician3.png,https://acnhcdn.com/latest/FtrIcon/BagBackpackMusician3.png,Red,No,3200,800,23,Red,Black,1x1,NA,NA,Kicks; Kicks' Co-op,,NA,NA,All Year,All Year,Free,Simple,Elegant,everyday; theatrical,3,No,For sale,2.0.0,Yes,BagBackpackMusician3,1457,350,Q5ApP3fGfrB5Zs7F2
instrument case,https://acnhcdn.com/latest/ClosetIcon/BagBackpackMusician4.png,https://acnhcdn.com/latest/FtrIcon/BagBackpackMusician4.png,Pink,No,3200,800,23,Pink,Black,1x1,NA,NA,Kicks; Kicks' Co-op,,NA,NA,All Year,All Year,Free,Simple,Elegant,everyday; theatrical,4,No,For sale,2.0.0,Yes,BagBackpackMusician4,1457,351,HeMTPYQBwfAggepGG
instrument case,https://acnhcdn.com/latest/ClosetIcon/BagBackpackMusician2.png,https://acnhcdn.com/latest/FtrIcon/BagBackpackMusician2.png,Blue,No,3200,800,23,Blue,Black,1x1,NA,NA,Kicks; Kicks' Co-op,,NA,NA,All Year,All Year,Free,Simple,Elegant,everyday; theatrical,5,No,For sale,2.0.0,Yes,BagBackpackMusician2,1457,349,iYGukvfoTnFPytbwJ
jet pack,https://acnhcdn.com/latest/ClosetIcon/BagBackpackJet0.png,https://acnhcdn.com/latest/FtrIcon/BagBackpackJet0.png,Gray,No,12000,3000,23,Gray,Aqua,1x1,NA,NA,Kicks; Kicks' Co-op,,NA,NA,All Year,All Year,Free,Cool,Cool,everyday; work,1,No,For sale,2.0.0,Yes,BagBackpackJet0,1470,14823,ApcpKi5k7KNHhE8NE
jet pack,https://acnhcdn.com/latest/ClosetIcon/BagBackpackJet1.png,https://acnhcdn.com/latest/FtrIcon/BagBackpackJet1.png,Black,No,12000,3000,23,Black,Red,1x1,NA,NA,Kicks; Kicks' Co-op,,NA,NA,All Year,All Year,Free,Cool,Cool,everyday; work,2,No,For sale,2.0.0,Yes,BagBackpackJet1,1470,581,xgMWqfXbs2YEFci2c
jet pack,https://acnhcdn.com/latest/ClosetIcon/BagBackpackJet2.png,https://acnhcdn.com/latest/FtrIcon/BagBackpackJet2.png,White,No,12000,3000,23,White,Green,1x1,NA,NA,Kicks; Kicks' Co-op,,NA,NA,All Year,All Year,Free,Cool,Cool,everyday; work,3,No,For sale,2.0.0,Yes,BagBackpackJet2,1470,589,yptTpkTmiziQm6eFo
knapsack,https://acnhcdn.com/latest/ClosetIcon/BagBackpackKnapsack1.png,https://acnhcdn.com/latest/FtrIcon/BagBackpackKnapsack1.png,Black,No,630,157,23,Black,Black,1x1,NA,NA,Kicks; Kicks' Co-op,,NA,NA,All Year,All Year,Free,Active,Simple,everyday; outdoorsy; sporty,1,No,For sale,1.0.0,Yes,BagBackpackKnapsack1,997,12019,Fx4M2zpFTWGww54rw
knapsack,https://acnhcdn.com/latest/ClosetIcon/BagBackpackKnapsack0.png,https://acnhcdn.com/latest/FtrIcon/BagBackpackKnapsack0.png,Blue,No,630,157,23,Blue,Black,1x1,NA,NA,Kicks; Kicks' Co-op,,NA,NA,All Year,All Year,Free,Active,Simple,everyday; outdoorsy; sporty,2,No,For sale,1.0.0,Yes,BagBackpackKnapsack0,997,7508,XbKqQChpAJXng37Mr
knitted-grass backpack,https://acnhcdn.com/latest/ClosetIcon/BagBackpackGrass0.png,https://acnhcdn.com/latest/FtrIcon/BagBackpackGrass0.png,NA,Yes,NFS,400,103,Green,Brown,1x1,NA,NA,Crafting,,NA,NA,All Year,All Year,Free,Elegant,Simple,outdoorsy; comfy; vacation,1,No,Not for sale,1.0.0,Yes,BagBackpackGrass0,1000,7511,xM5iaYn4gbZoR94Qm
leopard-print backpack,https://acnhcdn.com/latest/ClosetIcon/BagBackpackTownLeopard0.png,https://acnhcdn.com/latest/FtrIcon/BagBackpackTownLeopard0.png,Brown,No,1680,420,23,Brown,Brown,1x1,NA,NA,Kicks; Kicks' Co-op,,NA,NA,All Year,All Year,Free,Simple,Active,everyday,1,No,For sale,2.0.0,Yes,BagBackpackTownLeopard0,1477,14839,YJu7XMsgEYHbjNspM
leopard-print backpack,https://acnhcdn.com/latest/ClosetIcon/BagBackpackTownLeopard1.png,https://acnhcdn.com/latest/FtrIcon/BagBackpackTownLeopard1.png,Blue,No,1680,420,23,Gray,Black,1x1,NA,NA,Kicks; Kicks' Co-op,,NA,NA,All Year,All Year,Free,Simple,Active,everyday,2,No,For sale,2.0.0,Yes,BagBackpackTownLeopard1,1477,680,Fu6qbBYTgJ8pvn6Tj
leopard-print backpack,https://acnhcdn.com/latest/ClosetIcon/BagBackpackTownLeopard2.png,https://acnhcdn.com/latest/FtrIcon/BagBackpackTownLeopard2.png,Pink,No,1680,420,23,Pink,Red,1x1,NA,NA,Kicks; Kicks' Co-op,,NA,NA,All Year,All Year,Free,Simple,Active,everyday,3,No,For sale,2.0.0,Yes,BagBackpackTownLeopard2,1477,681,WWwP55fJkgmz7kKBA
leopard-print backpack,https://acnhcdn.com/latest/ClosetIcon/BagBackpackTownLeopard3.png,https://acnhcdn.com/latest/FtrIcon/BagBackpackTownLeopard3.png,Yellow,No,1680,420,23,Yellow,Orange,1x1,NA,NA,Kicks; Kicks' Co-op,,NA,NA,All Year,All Year,Free,Simple,Active,everyday,4,No,For sale,2.0.0,Yes,BagBackpackTownLeopard3,1477,684,2LPTCEmfSkEoT3fBC
log pack,https://acnhcdn.com/latest/ClosetIcon/BagBackpackWood0.png,https://acnhcdn.com/latest/FtrIcon/BagBackpackWood0.png,NA,Yes,NFS,960,103,Brown,Beige,1x1,NA,NA,Crafting,,NA,NA,All Year,All Year,Free,Simple,Simple,fairy tale; outdoorsy; work,1,No,Not for sale,1.0.0,Yes,BagBackpackWood0,987,7498,rDDM48hSfsSbcp92u
logo paper bag,NA,https://acnhcdn.com/latest/FtrIcon/ToolBagPaper0.png,Green,No,600,150,23,Beige,Green,1x1,NA,NA,Kicks; Kicks' Co-op,,NA,NA,All Year,All Year,Free,Simple,Simple,everyday,1,No,For sale,2.0.0,Yes,ToolBagPaper0,1508,14790,mChGTKJrJqxkRa66G
logo paper bag,NA,https://acnhcdn.com/latest/FtrIcon/ToolBagPaper1.png,Red,No,600,150,23,Beige,Red,1x1,NA,NA,Kicks; Kicks' Co-op,,NA,NA,All Year,All Year,Free,Simple,Simple,everyday,2,No,For sale,2.0.0,Yes,ToolBagPaper1,1508,297,9SGp2QBxdnaimbyRR
logo paper bag,NA,https://acnhcdn.com/latest/FtrIcon/ToolBagPaper2.png,White,No,600,150,23,Beige,White,1x1,NA,NA,Kicks; Kicks' Co-op,,NA,NA,All Year,All Year,Free,Simple,Simple,everyday,3,No,For sale,2.0.0,Yes,ToolBagPaper2,1508,299,BXPAjZrCmnXCZ9A7X
logo tote bag,NA,https://acnhcdn.com/latest/FtrIcon/ToolBagTotelogo0.png,Gray,No,980,245,23,Gray,White,1x1,NA,NA,Kicks; Kicks' Co-op,,NA,NA,All Year,All Year,Free,Simple,Simple,everyday,1,No,For sale,2.0.0,Yes,ToolBagTotelogo0,1516,14857,Aphtjjfeg8wRXbSeH
logo tote bag,NA,https://acnhcdn.com/latest/FtrIcon/ToolBagTotelogo1.png,Red,No,980,245,23,Red,White,1x1,NA,NA,Kicks; Kicks' Co-op,,NA,NA,All Year,All Year,Free,Simple,Simple,everyday,2,No,For sale,2.0.0,Yes,ToolBagTotelogo1,1516,365,Q9ADsNb6Tn4gQjkJG
logo tote bag,NA,https://acnhcdn.com/latest/FtrIcon/ToolBagTotelogo2.png,Navy blue,No,980,245,23,Blue,White,1x1,NA,NA,Kicks; Kicks' Co-op,,NA,NA,All Year,All Year,Free,Simple,Simple,everyday,3,No,For sale,2.0.0,Yes,ToolBagTotelogo2,1516,366,7Yxsk5TnqAR27QQHK
maple-leaf pochette,https://acnhcdn.com/latest/ClosetIcon/BagShoulderMaple0.png,https://acnhcdn.com/latest/FtrIcon/BagShoulderMaple0.png,NA,Yes,NFS,2400,201,Orange,Orange,1x1,NA,NA,Crafting,,maple leaves,Yes,All Year,All Year,Free,Simple,Cute,fairy tale,1,No,Not for sale,1.0.0,Yes,BagShoulderMaple0,979,7491,HJDH4dCPMQY9qQanL
messenger bag,https://acnhcdn.com/latest/ClosetIcon/BagShoulderMessenger2.png,https://acnhcdn.com/latest/FtrIcon/BagShoulderMessenger2.png,Black,No,840,210,23,Black,Black,1x1,NA,NA,Kicks; Kicks' Co-op,,NA,NA,All Year,All Year,Free,Simple,Active,everyday; outdoorsy; sporty,1,No,For sale,1.0.0,Yes,BagShoulderMessenger2,962,11979,ZuwiM4DzJF5Rsg46x
messenger bag,https://acnhcdn.com/latest/ClosetIcon/BagShoulderMessenger1.png,https://acnhcdn.com/latest/FtrIcon/BagShoulderMessenger1.png,Orange,No,840,210,23,Orange,Black,1x1,NA,NA,Kicks; Kicks' Co-op,,NA,NA,All Year,All Year,Free,Simple,Active,everyday; outdoorsy; sporty,2,No,For sale,1.0.0,Yes,BagShoulderMessenger1,962,11978,sgxnCe87EdtdoKved
messenger bag,https://acnhcdn.com/latest/ClosetIcon/BagShoulderMessenger0.png,https://acnhcdn.com/latest/FtrIcon/BagShoulderMessenger0.png,Green,No,840,210,23,Green,Black,1x1,NA,NA,Kicks; Kicks' Co-op,,NA,NA,All Year,All Year,Free,Simple,Active,everyday; outdoorsy; sporty,3,No,For sale,1.0.0,Yes,BagShoulderMessenger0,962,7470,7mPZ9PnTd46r65DXx
mini pleather bag,https://acnhcdn.com/latest/ClosetIcon/BagBackpackSmall0.png,https://acnhcdn.com/latest/FtrIcon/BagBackpackSmall0.png,White,No,1600,400,23,White,White,1x1,NA,NA,Kicks; Kicks' Co-op,,NA,NA,All Year,All Year,Free,Elegant,Elegant,everyday; formal; party,1,No,For sale,1.0.0,Yes,BagBackpackSmall0,993,7504,FyrYDDhzABDegtZ6n
mini pleather bag,https://acnhcdn.com/latest/ClosetIcon/BagBackpackSmall1.png,https://acnhcdn.com/latest/FtrIcon/BagBackpackSmall1.png,Black,No,1600,400,23,Black,Black,1x1,NA,NA,Kicks; Kicks' Co-op,,NA,NA,All Year,All Year,Free,Elegant,Elegant,everyday; formal; party,2,No,For sale,1.0.0,Yes,BagBackpackSmall1,993,12015,hYJk97FFi4zJGQ5cH
Mom's knapsack,https://acnhcdn.com/latest/ClosetIcon/BagBackpackQuilt6.png,https://acnhcdn.com/latest/FtrIcon/BagBackpackQuilt6.png,Forest print,No,NFS,175,365,White,Beige,1x1,NA,NA,Mom,Received in May in the Northern Hemisphere and received in November in the Southern Hemisphere,NA,NA,All Year,All Year,Free,Cute,Active,comfy,1,No,Not for sale,1.0.0,Yes,BagBackpackQuilt6,999,12153,E3XrB5LbBTu795xbM
Mom's knapsack,https://acnhcdn.com/latest/ClosetIcon/BagBackpackQuilt1.png,https://acnhcdn.com/latest/FtrIcon/BagBackpackQuilt1.png,Flowers,No,NFS,175,365,Gray,Beige,1x1,NA,NA,Mom,Received in May in the Northern Hemisphere and received in November in the Southern Hemisphere,NA,NA,All Year,All Year,Free,Cute,Active,comfy,2,No,Not for sale,1.0.0,Yes,BagBackpackQuilt1,999,12148,gqy4s4zFowLbNKTd2
Mom's knapsack,https://acnhcdn.com/latest/ClosetIcon/BagBackpackQuilt2.png,https://acnhcdn.com/latest/FtrIcon/BagBackpackQuilt2.png,Polka dots,No,NFS,175,365,Pink,Beige,1x1,NA,NA,Mom,Received in May in the Northern Hemisphere and received in November in the Southern Hemisphere,NA,NA,All Year,All Year,Free,Cute,Active,comfy,3,No,Not for sale,1.0.0,Yes,BagBackpackQuilt2,999,12149,Hkju8Bjb8Kaamsu3j
Mom's knapsack,https://acnhcdn.com/latest/ClosetIcon/BagBackpackQuilt7.png,https://acnhcdn.com/latest/FtrIcon/BagBackpackQuilt7.png,Chick,No,NFS,175,365,Orange,Beige,1x1,NA,NA,Mom,Received in May in the Northern Hemisphere and received in November in the Southern Hemisphere,NA,NA,All Year,All Year,Free,Cute,Active,comfy,4,No,Not for sale,1.0.0,Yes,BagBackpackQuilt7,999,12154,jCi92aiMtZB92idfQ
Mom's knapsack,https://acnhcdn.com/latest/ClosetIcon/BagBackpackQuilt0.png,https://acnhcdn.com/latest/FtrIcon/BagBackpackQuilt0.png,M,No,NFS,175,365,Yellow,Beige,1x1,NA,NA,Mom,Received in May in the Northern Hemisphere and received in November in the Southern Hemisphere,NA,NA,All Year,All Year,Free,Cute,Active,comfy,5,No,Not for sale,1.0.0,Yes,BagBackpackQuilt0,999,7510,szhWnj6jpymTsKce8
Mom's knapsack,https://acnhcdn.com/latest/ClosetIcon/BagBackpackQuilt4.png,https://acnhcdn.com/latest/FtrIcon/BagBackpackQuilt4.png,Cherries,No,NFS,175,365,Aqua,Beige,1x1,NA,NA,Mom,Received in May in the Northern Hemisphere and received in November in the Southern Hemisphere,NA,NA,All Year,All Year,Free,Cute,Active,comfy,6,No,Not for sale,1.0.0,Yes,BagBackpackQuilt4,999,12151,46PX3NMjAdrNiRQXb
Mom's knapsack,https://acnhcdn.com/latest/ClosetIcon/BagBackpackQuilt5.png,https://acnhcdn.com/latest/FtrIcon/BagBackpackQuilt5.png,Denim with stripes,No,NFS,175,365,Blue,Beige,1x1,NA,NA,Mom,Received in May in the Northern Hemisphere and received in November in the Southern Hemisphere,NA,NA,All Year,All Year,Free,Cute,Active,comfy,7,No,Not for sale,1.0.0,Yes,BagBackpackQuilt5,999,12152,hj8ixCKXNWBnGZSrw
Mom's knapsack,https://acnhcdn.com/latest/ClosetIcon/BagBackpackQuilt3.png,https://acnhcdn.com/latest/FtrIcon/BagBackpackQuilt3.png,Colorful quilt design,No,NFS,175,365,Colorful,Beige,1x1,NA,NA,Mom,Received in May in the Northern Hemisphere and received in November in the Southern Hemisphere,NA,NA,All Year,All Year,Free,Cute,Active,comfy,8,No,Not for sale,1.0.0,Yes,BagBackpackQuilt3,999,12150,6uKkNZRz7E8gkSiBF
Nook Inc. knapsack,https://acnhcdn.com/latest/ClosetIcon/BagBackpackNook0.png,https://acnhcdn.com/latest/FtrIcon/BagBackpackNook0.png,NA,No,NFS,4000,151,Brown,Yellow,1x1,800,Nook Miles,Nook Miles Redemption,,NA,NA,All Year,All Year,Free,Gorgeous,Active,everyday,1,No,Not for sale,1.0.0,Yes,BagBackpackNook0,1150,9761,zQh6chGG66h4f5JbX
Nook Inc. pochette,https://acnhcdn.com/latest/ClosetIcon/BagShoulderNook0.png,https://acnhcdn.com/latest/FtrIcon/BagShoulderNook0.png,NA,No,NFS,400,431,Green,Green,1x1,50,Nook Points,NookLink,Mailed to players once ordered from NookLink within the Nintendo Switch Online app,NA,NA,All Year,All Year,Free,Cute,Simple,everyday; fairy tale,1,No,Not for sale,2.0.0,Yes,BagShoulderNook0,1425,14543,Q3YH8FDKSRfMYmW49
outdoor backpack,https://acnhcdn.com/latest/ClosetIcon/BagBackpackOutdoor1.png,https://acnhcdn.com/latest/FtrIcon/BagBackpackOutdoor1.png,Orange,No,1560,390,23,Orange,Black,1x1,NA,NA,Kicks; Kicks' Co-op,,NA,NA,All Year,All Year,Free,Active,Simple,outdoorsy; sporty,1,No,For sale,1.0.0,Yes,BagBackpackOutdoor1,990,11969,hiF7bqmoudyFJPcWG
outdoor backpack,https://acnhcdn.com/latest/ClosetIcon/BagBackpackOutdoor0.png,https://acnhcdn.com/latest/FtrIcon/BagBackpackOutdoor0.png,Avocado,No,1560,390,23,Green,Black,1x1,NA,NA,Kicks; Kicks' Co-op,,NA,NA,All Year,All Year,Free,Active,Simple,outdoorsy; sporty,2,No,For sale,1.0.0,Yes,BagBackpackOutdoor0,990,7501,CAsQFPPeo3vBGpHSo
outdoor backpack,https://acnhcdn.com/latest/ClosetIcon/BagBackpackOutdoor2.png,https://acnhcdn.com/latest/FtrIcon/BagBackpackOutdoor2.png,Navy blue,No,1560,390,23,Blue,Black,1x1,NA,NA,Kicks; Kicks' Co-op,,NA,NA,All Year,All Year,Free,Active,Simple,outdoorsy; sporty,3,No,For sale,1.0.0,Yes,BagBackpackOutdoor2,990,11970,qd8DJb8mX5zhewgyn
panda backpack,https://acnhcdn.com/latest/ClosetIcon/BagBackpackPanda0.png,https://acnhcdn.com/latest/FtrIcon/BagBackpackPanda0.png,Black & white,No,1300,325,23,White,Black,1x1,NA,NA,Kicks; Kicks' Co-op,,NA,NA,All Year,All Year,Free,Cute,Cute,everyday; fairy tale,1,No,For sale,2.0.0,Yes,BagBackpackPanda0,1473,14830,to5pzsNMWSdSBqdqG
panda backpack,https://acnhcdn.com/latest/ClosetIcon/BagBackpackPanda1.png,https://acnhcdn.com/latest/FtrIcon/BagBackpackPanda1.png,Brown,No,1300,325,23,Yellow,Brown,1x1,NA,NA,Kicks; Kicks' Co-op,,NA,NA,All Year,All Year,Free,Cute,Cute,everyday; fairy tale,2,No,For sale,2.0.0,Yes,BagBackpackPanda1,1473,720,ASduP7XRxy8AWFf2D
pleather crossbody bag,https://acnhcdn.com/latest/ClosetIcon/BagBackpackBodybag1.png,https://acnhcdn.com/latest/FtrIcon/BagBackpackBodybag1.png,Black,No,1120,280,23,Black,White,1x1,NA,NA,Kicks; Kicks' Co-op,,NA,NA,All Year,All Year,Free,Cool,Simple,everyday; work,1,No,For sale,1.0.0,Yes,BagBackpackBodybag1,972,12005,QDPYGrpFNNir49uBe
pleather crossbody bag,https://acnhcdn.com/latest/ClosetIcon/BagBackpackBodybag0.png,https://acnhcdn.com/latest/FtrIcon/BagBackpackBodybag0.png,Navy blue,No,1120,280,23,Blue,Brown,1x1,NA,NA,Kicks; Kicks' Co-op,,NA,NA,All Year,All Year,Free,Cool,Simple,everyday; work,2,No,For sale,1.0.0,Yes,BagBackpackBodybag0,972,7484,YQD8XMuvDbymAeKxt
pleather fringe bag,https://acnhcdn.com/latest/ClosetIcon/BagShoulderFringe1.png,https://acnhcdn.com/latest/FtrIcon/BagShoulderFringe1.png,White,No,2400,600,23,White,White,1x1,NA,NA,Kicks; Kicks' Co-op,,NA,NA,All Year,All Year,Free,Elegant,Elegant,everyday; formal; party,1,No,For sale,1.0.0,Yes,BagShoulderFringe1,969,12010,fiM98m9CGgi6iATkQ
pleather fringe bag,https://acnhcdn.com/latest/ClosetIcon/BagShoulderFringe0.png,https://acnhcdn.com/latest/FtrIcon/BagShoulderFringe0.png,Camel,No,2400,600,23,Brown,Brown,1x1,NA,NA,Kicks; Kicks' Co-op,,NA,NA,All Year,All Year,Free,Elegant,Elegant,everyday; formal; party,2,No,For sale,1.0.0,Yes,BagShoulderFringe0,969,7481,7RYHreaA7o9huubNu
pleather handbag,NA,https://acnhcdn.com/latest/FtrIcon/ToolBagLeather0.png,Red,No,2400,600,23,Red,Red,1x1,NA,NA,Kicks; Kicks' Co-op,,NA,NA,All Year,All Year,Free,Gorgeous,Elegant,formal; party; work,1,No,For sale,2.0.0,Yes,ToolBagLeather0,1507,14789,aYEjGMtQ7sT23FTWk
pleather handbag,NA,https://acnhcdn.com/latest/FtrIcon/ToolBagLeather3.png,Pink,No,2400,600,23,Pink,Pink,1x1,NA,NA,Kicks; Kicks' Co-op,,NA,NA,All Year,All Year,Free,Gorgeous,Elegant,formal; party; work,2,No,For sale,2.0.0,Yes,ToolBagLeather3,1507,312,QbexMfsA232FPFLjA
pleather handbag,NA,https://acnhcdn.com/latest/FtrIcon/ToolBagLeather1.png,Orange,No,2400,600,23,Orange,Orange,1x1,NA,NA,Kicks; Kicks' Co-op,,NA,NA,All Year,All Year,Free,Gorgeous,Elegant,formal; party; work,3,No,For sale,2.0.0,Yes,ToolBagLeather1,1507,310,Lp2SAmbYkWqZvZp36
pleather handbag,NA,https://acnhcdn.com/latest/FtrIcon/ToolBagLeather4.png,Yellow,No,2400,600,23,Yellow,Yellow,1x1,NA,NA,Kicks; Kicks' Co-op,,NA,NA,All Year,All Year,Free,Gorgeous,Elegant,formal; party; work,4,No,For sale,2.0.0,Yes,ToolBagLeather4,1507,313,cAjrk2TifJDXjKFG2
pleather handbag,NA,https://acnhcdn.com/latest/FtrIcon/ToolBagLeather2.png,Blue,No,2400,600,23,Aqua,Aqua,1x1,NA,NA,Kicks; Kicks' Co-op,,NA,NA,All Year,All Year,Free,Gorgeous,Elegant,formal; party; work,5,No,For sale,2.0.0,Yes,ToolBagLeather2,1507,311,jhGcppcxqnuGzL8Rv
pleather handbag,NA,https://acnhcdn.com/latest/FtrIcon/ToolBagLeather5.png,Gray,No,2400,600,23,Gray,Gray,1x1,NA,NA,Kicks; Kicks' Co-op,,NA,NA,All Year,All Year,Free,Gorgeous,Elegant,formal; party; work,6,No,For sale,2.0.0,Yes,ToolBagLeather5,1507,314,D6QbZEsb7mtADAGTm
pleather handbag,NA,https://acnhcdn.com/latest/FtrIcon/ToolBagLeather6.png,Black,No,2400,600,23,Black,Black,1x1,NA,NA,Kicks; Kicks' Co-op,,NA,NA,All Year,All Year,Free,Gorgeous,Elegant,formal; party; work,7,No,For sale,2.0.0,Yes,ToolBagLeather6,1507,315,5g476FdByk9eqhuer
pleather shoulder bag,https://acnhcdn.com/latest/ClosetIcon/BagShoulderLeather1.png,https://acnhcdn.com/latest/FtrIcon/BagShoulderLeather1.png,Navy blue,No,2400,600,23,Blue,Blue,1x1,NA,NA,Kicks; Kicks' Co-op,,NA,NA,All Year,All Year,Free,Elegant,Simple,everyday; formal,1,No,For sale,1.0.0,Yes,BagShoulderLeather1,964,12009,ZKgcPhGYErHShMrGR
pleather shoulder bag,https://acnhcdn.com/latest/ClosetIcon/BagShoulderLeather0.png,https://acnhcdn.com/latest/FtrIcon/BagShoulderLeather0.png,Brown,No,2400,600,23,Brown,Brown,1x1,NA,NA,Kicks; Kicks' Co-op,,NA,NA,All Year,All Year,Free,Elegant,Simple,everyday; formal,2,No,For sale,1.0.0,Yes,BagShoulderLeather0,964,7476,9AqRYq83NRMxrEWiD
polka-dot backpack,https://acnhcdn.com/latest/ClosetIcon/BagBackpackTownDot3.png,https://acnhcdn.com/latest/FtrIcon/BagBackpackTownDot3.png,Pink,No,1200,300,23,Red,White,1x1,NA,NA,Kicks; Kicks' Co-op,,NA,NA,All Year,All Year,Free,Simple,Active,everyday,1,No,For sale,2.0.0,Yes,BagBackpackTownDot3,1481,695,NR5n37Afoi2gkBxif
polka-dot backpack,https://acnhcdn.com/latest/ClosetIcon/BagBackpackTownDot0.png,https://acnhcdn.com/latest/FtrIcon/BagBackpackTownDot0.png,Yellow,No,1200,300,23,Yellow,White,1x1,NA,NA,Kicks; Kicks' Co-op,,NA,NA,All Year,All Year,Free,Simple,Active,everyday,2,No,For sale,2.0.0,Yes,BagBackpackTownDot0,1481,14842,HYsnDCWDnPAGDxxgB
polka-dot backpack,https://acnhcdn.com/latest/ClosetIcon/BagBackpackTownDot1.png,https://acnhcdn.com/latest/FtrIcon/BagBackpackTownDot1.png,Lime,No,1200,300,23,Green,White,1x1,NA,NA,Kicks; Kicks' Co-op,,NA,NA,All Year,All Year,Free,Simple,Active,everyday,3,No,For sale,2.0.0,Yes,BagBackpackTownDot1,1481,692,hvjF6KJ34kdwQCS5r
polka-dot backpack,https://acnhcdn.com/latest/ClosetIcon/BagBackpackTownDot2.png,https://acnhcdn.com/latest/FtrIcon/BagBackpackTownDot2.png,Light blue,No,1200,300,23,Aqua,White,1x1,NA,NA,Kicks; Kicks' Co-op,,NA,NA,All Year,All Year,Free,Simple,Active,everyday,4,No,For sale,2.0.0,Yes,BagBackpackTownDot2,1481,694,fufpDHxRBgb9KJSwf
polka-dot backpack,https://acnhcdn.com/latest/ClosetIcon/BagBackpackTownDot4.png,https://acnhcdn.com/latest/FtrIcon/BagBackpackTownDot4.png,Blue,No,1200,300,23,Blue,White,1x1,NA,NA,Kicks; Kicks' Co-op,,NA,NA,All Year,All Year,Free,Simple,Active,everyday,5,No,For sale,2.0.0,Yes,BagBackpackTownDot4,1481,697,jZf4WPzrL9SorEnSY
prom sash,https://acnhcdn.com/latest/ClosetIcon/BagShoulderTasukiprom4.png,https://acnhcdn.com/latest/FtrIcon/BagShoulderTasukiprom4.png,White,No,3500,875,201,White,Yellow,1x1,NA,NA,Nook Shopping Seasonal,,Prom,Yes,All Year,All Year,Free,Gorgeous,Elegant,party; theatrical,1,No,Seasonal,1.9.0,Yes,BagShoulderTasukiprom4,1362,14398,FW8Smcrt8BGxf9Ctd
prom sash,https://acnhcdn.com/latest/ClosetIcon/BagShoulderTasukiprom5.png,https://acnhcdn.com/latest/FtrIcon/BagShoulderTasukiprom5.png,Black,No,3500,875,201,Black,Yellow,1x1,NA,NA,Nook Shopping Seasonal,,Prom,Yes,All Year,All Year,Free,Gorgeous,Elegant,party; theatrical,2,No,Seasonal,1.9.0,Yes,BagShoulderTasukiprom5,1362,14399,9NYe8ov5e89jnZbwX
prom sash,https://acnhcdn.com/latest/ClosetIcon/BagShoulderTasukiprom0.png,https://acnhcdn.com/latest/FtrIcon/BagShoulderTasukiprom0.png,Red,No,3500,875,201,Red,Yellow,1x1,NA,NA,Nook Shopping Seasonal,,Prom,Yes,All Year,All Year,Free,Gorgeous,Elegant,party; theatrical,3,No,Seasonal,1.9.0,Yes,BagShoulderTasukiprom0,1362,14262,nnRZEztbMkE8W2heC
prom sash,https://acnhcdn.com/latest/ClosetIcon/BagShoulderTasukiprom6.png,https://acnhcdn.com/latest/FtrIcon/BagShoulderTasukiprom6.png,Gold,No,3500,875,201,Yellow,Black,1x1,NA,NA,Nook Shopping Seasonal,,Prom,Yes,All Year,All Year,Free,Gorgeous,Elegant,party; theatrical,4,No,Seasonal,1.9.0,Yes,BagShoulderTasukiprom6,1362,14400,cEnSBEPXFjAxYwCSA
prom sash,https://acnhcdn.com/latest/ClosetIcon/BagShoulderTasukiprom2.png,https://acnhcdn.com/latest/FtrIcon/BagShoulderTasukiprom2.png,Green,No,3500,875,201,Green,Yellow,1x1,NA,NA,Nook Shopping Seasonal,,Prom,Yes,All Year,All Year,Free,Gorgeous,Elegant,party; theatrical,5,No,Seasonal,1.9.0,Yes,BagShoulderTasukiprom2,1362,14396,4yeToTMfBL93og2df
prom sash,https://acnhcdn.com/latest/ClosetIcon/BagShoulderTasukiprom1.png,https://acnhcdn.com/latest/FtrIcon/BagShoulderTasukiprom1.png,Blue,No,3500,875,201,Blue,Yellow,1x1,NA,NA,Nook Shopping Seasonal,,Prom,Yes,All Year,All Year,Free,Gorgeous,Elegant,party; theatrical,6,No,Seasonal,1.9.0,Yes,BagShoulderTasukiprom1,1362,14395,w6X2SpfPsjYWxd9oS
prom sash,https://acnhcdn.com/latest/ClosetIcon/BagShoulderTasukiprom3.png,https://acnhcdn.com/latest/FtrIcon/BagShoulderTasukiprom3.png,Purple,No,3500,875,201,Purple,Yellow,1x1,NA,NA,Nook Shopping Seasonal,,Prom,Yes,All Year,All Year,Free,Gorgeous,Elegant,party; theatrical,7,No,Seasonal,1.9.0,Yes,BagShoulderTasukiprom3,1362,14397,3qy9db9JiHZwbkAXr
python-print shoulder bag,https://acnhcdn.com/latest/ClosetIcon/BagShoulderSquarePython0.png,https://acnhcdn.com/latest/FtrIcon/BagShoulderSquarePython0.png,Brown,No,1480,370,23,Brown,Black,1x1,NA,NA,Kicks; Kicks' Co-op,,NA,NA,All Year,All Year,Free,Simple,Simple,everyday,1,No,For sale,2.0.0,Yes,BagShoulderSquarePython0,1498,14894,9NPK7cBEw5j2D6mmk
python-print shoulder bag,https://acnhcdn.com/latest/ClosetIcon/BagShoulderSquarePython1.png,https://acnhcdn.com/latest/FtrIcon/BagShoulderSquarePython1.png,Gray,No,1480,370,23,Gray,Black,1x1,NA,NA,Kicks; Kicks' Co-op,,NA,NA,All Year,All Year,Free,Simple,Simple,everyday,2,No,For sale,2.0.0,Yes,BagShoulderSquarePython1,1498,723,zrtDTtKwkrMqYEquR
randoseru,https://acnhcdn.com/latest/ClosetIcon/BagBackpackRandsel0.png,https://acnhcdn.com/latest/FtrIcon/BagBackpackRandsel0.png,Red,No,2600,650,23,Red,Red,1x1,NA,NA,Kicks; Kicks' Co-op,,NA,NA,All Year,All Year,Free,Simple,Simple,everyday; formal,1,No,For sale,2.0.0,Yes,BagBackpackRandsel0,1395,14366,96aKMZhRQzgmrhuAj
randoseru,https://acnhcdn.com/latest/ClosetIcon/BagBackpackRandsel1.png,https://acnhcdn.com/latest/FtrIcon/BagBackpackRandsel1.png,Black,No,2600,650,23,Black,Black,1x1,NA,NA,Kicks; Kicks' Co-op,,NA,NA,All Year,All Year,Free,Simple,Simple,everyday; formal,2,No,For sale,2.0.0,Yes,BagBackpackRandsel1,1395,254,NkJ9NsheWMwbNJou8
randoseru,https://acnhcdn.com/latest/ClosetIcon/BagBackpackRandsel6.png,https://acnhcdn.com/latest/FtrIcon/BagBackpackRandsel6.png,Pink,No,2600,650,23,Pink,Pink,1x1,NA,NA,Kicks; Kicks' Co-op,,NA,NA,All Year,All Year,Free,Simple,Simple,everyday; formal,3,No,For sale,2.0.0,Yes,BagBackpackRandsel6,1395,259,FEfyz2CCKv97Ri9z6
randoseru,https://acnhcdn.com/latest/ClosetIcon/BagBackpackRandsel3.png,https://acnhcdn.com/latest/FtrIcon/BagBackpackRandsel3.png,Green,No,2600,650,23,Green,Green,1x1,NA,NA,Kicks; Kicks' Co-op,,NA,NA,All Year,All Year,Free,Simple,Simple,everyday; formal,4,No,For sale,2.0.0,Yes,BagBackpackRandsel3,1395,256,qZ5EAjzT6chzJMgkc
randoseru,https://acnhcdn.com/latest/ClosetIcon/BagBackpackRandsel5.png,https://acnhcdn.com/latest/FtrIcon/BagBackpackRandsel5.png,Light blue,No,2600,650,23,Aqua,Aqua,1x1,NA,NA,Kicks; Kicks' Co-op,,NA,NA,All Year,All Year,Free,Simple,Simple,everyday; formal,5,No,For sale,2.0.0,Yes,BagBackpackRandsel5,1395,258,wyuPQPCeuefxhtidG
randoseru,https://acnhcdn.com/latest/ClosetIcon/BagBackpackRandsel4.png,https://acnhcdn.com/latest/FtrIcon/BagBackpackRandsel4.png,Blue,No,2600,650,23,Blue,Blue,1x1,NA,NA,Kicks; Kicks' Co-op,,NA,NA,All Year,All Year,Free,Simple,Simple,everyday; formal,6,No,For sale,2.0.0,Yes,BagBackpackRandsel4,1395,257,aMGp6FD9TEhJuDvbA
randoseru,https://acnhcdn.com/latest/ClosetIcon/BagBackpackRandsel7.png,https://acnhcdn.com/latest/FtrIcon/BagBackpackRandsel7.png,Purple,No,2600,650,23,Purple,Purple,1x1,NA,NA,Kicks; Kicks' Co-op,,NA,NA,All Year,All Year,Free,Simple,Simple,everyday; formal,7,No,For sale,2.0.0,Yes,BagBackpackRandsel7,1395,260,Eo4fKa4d43eqase4v
randoseru,https://acnhcdn.com/latest/ClosetIcon/BagBackpackRandsel2.png,https://acnhcdn.com/latest/FtrIcon/BagBackpackRandsel2.png,Brown,No,2600,650,23,Brown,Brown,1x1,NA,NA,Kicks; Kicks' Co-op,,NA,NA,All Year,All Year,Free,Simple,Simple,everyday; formal,8,No,For sale,2.0.0,Yes,BagBackpackRandsel2,1395,255,KRCqgD96dNRuvjQh7
retro sports bag,https://acnhcdn.com/latest/ClosetIcon/BagShoulderSports1.png,https://acnhcdn.com/latest/FtrIcon/BagShoulderSports1.png,Red,No,1400,350,23,White,Red,1x1,NA,NA,Kicks; Kicks' Co-op,,NA,NA,All Year,All Year,Free,Active,Active,outdoorsy; sporty,1,No,For sale,1.0.0,Yes,BagShoulderSports1,984,12007,Lqtjq3rWFoy4Dv39C
retro sports bag,https://acnhcdn.com/latest/ClosetIcon/BagShoulderSports0.png,https://acnhcdn.com/latest/FtrIcon/BagShoulderSports0.png,Blue,No,1400,350,23,White,Blue,1x1,NA,NA,Kicks; Kicks' Co-op,,NA,NA,All Year,All Year,Free,Active,Active,outdoorsy; sporty,2,No,For sale,1.0.0,Yes,BagShoulderSports0,984,7302,vY7qcZFdWb3HgSv7L
retro sports bag,https://acnhcdn.com/latest/ClosetIcon/BagShoulderSports2.png,https://acnhcdn.com/latest/FtrIcon/BagShoulderSports2.png,Black,No,1400,350,23,Black,Yellow,1x1,NA,NA,Kicks; Kicks' Co-op,,NA,NA,All Year,All Year,Free,Active,Active,outdoorsy; sporty,3,No,For sale,1.0.0,Yes,BagShoulderSports2,984,12008,nGhHjk4GEKSQwvARA
sacoche bag,https://acnhcdn.com/latest/ClosetIcon/BagShoulderSacosh2.png,https://acnhcdn.com/latest/FtrIcon/BagShoulderSacosh2.png,Black,No,980,245,23,Black,White,1x1,NA,NA,Kicks; Kicks' Co-op,,NA,NA,All Year,All Year,Free,Active,Active,outdoorsy; sporty,1,No,For sale,1.0.0,Yes,BagShoulderSacosh2,985,11975,NRYqQLN2Beq4jpDBJ
sacoche bag,https://acnhcdn.com/latest/ClosetIcon/BagShoulderSacosh1.png,https://acnhcdn.com/latest/FtrIcon/BagShoulderSacosh1.png,Red,No,980,245,23,Red,Yellow,1x1,NA,NA,Kicks; Kicks' Co-op,,NA,NA,All Year,All Year,Free,Active,Active,outdoorsy; sporty,2,No,For sale,1.0.0,Yes,BagShoulderSacosh1,985,11974,LYnLwBnwTYcMp4fr9
sacoche bag,https://acnhcdn.com/latest/ClosetIcon/BagShoulderSacosh0.png,https://acnhcdn.com/latest/FtrIcon/BagShoulderSacosh0.png,Blue,No,980,245,23,Blue,Green,1x1,NA,NA,Kicks; Kicks' Co-op,,NA,NA,All Year,All Year,Free,Active,Active,outdoorsy; sporty,3,No,For sale,1.0.0,Yes,BagShoulderSacosh0,985,7304,n82fhWWNSv8kyFJc2
satchel,https://acnhcdn.com/latest/ClosetIcon/BagBackpackStudent1.png,https://acnhcdn.com/latest/FtrIcon/BagBackpackStudent1.png,Black,No,2200,550,23,Black,Gray,1x1,NA,NA,Kicks; Kicks' Co-op,,NA,NA,All Year,All Year,Free,Simple,Cool,formal; work,1,No,For sale,2.0.0,Yes,BagBackpackStudent1,1471,593,5dHpdP4JSz8oSzzwi
satchel,https://acnhcdn.com/latest/ClosetIcon/BagBackpackStudent4.png,https://acnhcdn.com/latest/FtrIcon/BagBackpackStudent4.png,Red,No,2200,550,23,Red,Yellow,1x1,NA,NA,Kicks; Kicks' Co-op,,NA,NA,All Year,All Year,Free,Simple,Cool,formal; work,2,No,For sale,2.0.0,Yes,BagBackpackStudent4,1471,655,P26qgJx976qNnTizz
satchel,https://acnhcdn.com/latest/ClosetIcon/BagBackpackStudent3.png,https://acnhcdn.com/latest/FtrIcon/BagBackpackStudent3.png,Blue,No,2200,550,23,Blue,Brown,1x1,NA,NA,Kicks; Kicks' Co-op,,NA,NA,All Year,All Year,Free,Simple,Cool,formal; work,3,No,For sale,2.0.0,Yes,BagBackpackStudent3,1471,654,g6vSGRqY7twi2Xwb7
satchel,https://acnhcdn.com/latest/ClosetIcon/BagBackpackStudent0.png,https://acnhcdn.com/latest/FtrIcon/BagBackpackStudent0.png,Brown,No,2200,550,23,Brown,Beige,1x1,NA,NA,Kicks; Kicks' Co-op,,NA,NA,All Year,All Year,Free,Simple,Cool,formal; work,4,No,For sale,2.0.0,Yes,BagBackpackStudent0,1471,14824,v9ciNcMfwAKxRMpFv
satchel,https://acnhcdn.com/latest/ClosetIcon/BagBackpackStudent2.png,https://acnhcdn.com/latest/FtrIcon/BagBackpackStudent2.png,Camel,No,2200,550,23,Beige,Brown,1x1,NA,NA,Kicks; Kicks' Co-op,,NA,NA,All Year,All Year,Free,Simple,Cool,formal; work,5,No,For sale,2.0.0,Yes,BagBackpackStudent2,1471,629,xjhK3RT8JhG5vgsXa
schoolbag,https://acnhcdn.com/latest/ClosetIcon/BagBackpackSchoolbag0.png,https://acnhcdn.com/latest/FtrIcon/BagBackpackSchoolbag0.png,Blue,No,1040,260,23,Blue,White,1x1,NA,NA,Kicks; Kicks' Co-op,,NA,NA,All Year,All Year,Free,Simple,Simple,everyday; formal,1,No,For sale,2.0.0,Yes,BagBackpackSchoolbag0,1396,14367,Eun5adjptXEx583F5
schoolbag,https://acnhcdn.com/latest/ClosetIcon/BagBackpackSchoolbag3.png,https://acnhcdn.com/latest/FtrIcon/BagBackpackSchoolbag3.png,Gray,No,1040,260,23,Gray,White,1x1,NA,NA,Kicks; Kicks' Co-op,,NA,NA,All Year,All Year,Free,Simple,Simple,everyday; formal,2,No,For sale,2.0.0,Yes,BagBackpackSchoolbag3,1396,263,2yZ9Lwtwy5hi6NkD8
schoolbag,https://acnhcdn.com/latest/ClosetIcon/BagBackpackSchoolbag2.png,https://acnhcdn.com/latest/FtrIcon/BagBackpackSchoolbag2.png,Black,No,1040,260,23,Black,White,1x1,NA,NA,Kicks; Kicks' Co-op,,NA,NA,All Year,All Year,Free,Simple,Simple,everyday; formal,3,No,For sale,2.0.0,Yes,BagBackpackSchoolbag2,1396,262,4whhzLZv4ev8ce8uq
schoolbag,https://acnhcdn.com/latest/ClosetIcon/BagBackpackSchoolbag5.png,https://acnhcdn.com/latest/FtrIcon/BagBackpackSchoolbag5.png,Green,No,1040,260,23,Green,White,1x1,NA,NA,Kicks; Kicks' Co-op,,NA,NA,All Year,All Year,Free,Simple,Simple,everyday; formal,4,No,For sale,2.0.0,Yes,BagBackpackSchoolbag5,1396,265,DuwfdGhZ8xdwNqKXB
schoolbag,https://acnhcdn.com/latest/ClosetIcon/BagBackpackSchoolbag1.png,https://acnhcdn.com/latest/FtrIcon/BagBackpackSchoolbag1.png,Navy blue,No,1040,260,23,Blue,White,1x1,NA,NA,Kicks; Kicks' Co-op,,NA,NA,All Year,All Year,Free,Simple,Simple,everyday; formal,5,No,For sale,2.0.0,Yes,BagBackpackSchoolbag1,1396,261,SFupMsosQrxSYCwjN
schoolbag,https://acnhcdn.com/latest/ClosetIcon/BagBackpackSchoolbag4.png,https://acnhcdn.com/latest/FtrIcon/BagBackpackSchoolbag4.png,Brown,No,1040,260,23,Brown,White,1x1,NA,NA,Kicks; Kicks' Co-op,,NA,NA,All Year,All Year,Free,Simple,Simple,everyday; formal,6,No,For sale,2.0.0,Yes,BagBackpackSchoolbag4,1396,264,MziaRbziRSrR8XrMC
shellfish pochette,https://acnhcdn.com/latest/ClosetIcon/BagShoulderShell0.png,https://acnhcdn.com/latest/FtrIcon/BagShoulderShell0.png,NA,Yes,NFS,10800,201,White,White,1x1,NA,NA,Crafting,,summer shells,Yes,All Year,All Year,Free,Cute,Elegant,fairy tale; vacation,1,No,Not for sale,1.0.0,Yes,BagShoulderShell0,982,7494,XEsQxMf7k9qvjYxPF
simple backpack,https://acnhcdn.com/latest/ClosetIcon/BagBackpackTownSimple0.png,https://acnhcdn.com/latest/FtrIcon/BagBackpackTownSimple0.png,Camel,No,1040,260,23,Brown,Brown,1x1,NA,NA,Kicks; Kicks' Co-op,,NA,NA,All Year,All Year,Free,Simple,Active,everyday,1,No,For sale,2.0.0,Yes,BagBackpackTownSimple0,1479,14843,46RJNMzFwzNwqK4BJ
simple backpack,https://acnhcdn.com/latest/ClosetIcon/BagBackpackTownSimple1.png,https://acnhcdn.com/latest/FtrIcon/BagBackpackTownSimple1.png,Gray,No,1040,260,23,Gray,Gray,1x1,NA,NA,Kicks; Kicks' Co-op,,NA,NA,All Year,All Year,Free,Simple,Active,everyday,2,No,For sale,2.0.0,Yes,BagBackpackTownSimple1,1479,699,5AqHWzzspzWQBrkeJ
simple backpack,https://acnhcdn.com/latest/ClosetIcon/BagBackpackTownSimple2.png,https://acnhcdn.com/latest/FtrIcon/BagBackpackTownSimple2.png,Black,No,1040,260,23,Black,Black,1x1,NA,NA,Kicks; Kicks' Co-op,,NA,NA,All Year,All Year,Free,Simple,Active,everyday,3,No,For sale,2.0.0,Yes,BagBackpackTownSimple2,1479,721,wQXGc6h9AaPKQNkMk
simple tote bag,NA,https://acnhcdn.com/latest/FtrIcon/ToolBagTote0.png,Red,No,920,230,23,White,Red,1x1,NA,NA,Kicks; Kicks' Co-op,,NA,NA,All Year,All Year,Free,Simple,Simple,everyday,1,No,For sale,2.0.0,Yes,ToolBagTote0,1513,14787,TjJmKPSpS5YvWRyLx
simple tote bag,NA,https://acnhcdn.com/latest/FtrIcon/ToolBagTote2.png,Yellow,No,920,230,23,White,Yellow,1x1,NA,NA,Kicks; Kicks' Co-op,,NA,NA,All Year,All Year,Free,Simple,Simple,everyday,2,No,For sale,2.0.0,Yes,ToolBagTote2,1513,358,XEhDmxKAguuTnaZ2p
simple tote bag,NA,https://acnhcdn.com/latest/FtrIcon/ToolBagTote3.png,Green,No,920,230,23,White,Green,1x1,NA,NA,Kicks; Kicks' Co-op,,NA,NA,All Year,All Year,Free,Simple,Simple,everyday,3,No,For sale,2.0.0,Yes,ToolBagTote3,1513,359,uqapgkphMr2xSCref
simple tote bag,NA,https://acnhcdn.com/latest/FtrIcon/ToolBagTote1.png,Blue,No,920,230,23,White,Blue,1x1,NA,NA,Kicks; Kicks' Co-op,,NA,NA,All Year,All Year,Free,Simple,Simple,everyday,4,No,For sale,2.0.0,Yes,ToolBagTote1,1513,357,baKhef2uMjG9u5uew
simple tote bag,NA,https://acnhcdn.com/latest/FtrIcon/ToolBagTote5.png,Black & white,No,920,230,23,Black,White,1x1,NA,NA,Kicks; Kicks' Co-op,,NA,NA,All Year,All Year,Free,Simple,Simple,everyday,5,No,For sale,2.0.0,Yes,ToolBagTote5,1513,361,QgHjko5EaZJzeTcdo
simple tote bag,NA,https://acnhcdn.com/latest/FtrIcon/ToolBagTote4.png,Beige,No,920,230,23,Beige,White,1x1,NA,NA,Kicks; Kicks' Co-op,,NA,NA,All Year,All Year,Free,Simple,Simple,everyday,6,No,For sale,2.0.0,Yes,ToolBagTote4,1513,360,uMP95fiBP86EyCrrq
snowflake pochette,https://acnhcdn.com/latest/ClosetIcon/BagShoulderSnow0.png,https://acnhcdn.com/latest/FtrIcon/BagShoulderSnow0.png,NA,Yes,NFS,2400,201,Aqua,White,1x1,NA,NA,Crafting,,snowflakes,Yes,All Year,All Year,Free,Elegant,Cool,fairy tale; party; vacation,1,No,Not for sale,1.0.0,Yes,BagShoulderSnow0,981,7493,gW7R4HX8hjZEHAFtB
spacey backpack,https://acnhcdn.com/latest/ClosetIcon/BagBackpackTownSpace2.png,https://acnhcdn.com/latest/FtrIcon/BagBackpackTownSpace2.png,Pink,No,1280,320,23,Pink,Purple,1x1,NA,NA,Kicks; Kicks' Co-op,,NA,NA,All Year,All Year,Free,Simple,Active,everyday,1,No,For sale,2.0.0,Yes,BagBackpackTownSpace2,1482,687,j3ekuYNChEzbFwYHi
spacey backpack,https://acnhcdn.com/latest/ClosetIcon/BagBackpackTownSpace1.png,https://acnhcdn.com/latest/FtrIcon/BagBackpackTownSpace1.png,Purple,No,1280,320,23,Green,Purple,1x1,NA,NA,Kicks; Kicks' Co-op,,NA,NA,All Year,All Year,Free,Simple,Active,everyday,2,No,For sale,2.0.0,Yes,BagBackpackTownSpace1,1482,686,TnLKmp7wRGv58oXiH
spacey backpack,https://acnhcdn.com/latest/ClosetIcon/BagBackpackTownSpace0.png,https://acnhcdn.com/latest/FtrIcon/BagBackpackTownSpace0.png,Blue,No,1280,320,23,Blue,Purple,1x1,NA,NA,Kicks; Kicks' Co-op,,NA,NA,All Year,All Year,Free,Simple,Active,everyday,3,No,For sale,2.0.0,Yes,BagBackpackTownSpace0,1482,14840,A2HoiTh5o3kZfaPb9
square backpack,https://acnhcdn.com/latest/ClosetIcon/BagBackpackSquare1.png,https://acnhcdn.com/latest/FtrIcon/BagBackpackSquare1.png,Pink,No,1300,325,23,Pink,Black,1x1,NA,NA,Kicks; Kicks' Co-op,,NA,NA,All Year,All Year,Free,Active,Active,everyday; outdoorsy; sporty,1,No,For sale,1.0.0,Yes,BagBackpackSquare1,989,11967,wN6jaJRRvg6cQZXhk
square backpack,https://acnhcdn.com/latest/ClosetIcon/BagBackpackSquare0.png,https://acnhcdn.com/latest/FtrIcon/BagBackpackSquare0.png,Yellow,No,1300,325,23,Yellow,Black,1x1,NA,NA,Kicks; Kicks' Co-op,,NA,NA,All Year,All Year,Free,Active,Active,everyday; outdoorsy; sporty,2,No,For sale,1.0.0,Yes,BagBackpackSquare0,989,7500,2RYepaMxTnXMZ9tXg
square backpack,https://acnhcdn.com/latest/ClosetIcon/BagBackpackSquare2.png,https://acnhcdn.com/latest/FtrIcon/BagBackpackSquare2.png,Green,No,1300,325,23,Green,Black,1x1,NA,NA,Kicks; Kicks' Co-op,,NA,NA,All Year,All Year,Free,Active,Active,everyday; outdoorsy; sporty,3,No,For sale,1.0.0,Yes,BagBackpackSquare2,989,11968,rJain6G9X749mG5p7
square shoulder bag,https://acnhcdn.com/latest/ClosetIcon/BagShoulderSquare0.png,https://acnhcdn.com/latest/FtrIcon/BagShoulderSquare0.png,Black,No,920,230,23,Black,Black,1x1,NA,NA,Kicks; Kicks' Co-op,,NA,NA,All Year,All Year,Free,Simple,Simple,everyday,1,No,For sale,2.0.0,Yes,BagShoulderSquare0,1469,14822,v2YbfRZAxvtYHebQC
square shoulder bag,https://acnhcdn.com/latest/ClosetIcon/BagShoulderSquare1.png,https://acnhcdn.com/latest/FtrIcon/BagShoulderSquare1.png,Beige,No,920,230,23,Beige,Beige,1x1,NA,NA,Kicks; Kicks' Co-op,,NA,NA,All Year,All Year,Free,Simple,Simple,everyday,2,No,For sale,2.0.0,Yes,BagShoulderSquare1,1469,580,eKaCGGsdoK7RwTEsL
star pochette,https://acnhcdn.com/latest/ClosetIcon/BagShoulderStar0.png,https://acnhcdn.com/latest/FtrIcon/BagShoulderStar0.png,NA,Yes,NFS,3000,103,Yellow,Yellow,1x1,NA,NA,Crafting,,NA,NA,All Year,All Year,Free,Cute,Gorgeous,fairy tale; party; vacation,1,No,Not for sale,1.0.0,Yes,BagShoulderStar0,977,7489,3WQ8vSWtHMjZ6YPtR
straw pochette,https://acnhcdn.com/latest/ClosetIcon/BagShoulderRattan0.png,https://acnhcdn.com/latest/FtrIcon/BagShoulderRattan0.png,NA,No,980,245,23,Brown,Brown,1x1,NA,NA,Kicks; Kicks' Co-op,,NA,NA,All Year,All Year,Free,Simple,Elegant,comfy; vacation,1,No,For sale,1.0.0,Yes,BagShoulderRattan0,976,7488,CGs3z4dKEkH82FDyq
striped basket bag,NA,https://acnhcdn.com/latest/FtrIcon/ToolBagBasketborder0.png,Brown,No,1280,320,23,Beige,Brown,1x1,NA,NA,Kicks; Kicks' Co-op,,NA,NA,All Year,All Year,Free,Simple,Cute,everyday; fairy tale; vacation,1,No,For sale,2.0.0,Yes,ToolBagBasketborder0,1504,14855,yb7uitAH93P7rKqNe
striped basket bag,NA,https://acnhcdn.com/latest/FtrIcon/ToolBagBasketborder1.png,Black & white,No,1280,320,23,Black,White,1x1,NA,NA,Kicks; Kicks' Co-op,,NA,NA,All Year,All Year,Free,Simple,Cute,everyday; fairy tale; vacation,2,No,For sale,2.0.0,Yes,ToolBagBasketborder1,1504,362,GnEDsggSpDGP9ia7x
studded backpack,https://acnhcdn.com/latest/ClosetIcon/BagBackpackStuds1.png,https://acnhcdn.com/latest/FtrIcon/BagBackpackStuds1.png,White,No,1560,390,23,White,Gray,1x1,NA,NA,Kicks; Kicks' Co-op,,NA,NA,All Year,All Year,Free,Cool,Cute,everyday; goth,1,No,For sale,1.0.0,Yes,BagBackpackStuds1,992,12006,e6iev2NrSfaxSg5nr
studded backpack,https://acnhcdn.com/latest/ClosetIcon/BagBackpackStuds0.png,https://acnhcdn.com/latest/FtrIcon/BagBackpackStuds0.png,Black,No,1560,390,23,Black,Yellow,1x1,NA,NA,Kicks; Kicks' Co-op,,NA,NA,All Year,All Year,Free,Cool,Cute,everyday; goth,2,No,For sale,1.0.0,Yes,BagBackpackStuds0,992,7503,mTMCDJnwtFJzvQ9rs
sword in scabbard,https://acnhcdn.com/latest/ClosetIcon/BagShoulderSword0.png,https://acnhcdn.com/latest/FtrIcon/BagShoulderSword0.png,Red,No,9800,2450,23,Red,Yellow,1x1,NA,NA,Kicks; Kicks' Co-op,,NA,NA,All Year,All Year,Free,Cool,Active,fairy tale; theatrical,1,No,For sale,2.0.0,Yes,BagShoulderSword0,1458,14785,Ti6Q8jF6RWqZNugdQ
sword in scabbard,https://acnhcdn.com/latest/ClosetIcon/BagShoulderSword1.png,https://acnhcdn.com/latest/FtrIcon/BagShoulderSword1.png,Blue,No,9800,2450,23,Blue,Gray,1x1,NA,NA,Kicks; Kicks' Co-op,,NA,NA,All Year,All Year,Free,Cool,Active,fairy tale; theatrical,2,No,For sale,2.0.0,Yes,BagShoulderSword1,1458,711,JPyM7LmhhX5CmMebh
sword in scabbard,https://acnhcdn.com/latest/ClosetIcon/BagShoulderSword2.png,https://acnhcdn.com/latest/FtrIcon/BagShoulderSword2.png,Black,No,9800,2450,23,Black,Yellow,1x1,NA,NA,Kicks; Kicks' Co-op,,NA,NA,All Year,All Year,Free,Cool,Active,fairy tale; theatrical,3,No,For sale,2.0.0,Yes,BagShoulderSword2,1458,713,5gEjmPpj3WFRuhFdf
tackle bag,https://acnhcdn.com/latest/ClosetIcon/BagShoulderFishing0.png,https://acnhcdn.com/latest/FtrIcon/BagShoulderFishing0.png,NA,No,NFS,175,501,Blue,Orange,1x1,NA,NA,C.J.,,Fishing Tourney (Spring); Fishing Tourney (Summer); Fishing Tourney (Fall); Fishing Tourney (Winter),Yes,All Year,All Year,Free,Active,Active,outdoorsy; sporty; work,1,No,Not for sale,1.0.0,Yes,BagShoulderFishing0,966,7478,prkWCjgn7gTK4X8QH
tiny-flower-print tote bag,NA,https://acnhcdn.com/latest/FtrIcon/ToolBagToteflower0.png,Pink,No,980,245,23,White,Pink,1x1,NA,NA,Kicks; Kicks' Co-op,,NA,NA,All Year,All Year,Free,Simple,Cute,everyday; fairy tale; outdoorsy,1,No,For sale,2.0.0,Yes,ToolBagToteflower0,1515,14856,ReXGHBzSxKfbAjPsK
tiny-flower-print tote bag,NA,https://acnhcdn.com/latest/FtrIcon/ToolBagToteflower2.png,Yellow,No,980,245,23,White,Yellow,1x1,NA,NA,Kicks; Kicks' Co-op,,NA,NA,All Year,All Year,Free,Simple,Cute,everyday; fairy tale; outdoorsy,2,No,For sale,2.0.0,Yes,ToolBagToteflower2,1515,364,qmksHJtPC2wdfyFQk
tiny-flower-print tote bag,NA,https://acnhcdn.com/latest/FtrIcon/ToolBagToteflower1.png,Light blue,No,980,245,23,White,Aqua,1x1,NA,NA,Kicks; Kicks' Co-op,,NA,NA,All Year,All Year,Free,Simple,Cute,everyday; fairy tale; outdoorsy,3,No,For sale,2.0.0,Yes,ToolBagToteflower1,1515,363,xM7mTGXFc8aeesQaq
tool bag,https://acnhcdn.com/latest/ClosetIcon/BagShoulderTool0.png,https://acnhcdn.com/latest/FtrIcon/BagShoulderTool0.png,NA,No,910,227,23,Black,Yellow,1x1,NA,NA,Kicks; Kicks' Co-op,,NA,NA,All Year,All Year,Free,Active,Active,outdoorsy; work,1,No,For sale,1.0.0,Yes,BagShoulderTool0,983,7497,KiXvv8fvv7CN5sFDx
town backpack,https://acnhcdn.com/latest/ClosetIcon/BagBackpackTown3.png,https://acnhcdn.com/latest/FtrIcon/BagBackpackTown3.png,Red,No,1040,260,23,Red,Red,1x1,NA,NA,Kicks; Kicks' Co-op,,NA,NA,All Year,All Year,Free,Active,Simple,everyday; outdoorsy,1,No,For sale,1.0.0,Yes,BagBackpackTown3,957,11945,wkeZwbrp9BoHTEPRZ
town backpack,https://acnhcdn.com/latest/ClosetIcon/BagBackpackTown1.png,https://acnhcdn.com/latest/FtrIcon/BagBackpackTown1.png,Orange,No,1040,260,23,Orange,Orange,1x1,NA,NA,Kicks; Kicks' Co-op,,NA,NA,All Year,All Year,Free,Active,Simple,everyday; outdoorsy,2,No,For sale,1.0.0,Yes,BagBackpackTown1,957,6839,aZasytqebQRikaZZZ
town backpack,https://acnhcdn.com/latest/ClosetIcon/BagBackpackTown0.png,https://acnhcdn.com/latest/FtrIcon/BagBackpackTown0.png,Green,No,1040,260,23,Green,Green,1x1,NA,NA,Kicks; Kicks' Co-op,,NA,NA,All Year,All Year,Free,Active,Simple,everyday; outdoorsy,3,No,For sale,1.0.0,Yes,BagBackpackTown0,957,6838,sm5eKnwyeNyKGXQLC
town backpack,https://acnhcdn.com/latest/ClosetIcon/BagBackpackTown2.png,https://acnhcdn.com/latest/FtrIcon/BagBackpackTown2.png,Blue,No,1040,260,23,Blue,Blue,1x1,NA,NA,Kicks; Kicks' Co-op,,NA,NA,All Year,All Year,Free,Active,Simple,everyday; outdoorsy,4,No,For sale,1.0.0,Yes,BagBackpackTown2,957,11944,WGhvofsBw6pFs5c93
travel pouch,https://acnhcdn.com/latest/ClosetIcon/BagShoulderTravel0.png,https://acnhcdn.com/latest/FtrIcon/BagShoulderTravel0.png,Pink,No,840,210,23,Pink,Black,1x1,NA,NA,Kicks; Kicks' Co-op,,NA,NA,All Year,All Year,Free,Active,Simple,everyday; outdoorsy,1,No,For sale,1.0.0,Yes,BagShoulderTravel0,958,2550,ygrWBZtknqDLLH8Rn
travel pouch,https://acnhcdn.com/latest/ClosetIcon/BagShoulderTravel1.png,https://acnhcdn.com/latest/FtrIcon/BagShoulderTravel1.png,Green,No,840,210,23,Green,Black,1x1,NA,NA,Kicks; Kicks' Co-op,,NA,NA,All Year,All Year,Free,Active,Simple,everyday; outdoorsy,2,No,For sale,1.0.0,Yes,BagShoulderTravel1,958,12000,oX3GfBwtMfcQ4STtd
travel pouch,https://acnhcdn.com/latest/ClosetIcon/BagShoulderTravel2.png,https://acnhcdn.com/latest/FtrIcon/BagShoulderTravel2.png,Light blue,No,840,210,23,Aqua,Black,1x1,NA,NA,Kicks; Kicks' Co-op,,NA,NA,All Year,All Year,Free,Active,Simple,everyday; outdoorsy,3,No,For sale,1.0.0,Yes,BagShoulderTravel2,958,12001,SSHDSgfSasCP6AgmW
travel pouch,https://acnhcdn.com/latest/ClosetIcon/BagShoulderTravel3.png,https://acnhcdn.com/latest/FtrIcon/BagShoulderTravel3.png,Purple,No,840,210,23,Purple,Black,1x1,NA,NA,Kicks; Kicks' Co-op,,NA,NA,All Year,All Year,Free,Active,Simple,everyday; outdoorsy,4,No,For sale,1.0.0,Yes,BagShoulderTravel3,958,12002,HTjXg6MXwPZCwEtmJ
traveler's backpack,https://acnhcdn.com/latest/ClosetIcon/BagBackpackJourney0.png,https://acnhcdn.com/latest/FtrIcon/BagBackpackJourney0.png,Orange,No,2940,735,23,Orange,Beige,1x1,NA,NA,Kicks; Kicks' Co-op,,NA,NA,All Year,All Year,Free,Simple,Active,fairy tale; outdoorsy; work,1,No,For sale,1.0.0,Yes,BagBackpackJourney0,988,7499,ag2m7kcBg83aCARGE
traveler's backpack,https://acnhcdn.com/latest/ClosetIcon/BagBackpackJourney1.png,https://acnhcdn.com/latest/FtrIcon/BagBackpackJourney1.png,Blue,No,2940,735,23,Blue,Beige,1x1,NA,NA,Kicks; Kicks' Co-op,,NA,NA,All Year,All Year,Free,Simple,Active,fairy tale; outdoorsy; work,2,No,For sale,1.0.0,Yes,BagBackpackJourney1,988,11965,iprTWWTSARJtHTKqF
traveler's backpack,https://acnhcdn.com/latest/ClosetIcon/BagBackpackJourney2.png,https://acnhcdn.com/latest/FtrIcon/BagBackpackJourney2.png,Brown,No,2940,735,23,Brown,Beige,1x1,NA,NA,Kicks; Kicks' Co-op,,NA,NA,All Year,All Year,Free,Simple,Active,fairy tale; outdoorsy; work,3,No,For sale,1.0.0,Yes,BagBackpackJourney2,988,11966,ehhBAiZqTHaTExHYP
veggie-print eco bag,NA,https://acnhcdn.com/latest/FtrIcon/ToolBagEco0.png,NA,No,840,210,23,White,Green,1x1,NA,NA,Kicks; Kicks' Co-op,,NA,NA,All Year,All Year,Free,Simple,Active,everyday,1,No,For sale,2.0.0,Yes,ToolBagEco0,1517,14642,2c3dbi4vXBJ4m93jg
woven-vine pochette,https://acnhcdn.com/latest/ClosetIcon/BagShoulderVine0.png,https://acnhcdn.com/latest/FtrIcon/BagShoulderVine0.png,NA,Yes,NFS,500,103,Green,Green,1x1,NA,NA,Crafting,,NA,NA,All Year,All Year,Free,Active,Cute,outdoorsy; vacation,1,No,Not for sale,2.0.0,Yes,BagShoulderVine0,1358,14249,9obxvbNYBwWEyCDgG
zebra-print backpack,https://acnhcdn.com/latest/ClosetIcon/BagBackpackTownZebra0.png,https://acnhcdn.com/latest/FtrIcon/BagBackpackTownZebra0.png,White,No,1680,420,23,White,Black,1x1,NA,NA,Kicks; Kicks' Co-op,,NA,NA,All Year,All Year,Free,Simple,Active,everyday,1,No,For sale,2.0.0,Yes,BagBackpackTownZebra0,1478,14841,9TBWoimJRRKQAtPLr
zebra-print backpack,https://acnhcdn.com/latest/ClosetIcon/BagBackpackTownZebra1.png,https://acnhcdn.com/latest/FtrIcon/BagBackpackTownZebra1.png,Yellow,No,1680,420,23,Yellow,Black,1x1,NA,NA,Kicks; Kicks' Co-op,,NA,NA,All Year,All Year,Free,Simple,Active,everyday,2,No,For sale,2.0.0,Yes,BagBackpackTownZebra1,1478,691,4Z8AEPoYdHBnWKWpP
zebra-print shoulder bag,https://acnhcdn.com/latest/ClosetIcon/BagShoulderSquareZebra0.png,https://acnhcdn.com/latest/FtrIcon/BagShoulderSquareZebra0.png,White,No,1480,370,23,White,Black,1x1,NA,NA,Kicks; Kicks' Co-op,,NA,NA,All Year,All Year,Free,Simple,Simple,everyday,1,No,For sale,2.0.0,Yes,BagShoulderSquareZebra0,1499,14895,Tgs49qZqeCRhwcjXS
zebra-print shoulder bag,https://acnhcdn.com/latest/ClosetIcon/BagShoulderSquareZebra1.png,https://acnhcdn.com/latest/FtrIcon/BagShoulderSquareZebra1.png,Yellow,No,1480,370,23,Yellow,Black,1x1,NA,NA,Kicks; Kicks' Co-op,,NA,NA,All Year,All Year,Free,Simple,Simple,everyday,2,No,For sale,2.0.0,Yes,BagShoulderSquareZebra1,1499,726,iR3Y5q357rdAgJf7R
zen clasp purse,https://acnhcdn.com/latest/ClosetIcon/BagShoulderGamaguchiJapan0.png,https://acnhcdn.com/latest/FtrIcon/BagShoulderGamaguchiJapan0.png,Dark blue,No,960,240,23,Blue,Red,1x1,NA,NA,Kicks; Kicks' Co-op,,NA,NA,All Year,All Year,Free,Simple,Cute,everyday,1,No,For sale,2.0.0,Yes,BagShoulderGamaguchiJapan0,1491,14860,j2KQWS8koFrMCfFSB
zen clasp purse,https://acnhcdn.com/latest/ClosetIcon/BagShoulderGamaguchiJapan1.png,https://acnhcdn.com/latest/FtrIcon/BagShoulderGamaguchiJapan1.png,Wisteria,No,960,240,23,Yellow,Pink,1x1,NA,NA,Kicks; Kicks' Co-op,,NA,NA,All Year,All Year,Free,Simple,Cute,everyday,2,No,For sale,2.0.0,Yes,BagShoulderGamaguchiJapan1,1491,353,JPNKHa4Rj38xrtR6a
zen clasp purse,https://acnhcdn.com/latest/ClosetIcon/BagShoulderGamaguchiJapan2.png,https://acnhcdn.com/latest/FtrIcon/BagShoulderGamaguchiJapan2.png,Sky blue,No,960,240,23,Aqua,Blue,1x1,NA,NA,Kicks; Kicks' Co-op,,NA,NA,All Year,All Year,Free,Simple,Cute,everyday,3,No,For sale,2.0.0,Yes,BagShoulderGamaguchiJapan2,1491,354,W6M48fGe9R2XamF9c
