Name,Image,Variation,Body Title,Pattern,Pattern Title,DIY,Body Customize,Pattern Customize,Kit Cost,Kit Type,Cyrus Customize Price,Buy,Sell,Color 1,Color 2,Exchange Price,Exchange Currency,Size,Source,Source Notes,Season/Event,Season/Event Exclusive,HHA Base Points,HHA Concept 1,HHA Concept 2,HHA Series,HHA Set,HHA Category,Interact,Tag,Outdoor,Lighting Type,Sound Type,Catalog,Version Added,Unlocked?,Filename,Variant ID,Internal ID,Unique Entry ID
aluminoid,https://acnhcdn.com/latest/FtrIcon/FtrHaniwaDrumSet00_Remake_0_0.png,Silver,Color,NA,NA,No,Yes,No,1,Normal,1000,NFS,828,Gray,Gray,NA,NA,1x1,Dig Spot,,NA,NA,207,None,None,None,None,None,Yes,Haniwa,No,No lighting,Drum set,Not for sale,2.0.0,Yes,FtrHaniwaDrumSet00_Remake_0_0,0_0,14074,kkfW3mkDqaSJ6oZyX
aluminoid,https://acnhcdn.com/latest/FtrIcon/FtrHaniwaDrumSet00_Remake_1_0.png,Copper,Color,NA,NA,No,Yes,No,1,Normal,1000,NFS,828,Brown,Brown,NA,NA,1x1,Dig Spot,,NA,NA,207,None,None,None,None,None,Yes,Haniwa,No,No lighting,Drum set,Not for sale,2.0.0,Yes,FtrHaniwaDrumSet00_Remake_1_0,1_0,14074,3yc99fYfgeEEuEpmE
aluminoid,https://acnhcdn.com/latest/FtrIcon/FtrHaniwaDrumSet00_Remake_2_0.png,Blue,Color,NA,NA,No,Yes,No,1,Normal,1000,NFS,828,Blue,Aqua,NA,NA,1x1,Dig Spot,,NA,NA,207,None,None,None,None,None,Yes,Haniwa,No,No lighting,Drum set,Not for sale,2.0.0,Yes,FtrHaniwaDrumSet00_Remake_2_0,2_0,14074,d2S8TAMtdyn2otNvv
aluminoid,https://acnhcdn.com/latest/FtrIcon/FtrHaniwaDrumSet00_Remake_3_0.png,Black,Color,NA,NA,No,Yes,No,1,Normal,1000,NFS,828,Black,Gray,NA,NA,1x1,Dig Spot,,NA,NA,207,None,None,None,None,None,Yes,Haniwa,No,No lighting,Drum set,Not for sale,2.0.0,Yes,FtrHaniwaDrumSet00_Remake_3_0,3_0,14074,CFL93pob3zvkoxaMu
arfoid,https://acnhcdn.com/latest/FtrIcon/FtrHaniwaMelody02_Remake_0_0.png,Yellow,Color,NA,NA,No,Yes,No,1,Normal,1000,NFS,828,Yellow,Orange,NA,NA,1x1,Dig Spot,,NA,NA,207,None,None,None,None,None,Yes,Haniwa,No,No lighting,Melody,Not for sale,2.0.0,Yes,FtrHaniwaMelody02_Remake_0_0,0_0,14056,JzeaDWnEw5PmA9HsR
arfoid,https://acnhcdn.com/latest/FtrIcon/FtrHaniwaMelody02_Remake_1_0.png,Brown,Color,NA,NA,No,Yes,No,1,Normal,1000,NFS,828,Brown,Brown,NA,NA,1x1,Dig Spot,,NA,NA,207,None,None,None,None,None,Yes,Haniwa,No,No lighting,Melody,Not for sale,2.0.0,Yes,FtrHaniwaMelody02_Remake_1_0,1_0,14056,j7fH8LTP7eE7xpkcD
arfoid,https://acnhcdn.com/latest/FtrIcon/FtrHaniwaMelody02_Remake_2_0.png,Green,Color,NA,NA,No,Yes,No,1,Normal,1000,NFS,828,Green,Green,NA,NA,1x1,Dig Spot,,NA,NA,207,None,None,None,None,None,Yes,Haniwa,No,No lighting,Melody,Not for sale,2.0.0,Yes,FtrHaniwaMelody02_Remake_2_0,2_0,14056,BcuaRWuFvnx23qbEu
arfoid,https://acnhcdn.com/latest/FtrIcon/FtrHaniwaMelody02_Remake_3_0.png,Pink,Color,NA,NA,No,Yes,No,1,Normal,1000,NFS,828,Pink,Pink,NA,NA,1x1,Dig Spot,,NA,NA,207,None,None,None,None,None,Yes,Haniwa,No,No lighting,Melody,Not for sale,2.0.0,Yes,FtrHaniwaMelody02_Remake_3_0,3_0,14056,CHfXBgGM5JJ2ZNYv9
arfoid,https://acnhcdn.com/latest/FtrIcon/FtrHaniwaMelody02_Remake_4_0.png,Blue,Color,NA,NA,No,Yes,No,1,Normal,1000,NFS,828,Aqua,Blue,NA,NA,1x1,Dig Spot,,NA,NA,207,None,None,None,None,None,Yes,Haniwa,No,No lighting,Melody,Not for sale,2.0.0,Yes,FtrHaniwaMelody02_Remake_4_0,4_0,14056,B3pxocyqgxwjJtd6u
babbloid,https://acnhcdn.com/latest/FtrIcon/FtrHaniwaMelody01_Remake_0_0.png,Blue,Color,NA,NA,No,Yes,No,1,Normal,1000,NFS,828,Aqua,White,NA,NA,1x1,Dig Spot,,NA,NA,207,None,None,None,None,None,Yes,Haniwa,No,No lighting,Melody,Not for sale,2.0.0,Yes,FtrHaniwaMelody01_Remake_0_0,0_0,14047,9W6sgmuK9FAoYnAgJ
babbloid,https://acnhcdn.com/latest/FtrIcon/FtrHaniwaMelody01_Remake_1_0.png,Pink,Color,NA,NA,No,Yes,No,1,Normal,1000,NFS,828,Pink,Pink,NA,NA,1x1,Dig Spot,,NA,NA,207,None,None,None,None,None,Yes,Haniwa,No,No lighting,Melody,Not for sale,2.0.0,Yes,FtrHaniwaMelody01_Remake_1_0,1_0,14047,wqePHxASM2D5MzkhW
babbloid,https://acnhcdn.com/latest/FtrIcon/FtrHaniwaMelody01_Remake_2_0.png,Green,Color,NA,NA,No,Yes,No,1,Normal,1000,NFS,828,Green,White,NA,NA,1x1,Dig Spot,,NA,NA,207,None,None,None,None,None,Yes,Haniwa,No,No lighting,Melody,Not for sale,2.0.0,Yes,FtrHaniwaMelody01_Remake_2_0,2_0,14047,RaJnNHN9vtyitfNRp
babbloid,https://acnhcdn.com/latest/FtrIcon/FtrHaniwaMelody01_Remake_3_0.png,Purple,Color,NA,NA,No,Yes,No,1,Normal,1000,NFS,828,Purple,Pink,NA,NA,1x1,Dig Spot,,NA,NA,207,None,None,None,None,None,Yes,Haniwa,No,No lighting,Melody,Not for sale,2.0.0,Yes,FtrHaniwaMelody01_Remake_3_0,3_0,14047,7DcmhrnFjsMKyhyvs
babbloid,https://acnhcdn.com/latest/FtrIcon/FtrHaniwaMelody01_Remake_4_0.png,Brown,Color,NA,NA,No,Yes,No,1,Normal,1000,NFS,828,Brown,Beige,NA,NA,1x1,Dig Spot,,NA,NA,207,None,None,None,None,None,Yes,Haniwa,No,No lighting,Melody,Not for sale,2.0.0,Yes,FtrHaniwaMelody01_Remake_4_0,4_0,14047,iRFDM7XADzxAamc5h
babbloid,https://acnhcdn.com/latest/FtrIcon/FtrHaniwaMelody01_Remake_5_0.png,White,Color,NA,NA,No,Yes,No,1,Normal,1000,NFS,828,White,Colorful,NA,NA,1x1,Dig Spot,,NA,NA,207,None,None,None,None,None,Yes,Haniwa,No,No lighting,Melody,Not for sale,2.0.0,Yes,FtrHaniwaMelody01_Remake_5_0,5_0,14047,dK69jDDFGqLJ5gfEw
bendoid,https://acnhcdn.com/latest/FtrIcon/FtrHaniwaKick02_Remake_0_0.png,Orange,Color,NA,NA,No,Yes,No,1,Normal,1000,NFS,828,Orange,Yellow,NA,NA,1x1,Dig Spot,,NA,NA,207,None,None,None,None,None,Yes,Haniwa,No,No lighting,Kick,Not for sale,2.0.0,Yes,FtrHaniwaKick02_Remake_0_0,0_0,14082,nzZ8BhZMNuRXNGxkA
bendoid,https://acnhcdn.com/latest/FtrIcon/FtrHaniwaKick02_Remake_1_0.png,Beige,Color,NA,NA,No,Yes,No,1,Normal,1000,NFS,828,Beige,Brown,NA,NA,1x1,Dig Spot,,NA,NA,207,None,None,None,None,None,Yes,Haniwa,No,No lighting,Kick,Not for sale,2.0.0,Yes,FtrHaniwaKick02_Remake_1_0,1_0,14082,iBnNNvC7nGWL7tryz
bendoid,https://acnhcdn.com/latest/FtrIcon/FtrHaniwaKick02_Remake_2_0.png,Green,Color,NA,NA,No,Yes,No,1,Normal,1000,NFS,828,Green,Green,NA,NA,1x1,Dig Spot,,NA,NA,207,None,None,None,None,None,Yes,Haniwa,No,No lighting,Kick,Not for sale,2.0.0,Yes,FtrHaniwaKick02_Remake_2_0,2_0,14082,twv95nheGWR57tSKf
bendoid,https://acnhcdn.com/latest/FtrIcon/FtrHaniwaKick02_Remake_3_0.png,Brown,Color,NA,NA,No,Yes,No,1,Normal,1000,NFS,828,Brown,Red,NA,NA,1x1,Dig Spot,,NA,NA,207,None,None,None,None,None,Yes,Haniwa,No,No lighting,Kick,Not for sale,2.0.0,Yes,FtrHaniwaKick02_Remake_3_0,3_0,14082,7ips4Bj26grdqknHj
bendoid,https://acnhcdn.com/latest/FtrIcon/FtrHaniwaKick02_Remake_4_0.png,Blue,Color,NA,NA,No,Yes,No,1,Normal,1000,NFS,828,Aqua,White,NA,NA,1x1,Dig Spot,,NA,NA,207,None,None,None,None,None,Yes,Haniwa,No,No lighting,Kick,Not for sale,2.0.0,Yes,FtrHaniwaKick02_Remake_4_0,4_0,14082,sx5w3astuWQSZPwHY
bendoid,https://acnhcdn.com/latest/FtrIcon/FtrHaniwaKick02_Remake_5_0.png,Gray,Color,NA,NA,No,Yes,No,1,Normal,1000,NFS,828,Gray,Gray,NA,NA,1x1,Dig Spot,,NA,NA,207,None,None,None,None,None,Yes,Haniwa,No,No lighting,Kick,Not for sale,2.0.0,Yes,FtrHaniwaKick02_Remake_5_0,5_0,14082,rLx8Bvw5KYfbAoDCW
bloopoid,https://acnhcdn.com/latest/FtrIcon/FtrHaniwaSnare00_Remake_0_0.png,Blue,Color,NA,NA,No,Yes,No,1,Normal,1000,NFS,828,Aqua,Blue,NA,NA,1x1,Dig Spot,,NA,NA,207,None,None,None,None,None,Yes,Haniwa,No,No lighting,Snare,Not for sale,2.0.0,Yes,FtrHaniwaSnare00_Remake_0_0,0_0,14086,jJ5qYcuccjfRXTuAj
bloopoid,https://acnhcdn.com/latest/FtrIcon/FtrHaniwaSnare00_Remake_1_0.png,Red,Color,NA,NA,No,Yes,No,1,Normal,1000,NFS,828,Orange,Red,NA,NA,1x1,Dig Spot,,NA,NA,207,None,None,None,None,None,Yes,Haniwa,No,No lighting,Snare,Not for sale,2.0.0,Yes,FtrHaniwaSnare00_Remake_1_0,1_0,14086,4ygoAekmHeQR6qsx2
bloopoid,https://acnhcdn.com/latest/FtrIcon/FtrHaniwaSnare00_Remake_2_0.png,Green,Color,NA,NA,No,Yes,No,1,Normal,1000,NFS,828,Yellow,Green,NA,NA,1x1,Dig Spot,,NA,NA,207,None,None,None,None,None,Yes,Haniwa,No,No lighting,Snare,Not for sale,2.0.0,Yes,FtrHaniwaSnare00_Remake_2_0,2_0,14086,jLoixeQfRW76YwRam
bloopoid,https://acnhcdn.com/latest/FtrIcon/FtrHaniwaSnare00_Remake_3_0.png,Purple,Color,NA,NA,No,Yes,No,1,Normal,1000,NFS,828,Purple,Purple,NA,NA,1x1,Dig Spot,,NA,NA,207,None,None,None,None,None,Yes,Haniwa,No,No lighting,Snare,Not for sale,2.0.0,Yes,FtrHaniwaSnare00_Remake_3_0,3_0,14086,HxpcrjDmFaaaLaDze
boioingoid,https://acnhcdn.com/latest/FtrIcon/FtrHaniwaCrash00_Remake_0_0.png,Orange,Color,NA,NA,No,Yes,No,1,Normal,1000,NFS,828,Beige,Brown,NA,NA,1x1,Dig Spot,,NA,NA,207,None,None,None,None,None,Yes,Haniwa,No,No lighting,Crash,Not for sale,2.0.0,Yes,FtrHaniwaCrash00_Remake_0_0,0_0,14098,Phox4Q4uxne3f7RNZ
boioingoid,https://acnhcdn.com/latest/FtrIcon/FtrHaniwaCrash00_Remake_1_0.png,Green,Color,NA,NA,No,Yes,No,1,Normal,1000,NFS,828,Green,Green,NA,NA,1x1,Dig Spot,,NA,NA,207,None,None,None,None,None,Yes,Haniwa,No,No lighting,Crash,Not for sale,2.0.0,Yes,FtrHaniwaCrash00_Remake_1_0,1_0,14098,dFRdhcbbpH9MAsLz8
boioingoid,https://acnhcdn.com/latest/FtrIcon/FtrHaniwaCrash00_Remake_2_0.png,Blue,Color,NA,NA,No,Yes,No,1,Normal,1000,NFS,828,Aqua,Beige,NA,NA,1x1,Dig Spot,,NA,NA,207,None,None,None,None,None,Yes,Haniwa,No,No lighting,Crash,Not for sale,2.0.0,Yes,FtrHaniwaCrash00_Remake_2_0,2_0,14098,r9zWRJ27owu68fJeC
boioingoid,https://acnhcdn.com/latest/FtrIcon/FtrHaniwaCrash00_Remake_3_0.png,Purple,Color,NA,NA,No,Yes,No,1,Normal,1000,NFS,828,Purple,Pink,NA,NA,1x1,Dig Spot,,NA,NA,207,None,None,None,None,None,Yes,Haniwa,No,No lighting,Crash,Not for sale,2.0.0,Yes,FtrHaniwaCrash00_Remake_3_0,3_0,14098,iK6eTwafFNsFQ7itR
boioingoid,https://acnhcdn.com/latest/FtrIcon/FtrHaniwaCrash00_Remake_4_0.png,Black,Color,NA,NA,No,Yes,No,1,Normal,1000,NFS,828,Black,Gray,NA,NA,1x1,Dig Spot,,NA,NA,207,None,None,None,None,None,Yes,Haniwa,No,No lighting,Crash,Not for sale,2.0.0,Yes,FtrHaniwaCrash00_Remake_4_0,4_0,14098,PJyZFnEnQhuQMfNjc
boioingoid,https://acnhcdn.com/latest/FtrIcon/FtrHaniwaCrash00_Remake_5_0.png,Wood,Color,NA,NA,No,Yes,No,1,Normal,1000,NFS,828,Brown,Beige,NA,NA,1x1,Dig Spot,,NA,NA,207,None,None,None,None,None,Yes,Haniwa,No,No lighting,Crash,Not for sale,2.0.0,Yes,FtrHaniwaCrash00_Remake_5_0,5_0,14098,o93EYRxwspQqwXzBB
boomoid,https://acnhcdn.com/latest/FtrIcon/FtrHaniwaKick03_Remake_0_0.png,Brown,Color,NA,NA,No,Yes,No,1,Normal,1000,NFS,828,Brown,Brown,NA,NA,1x1,Dig Spot,,NA,NA,207,None,None,None,None,None,Yes,Haniwa,No,No lighting,Kick,Not for sale,2.0.0,Yes,FtrHaniwaKick03_Remake_0_0,0_0,14083,tf32LnJeHNvsRkfX3
boomoid,https://acnhcdn.com/latest/FtrIcon/FtrHaniwaKick03_Remake_1_0.png,Camel,Color,NA,NA,No,Yes,No,1,Normal,1000,NFS,828,Yellow,Brown,NA,NA,1x1,Dig Spot,,NA,NA,207,None,None,None,None,None,Yes,Haniwa,No,No lighting,Kick,Not for sale,2.0.0,Yes,FtrHaniwaKick03_Remake_1_0,1_0,14083,4a3Ku9Po9Kybzioqq
boomoid,https://acnhcdn.com/latest/FtrIcon/FtrHaniwaKick03_Remake_2_0.png,Green,Color,NA,NA,No,Yes,No,1,Normal,1000,NFS,828,Green,Brown,NA,NA,1x1,Dig Spot,,NA,NA,207,None,None,None,None,None,Yes,Haniwa,No,No lighting,Kick,Not for sale,2.0.0,Yes,FtrHaniwaKick03_Remake_2_0,2_0,14083,En8kpWp2HtBSyggzS
boomoid,https://acnhcdn.com/latest/FtrIcon/FtrHaniwaKick03_Remake_3_0.png,Blue,Color,NA,NA,No,Yes,No,1,Normal,1000,NFS,828,Blue,Aqua,NA,NA,1x1,Dig Spot,,NA,NA,207,None,None,None,None,None,Yes,Haniwa,No,No lighting,Kick,Not for sale,2.0.0,Yes,FtrHaniwaKick03_Remake_3_0,3_0,14083,4dJAhBXMjbGYhowW4
boomoid,https://acnhcdn.com/latest/FtrIcon/FtrHaniwaKick03_Remake_4_0.png,Purple,Color,NA,NA,No,Yes,No,1,Normal,1000,NFS,828,Purple,Pink,NA,NA,1x1,Dig Spot,,NA,NA,207,None,None,None,None,None,Yes,Haniwa,No,No lighting,Kick,Not for sale,2.0.0,Yes,FtrHaniwaKick03_Remake_4_0,4_0,14083,hMs8n9zwDaNWAaTuJ
boomoid,https://acnhcdn.com/latest/FtrIcon/FtrHaniwaKick03_Remake_5_0.png,Black,Color,NA,NA,No,Yes,No,1,Normal,1000,NFS,828,Black,Gray,NA,NA,1x1,Dig Spot,,NA,NA,207,None,None,None,None,None,Yes,Haniwa,No,No lighting,Kick,Not for sale,2.0.0,Yes,FtrHaniwaKick03_Remake_5_0,5_0,14083,hGuW5Y4MBKAPAop5i
brewstoid,https://acnhcdn.com/latest/FtrIcon/FtrHaniwaSnare04.png,NA,NA,NA,NA,No,No,No,NA,None,NA,NFS,828,Green,Black,NA,NA,1x1,Brewster,Sit down for coffee on 50 different days,NA,NA,153,None,None,None,None,None,Yes,Haniwa,No,No lighting,Snare,Not for sale,2.0.0,Yes,FtrHaniwaSnare04,NA,14090,8bTnQQq6orJEegzWZ
bubbloid,https://acnhcdn.com/latest/FtrIcon/FtrHaniwaMelody12_Remake_0_0.png,Brown,Color,NA,NA,No,Yes,No,1,Normal,1000,NFS,828,Brown,Brown,NA,NA,1x1,Dig Spot,,NA,NA,207,None,None,None,None,None,Yes,Haniwa,No,No lighting,Melody,Not for sale,2.0.0,Yes,FtrHaniwaMelody12_Remake_0_0,0_0,14066,LJfA5BTFhyFCrD4By
bubbloid,https://acnhcdn.com/latest/FtrIcon/FtrHaniwaMelody12_Remake_1_0.png,Green,Color,NA,NA,No,Yes,No,1,Normal,1000,NFS,828,Green,Green,NA,NA,1x1,Dig Spot,,NA,NA,207,None,None,None,None,None,Yes,Haniwa,No,No lighting,Melody,Not for sale,2.0.0,Yes,FtrHaniwaMelody12_Remake_1_0,1_0,14066,MwTRAZJt6zPgGLqEx
bubbloid,https://acnhcdn.com/latest/FtrIcon/FtrHaniwaMelody12_Remake_2_0.png,Pink,Color,NA,NA,No,Yes,No,1,Normal,1000,NFS,828,Pink,Pink,NA,NA,1x1,Dig Spot,,NA,NA,207,None,None,None,None,None,Yes,Haniwa,No,No lighting,Melody,Not for sale,2.0.0,Yes,FtrHaniwaMelody12_Remake_2_0,2_0,14066,g2BLkiDYHnoddAwJA
bubbloid,https://acnhcdn.com/latest/FtrIcon/FtrHaniwaMelody12_Remake_3_0.png,Purple,Color,NA,NA,No,Yes,No,1,Normal,1000,NFS,828,Purple,Purple,NA,NA,1x1,Dig Spot,,NA,NA,207,None,None,None,None,None,Yes,Haniwa,No,No lighting,Melody,Not for sale,2.0.0,Yes,FtrHaniwaMelody12_Remake_3_0,3_0,14066,QZJ44szMGx2rpa9ar
bubbloid,https://acnhcdn.com/latest/FtrIcon/FtrHaniwaMelody12_Remake_4_0.png,White,Color,NA,NA,No,Yes,No,1,Normal,1000,NFS,828,White,Aqua,NA,NA,1x1,Dig Spot,,NA,NA,207,None,None,None,None,None,Yes,Haniwa,No,No lighting,Melody,Not for sale,2.0.0,Yes,FtrHaniwaMelody12_Remake_4_0,4_0,14066,utsjEsjRDFna29drm
bwongoid,https://acnhcdn.com/latest/FtrIcon/FtrHaniwaMelody04_Remake_0_0.png,Brown,Color,NA,NA,No,Yes,No,1,Normal,1000,NFS,828,Brown,Blue,NA,NA,1x1,Dig Spot,,NA,NA,207,None,None,None,None,None,Yes,Haniwa,No,No lighting,Melody,Not for sale,2.0.0,Yes,FtrHaniwaMelody04_Remake_0_0,0_0,14058,HJiRPPSmtnofjcdsG
bwongoid,https://acnhcdn.com/latest/FtrIcon/FtrHaniwaMelody04_Remake_1_0.png,Yellow,Color,NA,NA,No,Yes,No,1,Normal,1000,NFS,828,Yellow,Green,NA,NA,1x1,Dig Spot,,NA,NA,207,None,None,None,None,None,Yes,Haniwa,No,No lighting,Melody,Not for sale,2.0.0,Yes,FtrHaniwaMelody04_Remake_1_0,1_0,14058,Xx8hum9au5hx5vwo3
bwongoid,https://acnhcdn.com/latest/FtrIcon/FtrHaniwaMelody04_Remake_2_0.png,Green,Color,NA,NA,No,Yes,No,1,Normal,1000,NFS,828,Green,Brown,NA,NA,1x1,Dig Spot,,NA,NA,207,None,None,None,None,None,Yes,Haniwa,No,No lighting,Melody,Not for sale,2.0.0,Yes,FtrHaniwaMelody04_Remake_2_0,2_0,14058,MwiwsdWNmyGpKJKkt
bwongoid,https://acnhcdn.com/latest/FtrIcon/FtrHaniwaMelody04_Remake_3_0.png,Blue,Color,NA,NA,No,Yes,No,1,Normal,1000,NFS,828,Aqua,Purple,NA,NA,1x1,Dig Spot,,NA,NA,207,None,None,None,None,None,Yes,Haniwa,No,No lighting,Melody,Not for sale,2.0.0,Yes,FtrHaniwaMelody04_Remake_3_0,3_0,14058,CimmAva3yZRKy5LLA
clatteroid,https://acnhcdn.com/latest/FtrIcon/FtrHaniwaSnare03_Remake_0_0.png,Pop,Color,NA,NA,No,Yes,No,1,Normal,1000,NFS,828,Beige,Colorful,NA,NA,1x1,Dig Spot,,NA,NA,207,None,None,None,None,None,Yes,Haniwa,No,No lighting,Snare,Not for sale,2.0.0,Yes,FtrHaniwaSnare03_Remake_0_0,0_0,14089,7J25rfm8vr9QhbbkS
clatteroid,https://acnhcdn.com/latest/FtrIcon/FtrHaniwaSnare03_Remake_1_0.png,Natural,Color,NA,NA,No,Yes,No,1,Normal,1000,NFS,828,Beige,Brown,NA,NA,1x1,Dig Spot,,NA,NA,207,None,None,None,None,None,Yes,Haniwa,No,No lighting,Snare,Not for sale,2.0.0,Yes,FtrHaniwaSnare03_Remake_1_0,1_0,14089,oqiuuGcqkHTRxGGYw
clatteroid,https://acnhcdn.com/latest/FtrIcon/FtrHaniwaSnare03_Remake_2_0.png,Cool,Color,NA,NA,No,Yes,No,1,Normal,1000,NFS,828,Yellow,Blue,NA,NA,1x1,Dig Spot,,NA,NA,207,None,None,None,None,None,Yes,Haniwa,No,No lighting,Snare,Not for sale,2.0.0,Yes,FtrHaniwaSnare03_Remake_2_0,2_0,14089,mTaSLHRrsJeDk5WJr
clatteroid,https://acnhcdn.com/latest/FtrIcon/FtrHaniwaSnare03_Remake_3_0.png,Cute,Color,NA,NA,No,Yes,No,1,Normal,1000,NFS,828,Pink,Colorful,NA,NA,1x1,Dig Spot,,NA,NA,207,None,None,None,None,None,Yes,Haniwa,No,No lighting,Snare,Not for sale,2.0.0,Yes,FtrHaniwaSnare03_Remake_3_0,3_0,14089,zC6zNREBCsaqKdeC7
clatteroid,https://acnhcdn.com/latest/FtrIcon/FtrHaniwaSnare03_Remake_4_0.png,Chic,Color,NA,NA,No,Yes,No,1,Normal,1000,NFS,828,White,Black,NA,NA,1x1,Dig Spot,,NA,NA,207,None,None,None,None,None,Yes,Haniwa,No,No lighting,Snare,Not for sale,2.0.0,Yes,FtrHaniwaSnare03_Remake_4_0,4_0,14089,ML7RwjzsXpLtZgmQW
crumploid,https://acnhcdn.com/latest/FtrIcon/FtrHaniwaSnare02_Remake_0_0.png,Yellow,Color,NA,NA,No,Yes,No,1,Normal,1000,NFS,828,Yellow,Orange,NA,NA,1x1,Dig Spot,,NA,NA,207,None,None,None,None,None,Yes,Haniwa,No,No lighting,Snare,Not for sale,2.0.0,Yes,FtrHaniwaSnare02_Remake_0_0,0_0,14088,em76obCKYxcMYSHbr
crumploid,https://acnhcdn.com/latest/FtrIcon/FtrHaniwaSnare02_Remake_1_0.png,Brown,Color,NA,NA,No,Yes,No,1,Normal,1000,NFS,828,Brown,Brown,NA,NA,1x1,Dig Spot,,NA,NA,207,None,None,None,None,None,Yes,Haniwa,No,No lighting,Snare,Not for sale,2.0.0,Yes,FtrHaniwaSnare02_Remake_1_0,1_0,14088,yeAKxwpHdTWSv7uNn
crumploid,https://acnhcdn.com/latest/FtrIcon/FtrHaniwaSnare02_Remake_2_0.png,Blue,Color,NA,NA,No,Yes,No,1,Normal,1000,NFS,828,Aqua,Blue,NA,NA,1x1,Dig Spot,,NA,NA,207,None,None,None,None,None,Yes,Haniwa,No,No lighting,Snare,Not for sale,2.0.0,Yes,FtrHaniwaSnare02_Remake_2_0,2_0,14088,ucYoB3AWT4gEj2iZQ
crumploid,https://acnhcdn.com/latest/FtrIcon/FtrHaniwaSnare02_Remake_3_0.png,Red,Color,NA,NA,No,Yes,No,1,Normal,1000,NFS,828,Pink,Red,NA,NA,1x1,Dig Spot,,NA,NA,207,None,None,None,None,None,Yes,Haniwa,No,No lighting,Snare,Not for sale,2.0.0,Yes,FtrHaniwaSnare02_Remake_3_0,3_0,14088,NamEj8SET5d4PjAJE
crumploid,https://acnhcdn.com/latest/FtrIcon/FtrHaniwaSnare02_Remake_4_0.png,Green,Color,NA,NA,No,Yes,No,1,Normal,1000,NFS,828,Green,Green,NA,NA,1x1,Dig Spot,,NA,NA,207,None,None,None,None,None,Yes,Haniwa,No,No lighting,Snare,Not for sale,2.0.0,Yes,FtrHaniwaSnare02_Remake_4_0,4_0,14088,dXXhoyCQgq3wMLApR
crumploid,https://acnhcdn.com/latest/FtrIcon/FtrHaniwaSnare02_Remake_5_0.png,Black,Color,NA,NA,No,Yes,No,1,Normal,1000,NFS,828,Black,Black,NA,NA,1x1,Dig Spot,,NA,NA,207,None,None,None,None,None,Yes,Haniwa,No,No lighting,Snare,Not for sale,2.0.0,Yes,FtrHaniwaSnare02_Remake_5_0,5_0,14088,6S9RxwtPqaByY8g7b
dootoid,https://acnhcdn.com/latest/FtrIcon/FtrHaniwaDrumSet03_Remake_0_0.png,Gray,Color,NA,NA,No,Yes,No,1,Normal,1000,NFS,828,Gray,Gray,NA,NA,1x1,Dig Spot,,NA,NA,207,None,None,None,None,None,Yes,Haniwa,No,No lighting,Drum set,Not for sale,2.0.0,Yes,FtrHaniwaDrumSet03_Remake_0_0,0_0,14077,x5WMC9bCWExRtzLMK
dootoid,https://acnhcdn.com/latest/FtrIcon/FtrHaniwaDrumSet03_Remake_1_0.png,Brown,Color,NA,NA,No,Yes,No,1,Normal,1000,NFS,828,Brown,Beige,NA,NA,1x1,Dig Spot,,NA,NA,207,None,None,None,None,None,Yes,Haniwa,No,No lighting,Drum set,Not for sale,2.0.0,Yes,FtrHaniwaDrumSet03_Remake_1_0,1_0,14077,DAodQEs2cMXLxrbgP
dootoid,https://acnhcdn.com/latest/FtrIcon/FtrHaniwaDrumSet03_Remake_2_0.png,Green,Color,NA,NA,No,Yes,No,1,Normal,1000,NFS,828,Green,Green,NA,NA,1x1,Dig Spot,,NA,NA,207,None,None,None,None,None,Yes,Haniwa,No,No lighting,Drum set,Not for sale,2.0.0,Yes,FtrHaniwaDrumSet03_Remake_2_0,2_0,14077,qJ4mDCDp5tvFuuv3L
dootoid,https://acnhcdn.com/latest/FtrIcon/FtrHaniwaDrumSet03_Remake_3_0.png,Pink,Color,NA,NA,No,Yes,No,1,Normal,1000,NFS,828,Pink,Pink,NA,NA,1x1,Dig Spot,,NA,NA,207,None,None,None,None,None,Yes,Haniwa,No,No lighting,Drum set,Not for sale,2.0.0,Yes,FtrHaniwaDrumSet03_Remake_3_0,3_0,14077,SDosepCRXEnuL3moe
dootoid,https://acnhcdn.com/latest/FtrIcon/FtrHaniwaDrumSet03_Remake_4_0.png,Blue,Color,NA,NA,No,Yes,No,1,Normal,1000,NFS,828,Blue,Blue,NA,NA,1x1,Dig Spot,,NA,NA,207,None,None,None,None,None,Yes,Haniwa,No,No lighting,Drum set,Not for sale,2.0.0,Yes,FtrHaniwaDrumSet03_Remake_4_0,4_0,14077,YsHeBQo7KB9kcqJTq
dootoid,https://acnhcdn.com/latest/FtrIcon/FtrHaniwaDrumSet03_Remake_5_0.png,White,Color,NA,NA,No,Yes,No,1,Normal,1000,NFS,828,White,Beige,NA,NA,1x1,Dig Spot,,NA,NA,207,None,None,None,None,None,Yes,Haniwa,No,No lighting,Drum set,Not for sale,2.0.0,Yes,FtrHaniwaDrumSet03_Remake_5_0,5_0,14077,jRKoogv4aPaDyXnFR
dootoid,https://acnhcdn.com/latest/FtrIcon/FtrHaniwaDrumSet03_Remake_6_0.png,Black,Color,NA,NA,No,Yes,No,1,Normal,1000,NFS,828,Black,Gray,NA,NA,1x1,Dig Spot,,NA,NA,207,None,None,None,None,None,Yes,Haniwa,No,No lighting,Drum set,Not for sale,2.0.0,Yes,FtrHaniwaDrumSet03_Remake_6_0,6_0,14077,oJ4Xgtsje6QB5KQTy
drummoid,https://acnhcdn.com/latest/FtrIcon/FtrHaniwaDrumSet02_Remake_0_0.png,Blue,Color,NA,NA,No,Yes,No,1,Normal,1000,NFS,828,Blue,Yellow,NA,NA,1x1,Dig Spot,,NA,NA,207,None,None,None,None,None,Yes,Haniwa,No,No lighting,Drum set,Not for sale,2.0.0,Yes,FtrHaniwaDrumSet02_Remake_0_0,0_0,14076,3FxTEEABz9pzypv6e
drummoid,https://acnhcdn.com/latest/FtrIcon/FtrHaniwaDrumSet02_Remake_1_0.png,Green,Color,NA,NA,No,Yes,No,1,Normal,1000,NFS,828,Green,Orange,NA,NA,1x1,Dig Spot,,NA,NA,207,None,None,None,None,None,Yes,Haniwa,No,No lighting,Drum set,Not for sale,2.0.0,Yes,FtrHaniwaDrumSet02_Remake_1_0,1_0,14076,8ZZXNwQnAS6bh6hF7
drummoid,https://acnhcdn.com/latest/FtrIcon/FtrHaniwaDrumSet02_Remake_2_0.png,Brown,Color,NA,NA,No,Yes,No,1,Normal,1000,NFS,828,Brown,Aqua,NA,NA,1x1,Dig Spot,,NA,NA,207,None,None,None,None,None,Yes,Haniwa,No,No lighting,Drum set,Not for sale,2.0.0,Yes,FtrHaniwaDrumSet02_Remake_2_0,2_0,14076,LmLwAqrn2gmyy94CG
drummoid,https://acnhcdn.com/latest/FtrIcon/FtrHaniwaDrumSet02_Remake_3_0.png,Purple,Color,NA,NA,No,Yes,No,1,Normal,1000,NFS,828,Purple,Pink,NA,NA,1x1,Dig Spot,,NA,NA,207,None,None,None,None,None,Yes,Haniwa,No,No lighting,Drum set,Not for sale,2.0.0,Yes,FtrHaniwaDrumSet02_Remake_3_0,3_0,14076,wL8H5i45pvaN4ez43
drummoid,https://acnhcdn.com/latest/FtrIcon/FtrHaniwaDrumSet02_Remake_4_0.png,Gray,Color,NA,NA,No,Yes,No,1,Normal,1000,NFS,828,Black,Gray,NA,NA,1x1,Dig Spot,,NA,NA,207,None,None,None,None,None,Yes,Haniwa,No,No lighting,Drum set,Not for sale,2.0.0,Yes,FtrHaniwaDrumSet02_Remake_4_0,4_0,14076,PtxT2A6XiDPi7sDrr
flutteroid,https://acnhcdn.com/latest/FtrIcon/FtrHaniwaHiHat03_Remake_0_0.png,Orange,Color,NA,NA,No,Yes,No,1,Normal,1000,NFS,828,Orange,Purple,NA,NA,1x1,Dig Spot,,NA,NA,207,None,None,None,None,None,Yes,Haniwa,No,No lighting,Hi-hat,Not for sale,2.0.0,Yes,FtrHaniwaHiHat03_Remake_0_0,0_0,14095,PnANnG3CmoM7bbYo5
flutteroid,https://acnhcdn.com/latest/FtrIcon/FtrHaniwaHiHat03_Remake_1_0.png,Yellow,Color,NA,NA,No,Yes,No,1,Normal,1000,NFS,828,Yellow,White,NA,NA,1x1,Dig Spot,,NA,NA,207,None,None,None,None,None,Yes,Haniwa,No,No lighting,Hi-hat,Not for sale,2.0.0,Yes,FtrHaniwaHiHat03_Remake_1_0,1_0,14095,pYQn6jhuzQWLM4xaS
flutteroid,https://acnhcdn.com/latest/FtrIcon/FtrHaniwaHiHat03_Remake_2_0.png,Green,Color,NA,NA,No,Yes,No,1,Normal,1000,NFS,828,Green,Green,NA,NA,1x1,Dig Spot,,NA,NA,207,None,None,None,None,None,Yes,Haniwa,No,No lighting,Hi-hat,Not for sale,2.0.0,Yes,FtrHaniwaHiHat03_Remake_2_0,2_0,14095,KofmhMtLMLxjzg9s9
flutteroid,https://acnhcdn.com/latest/FtrIcon/FtrHaniwaHiHat03_Remake_3_0.png,Pink,Color,NA,NA,No,Yes,No,1,Normal,1000,NFS,828,Pink,Pink,NA,NA,1x1,Dig Spot,,NA,NA,207,None,None,None,None,None,Yes,Haniwa,No,No lighting,Hi-hat,Not for sale,2.0.0,Yes,FtrHaniwaHiHat03_Remake_3_0,3_0,14095,NJe72u8Funhrzi2pX
flutteroid,https://acnhcdn.com/latest/FtrIcon/FtrHaniwaHiHat03_Remake_4_0.png,Purple,Color,NA,NA,No,Yes,No,1,Normal,1000,NFS,828,Purple,Aqua,NA,NA,1x1,Dig Spot,,NA,NA,207,None,None,None,None,None,Yes,Haniwa,No,No lighting,Hi-hat,Not for sale,2.0.0,Yes,FtrHaniwaHiHat03_Remake_4_0,4_0,14095,KbTCmZxTdRTzx4WrD
jingloid,https://acnhcdn.com/latest/FtrIcon/FtrHaniwaCrash02_Remake_0_0.png,Purple,Color,NA,NA,No,Yes,No,1,Normal,1000,NFS,828,Purple,Purple,NA,NA,1x1,Dig Spot,,NA,NA,207,None,None,None,None,None,Yes,Haniwa,No,No lighting,Crash,Not for sale,2.0.0,Yes,FtrHaniwaCrash02_Remake_0_0,0_0,14100,SHBN9jqjR6Yu5kw7X
jingloid,https://acnhcdn.com/latest/FtrIcon/FtrHaniwaCrash02_Remake_1_0.png,Gold,Color,NA,NA,No,Yes,No,1,Normal,1000,NFS,828,Yellow,Yellow,NA,NA,1x1,Dig Spot,,NA,NA,207,None,None,None,None,None,Yes,Haniwa,No,No lighting,Crash,Not for sale,2.0.0,Yes,FtrHaniwaCrash02_Remake_1_0,1_0,14100,QH2JzvyktqnyTRGAk
jingloid,https://acnhcdn.com/latest/FtrIcon/FtrHaniwaCrash02_Remake_2_0.png,Pink,Color,NA,NA,No,Yes,No,1,Normal,1000,NFS,828,Pink,Pink,NA,NA,1x1,Dig Spot,,NA,NA,207,None,None,None,None,None,Yes,Haniwa,No,No lighting,Crash,Not for sale,2.0.0,Yes,FtrHaniwaCrash02_Remake_2_0,2_0,14100,uoeXQ6YpWKZguELii
jingloid,https://acnhcdn.com/latest/FtrIcon/FtrHaniwaCrash02_Remake_3_0.png,Silver,Color,NA,NA,No,Yes,No,1,Normal,1000,NFS,828,Gray,Gray,NA,NA,1x1,Dig Spot,,NA,NA,207,None,None,None,None,None,Yes,Haniwa,No,No lighting,Crash,Not for sale,2.0.0,Yes,FtrHaniwaCrash02_Remake_3_0,3_0,14100,NLaYePxeua5ewfTKM
jingloid,https://acnhcdn.com/latest/FtrIcon/FtrHaniwaCrash02_Remake_4_0.png,Blue,Color,NA,NA,No,Yes,No,1,Normal,1000,NFS,828,Aqua,Colorful,NA,NA,1x1,Dig Spot,,NA,NA,207,None,None,None,None,None,Yes,Haniwa,No,No lighting,Crash,Not for sale,2.0.0,Yes,FtrHaniwaCrash02_Remake_4_0,4_0,14100,Y82RxftBpcAwTFFGB
laseroid,https://acnhcdn.com/latest/FtrIcon/FtrHaniwaMelody06_Remake_0_0.png,Green,Color,NA,NA,No,Yes,No,1,Normal,1000,NFS,828,Green,Pink,NA,NA,1x1,Dig Spot,,NA,NA,207,None,None,None,None,None,Yes,Haniwa,No,Fluorescent,Melody,Not for sale,2.0.0,Yes,FtrHaniwaMelody06_Remake_0_0,0_0,14060,TfJzAoKKah2XtstCg
laseroid,https://acnhcdn.com/latest/FtrIcon/FtrHaniwaMelody06_Remake_1_0.png,Yellow,Color,NA,NA,No,Yes,No,1,Normal,1000,NFS,828,Yellow,Orange,NA,NA,1x1,Dig Spot,,NA,NA,207,None,None,None,None,None,Yes,Haniwa,No,Fluorescent,Melody,Not for sale,2.0.0,Yes,FtrHaniwaMelody06_Remake_1_0,1_0,14060,dcD6eb3GLPoAHWD3i
laseroid,https://acnhcdn.com/latest/FtrIcon/FtrHaniwaMelody06_Remake_2_0.png,Pink,Color,NA,NA,No,Yes,No,1,Normal,1000,NFS,828,Pink,Pink,NA,NA,1x1,Dig Spot,,NA,NA,207,None,None,None,None,None,Yes,Haniwa,No,Fluorescent,Melody,Not for sale,2.0.0,Yes,FtrHaniwaMelody06_Remake_2_0,2_0,14060,TZThNwk4MZEJ6QcRN
laseroid,https://acnhcdn.com/latest/FtrIcon/FtrHaniwaMelody06_Remake_3_0.png,Blue,Color,NA,NA,No,Yes,No,1,Normal,1000,NFS,828,Aqua,Pink,NA,NA,1x1,Dig Spot,,NA,NA,207,None,None,None,None,None,Yes,Haniwa,No,Fluorescent,Melody,Not for sale,2.0.0,Yes,FtrHaniwaMelody06_Remake_3_0,3_0,14060,YxheX9JpfrYA9XGk2
laseroid,https://acnhcdn.com/latest/FtrIcon/FtrHaniwaMelody06_Remake_4_0.png,Silver,Color,NA,NA,No,Yes,No,1,Normal,1000,NFS,828,Gray,Aqua,NA,NA,1x1,Dig Spot,,NA,NA,207,None,None,None,None,None,Yes,Haniwa,No,Fluorescent,Melody,Not for sale,2.0.0,Yes,FtrHaniwaMelody06_Remake_4_0,4_0,14060,y2NfpzKhnwhMmg7KY
oinkoid,https://acnhcdn.com/latest/FtrIcon/FtrHaniwaMelody10_Remake_0_0.png,Beige,Color,NA,NA,No,Yes,No,1,Normal,1000,NFS,828,Beige,Purple,NA,NA,1x1,Dig Spot,,NA,NA,207,None,None,None,None,None,Yes,Haniwa,No,No lighting,Melody,Not for sale,2.0.0,Yes,FtrHaniwaMelody10_Remake_0_0,0_0,14064,CvNnWjCvnDJaTn8NL
oinkoid,https://acnhcdn.com/latest/FtrIcon/FtrHaniwaMelody10_Remake_1_0.png,Brown,Color,NA,NA,No,Yes,No,1,Normal,1000,NFS,828,Brown,Blue,NA,NA,1x1,Dig Spot,,NA,NA,207,None,None,None,None,None,Yes,Haniwa,No,No lighting,Melody,Not for sale,2.0.0,Yes,FtrHaniwaMelody10_Remake_1_0,1_0,14064,XkPAZ2ZPwwj9qjEcj
oinkoid,https://acnhcdn.com/latest/FtrIcon/FtrHaniwaMelody10_Remake_2_0.png,Yellow,Color,NA,NA,No,Yes,No,1,Normal,1000,NFS,828,Yellow,Brown,NA,NA,1x1,Dig Spot,,NA,NA,207,None,None,None,None,None,Yes,Haniwa,No,No lighting,Melody,Not for sale,2.0.0,Yes,FtrHaniwaMelody10_Remake_2_0,2_0,14064,TYq3Sy3J6BiSYnGg9
oinkoid,https://acnhcdn.com/latest/FtrIcon/FtrHaniwaMelody10_Remake_3_0.png,Blue,Color,NA,NA,No,Yes,No,1,Normal,1000,NFS,828,Aqua,Green,NA,NA,1x1,Dig Spot,,NA,NA,207,None,None,None,None,None,Yes,Haniwa,No,No lighting,Melody,Not for sale,2.0.0,Yes,FtrHaniwaMelody10_Remake_3_0,3_0,14064,dYSvLEQvhfysTyqZ7
oinkoid,https://acnhcdn.com/latest/FtrIcon/FtrHaniwaMelody10_Remake_4_0.png,Pink,Color,NA,NA,No,Yes,No,1,Normal,1000,NFS,828,Pink,Red,NA,NA,1x1,Dig Spot,,NA,NA,207,None,None,None,None,None,Yes,Haniwa,No,No lighting,Melody,Not for sale,2.0.0,Yes,FtrHaniwaMelody10_Remake_4_0,4_0,14064,G7NZZTHmyBbiaq4N8
oinkoid,https://acnhcdn.com/latest/FtrIcon/FtrHaniwaMelody10_Remake_5_0.png,Black,Color,NA,NA,No,Yes,No,1,Normal,1000,NFS,828,Black,Gray,NA,NA,1x1,Dig Spot,,NA,NA,207,None,None,None,None,None,Yes,Haniwa,No,No lighting,Melody,Not for sale,2.0.0,Yes,FtrHaniwaMelody10_Remake_5_0,5_0,14064,Tfj8TThfSfoht39xy
petaloid,https://acnhcdn.com/latest/FtrIcon/FtrHaniwaMelody13_Remake_0_0.png,Green,Color,NA,NA,No,Yes,No,1,Normal,1000,NFS,828,Green,Yellow,NA,NA,1x1,Dig Spot,,NA,NA,207,None,None,None,None,None,Yes,Haniwa,No,No lighting,Melody,Not for sale,2.0.0,Yes,FtrHaniwaMelody13_Remake_0_0,0_0,14067,eT455JwgBZ96y2PpL
petaloid,https://acnhcdn.com/latest/FtrIcon/FtrHaniwaMelody13_Remake_1_0.png,Brown,Color,NA,NA,No,Yes,No,1,Normal,1000,NFS,828,Brown,Beige,NA,NA,1x1,Dig Spot,,NA,NA,207,None,None,None,None,None,Yes,Haniwa,No,No lighting,Melody,Not for sale,2.0.0,Yes,FtrHaniwaMelody13_Remake_1_0,1_0,14067,bTNGy796xgNJFBK44
petaloid,https://acnhcdn.com/latest/FtrIcon/FtrHaniwaMelody13_Remake_2_0.png,Yellow,Color,NA,NA,No,Yes,No,1,Normal,1000,NFS,828,Yellow,Purple,NA,NA,1x1,Dig Spot,,NA,NA,207,None,None,None,None,None,Yes,Haniwa,No,No lighting,Melody,Not for sale,2.0.0,Yes,FtrHaniwaMelody13_Remake_2_0,2_0,14067,BCnbn4NgpFyosNjzS
petaloid,https://acnhcdn.com/latest/FtrIcon/FtrHaniwaMelody13_Remake_3_0.png,Blue,Color,NA,NA,No,Yes,No,1,Normal,1000,NFS,828,Aqua,Yellow,NA,NA,1x1,Dig Spot,,NA,NA,207,None,None,None,None,None,Yes,Haniwa,No,No lighting,Melody,Not for sale,2.0.0,Yes,FtrHaniwaMelody13_Remake_3_0,3_0,14067,nYsxTGJ8x8ch4sfHt
petaloid,https://acnhcdn.com/latest/FtrIcon/FtrHaniwaMelody13_Remake_4_0.png,Pink,Color,NA,NA,No,Yes,No,1,Normal,1000,NFS,828,Pink,Yellow,NA,NA,1x1,Dig Spot,,NA,NA,207,None,None,None,None,None,Yes,Haniwa,No,No lighting,Melody,Not for sale,2.0.0,Yes,FtrHaniwaMelody13_Remake_4_0,4_0,14067,xx4YpiQEoW3QLTDHi
petaloid,https://acnhcdn.com/latest/FtrIcon/FtrHaniwaMelody13_Remake_5_0.png,Purple,Color,NA,NA,No,Yes,No,1,Normal,1000,NFS,828,Purple,Green,NA,NA,1x1,Dig Spot,,NA,NA,207,None,None,None,None,None,Yes,Haniwa,No,No lighting,Melody,Not for sale,2.0.0,Yes,FtrHaniwaMelody13_Remake_5_0,5_0,14067,daHiapjHoRfAg5q89
petaloid,https://acnhcdn.com/latest/FtrIcon/FtrHaniwaMelody13_Remake_6_0.png,White,Color,NA,NA,No,Yes,No,1,Normal,1000,NFS,828,White,Beige,NA,NA,1x1,Dig Spot,,NA,NA,207,None,None,None,None,None,Yes,Haniwa,No,No lighting,Melody,Not for sale,2.0.0,Yes,FtrHaniwaMelody13_Remake_6_0,6_0,14067,okcZ7zr7HNiZnGMPT
rattloid,https://acnhcdn.com/latest/FtrIcon/FtrHaniwaCrash03_Remake_0_0.png,Red,Color,NA,NA,No,Yes,No,1,Normal,1000,NFS,828,Red,Orange,NA,NA,1x1,Dig Spot,,NA,NA,207,None,None,None,None,None,Yes,Haniwa,No,No lighting,Crash,Not for sale,2.0.0,Yes,FtrHaniwaCrash03_Remake_0_0,0_0,14101,8fJBG54PLzNR7eNwT
rattloid,https://acnhcdn.com/latest/FtrIcon/FtrHaniwaCrash03_Remake_1_0.png,Brown,Color,NA,NA,No,Yes,No,1,Normal,1000,NFS,828,Brown,Brown,NA,NA,1x1,Dig Spot,,NA,NA,207,None,None,None,None,None,Yes,Haniwa,No,No lighting,Crash,Not for sale,2.0.0,Yes,FtrHaniwaCrash03_Remake_1_0,1_0,14101,YZvg2phjfBH3K6H49
rattloid,https://acnhcdn.com/latest/FtrIcon/FtrHaniwaCrash03_Remake_2_0.png,White,Color,NA,NA,No,Yes,No,1,Normal,1000,NFS,828,White,Pink,NA,NA,1x1,Dig Spot,,NA,NA,207,None,None,None,None,None,Yes,Haniwa,No,No lighting,Crash,Not for sale,2.0.0,Yes,FtrHaniwaCrash03_Remake_2_0,2_0,14101,uShTToJcco2N3Fw4u
rattloid,https://acnhcdn.com/latest/FtrIcon/FtrHaniwaCrash03_Remake_3_0.png,Blue,Color,NA,NA,No,Yes,No,1,Normal,1000,NFS,828,Aqua,White,NA,NA,1x1,Dig Spot,,NA,NA,207,None,None,None,None,None,Yes,Haniwa,No,No lighting,Crash,Not for sale,2.0.0,Yes,FtrHaniwaCrash03_Remake_3_0,3_0,14101,GbrCHWpKxigRRw3sx
rattloid,https://acnhcdn.com/latest/FtrIcon/FtrHaniwaCrash03_Remake_4_0.png,Green,Color,NA,NA,No,Yes,No,1,Normal,1000,NFS,828,Green,Green,NA,NA,1x1,Dig Spot,,NA,NA,207,None,None,None,None,None,Yes,Haniwa,No,No lighting,Crash,Not for sale,2.0.0,Yes,FtrHaniwaCrash03_Remake_4_0,4_0,14101,bS6i5MmvfLPJrRyXN
rattloid,https://acnhcdn.com/latest/FtrIcon/FtrHaniwaCrash03_Remake_5_0.png,Black,Color,NA,NA,No,Yes,No,1,Normal,1000,NFS,828,Black,Black,NA,NA,1x1,Dig Spot,,NA,NA,207,None,None,None,None,None,Yes,Haniwa,No,No lighting,Crash,Not for sale,2.0.0,Yes,FtrHaniwaCrash03_Remake_5_0,5_0,14101,RJE9WXB6HxcydqsDT
ringoid,https://acnhcdn.com/latest/FtrIcon/FtrHaniwaMelody09_Remake_0_0.png,Red,Color,NA,NA,No,Yes,No,1,Normal,1000,NFS,828,Red,Blue,NA,NA,1x1,Dig Spot,,NA,NA,207,None,None,None,None,None,Yes,Haniwa,No,No lighting,Melody,Not for sale,2.0.0,Yes,FtrHaniwaMelody09_Remake_0_0,0_0,14063,dTPEbXWszDXsYJPYE
ringoid,https://acnhcdn.com/latest/FtrIcon/FtrHaniwaMelody09_Remake_1_0.png,Yellow,Color,NA,NA,No,Yes,No,1,Normal,1000,NFS,828,Yellow,Beige,NA,NA,1x1,Dig Spot,,NA,NA,207,None,None,None,None,None,Yes,Haniwa,No,No lighting,Melody,Not for sale,2.0.0,Yes,FtrHaniwaMelody09_Remake_1_0,1_0,14063,4zYMSwioGjc9g59MJ
ringoid,https://acnhcdn.com/latest/FtrIcon/FtrHaniwaMelody09_Remake_2_0.png,Green,Color,NA,NA,No,Yes,No,1,Normal,1000,NFS,828,Green,White,NA,NA,1x1,Dig Spot,,NA,NA,207,None,None,None,None,None,Yes,Haniwa,No,No lighting,Melody,Not for sale,2.0.0,Yes,FtrHaniwaMelody09_Remake_2_0,2_0,14063,3vMtcnGjgDJfDFSqC
ringoid,https://acnhcdn.com/latest/FtrIcon/FtrHaniwaMelody09_Remake_3_0.png,Blue,Color,NA,NA,No,Yes,No,1,Normal,1000,NFS,828,Aqua,Pink,NA,NA,1x1,Dig Spot,,NA,NA,207,None,None,None,None,None,Yes,Haniwa,No,No lighting,Melody,Not for sale,2.0.0,Yes,FtrHaniwaMelody09_Remake_3_0,3_0,14063,8BQcnoj9AdBwM3J3B
ringoid,https://acnhcdn.com/latest/FtrIcon/FtrHaniwaMelody09_Remake_4_0.png,Purple,Color,NA,NA,No,Yes,No,1,Normal,1000,NFS,828,Purple,Yellow,NA,NA,1x1,Dig Spot,,NA,NA,207,None,None,None,None,None,Yes,Haniwa,No,No lighting,Melody,Not for sale,2.0.0,Yes,FtrHaniwaMelody09_Remake_4_0,4_0,14063,A4krXyNkJb849WX8z
ringoid,https://acnhcdn.com/latest/FtrIcon/FtrHaniwaMelody09_Remake_5_0.png,White,Color,NA,NA,No,Yes,No,1,Normal,1000,NFS,828,White,Aqua,NA,NA,1x1,Dig Spot,,NA,NA,207,None,None,None,None,None,Yes,Haniwa,No,No lighting,Melody,Not for sale,2.0.0,Yes,FtrHaniwaMelody09_Remake_5_0,5_0,14063,qRnR2wqxJzdaEwEXE
rumbloid,https://acnhcdn.com/latest/FtrIcon/FtrHaniwaKick01_Remake_0_0.png,Purple,Color,NA,NA,No,Yes,No,1,Normal,1000,NFS,828,Purple,Purple,NA,NA,1x1,Dig Spot,,NA,NA,207,None,None,None,None,None,Yes,Haniwa,No,No lighting,Kick,Not for sale,2.0.0,Yes,FtrHaniwaKick01_Remake_0_0,0_0,14081,vjMiNcLibjYECkxkq
rumbloid,https://acnhcdn.com/latest/FtrIcon/FtrHaniwaKick01_Remake_1_0.png,Yellow,Color,NA,NA,No,Yes,No,1,Normal,1000,NFS,828,Yellow,Yellow,NA,NA,1x1,Dig Spot,,NA,NA,207,None,None,None,None,None,Yes,Haniwa,No,No lighting,Kick,Not for sale,2.0.0,Yes,FtrHaniwaKick01_Remake_1_0,1_0,14081,LMiF4qrxGBsa7YPFG
rumbloid,https://acnhcdn.com/latest/FtrIcon/FtrHaniwaKick01_Remake_2_0.png,Green,Color,NA,NA,No,Yes,No,1,Normal,1000,NFS,828,Green,Green,NA,NA,1x1,Dig Spot,,NA,NA,207,None,None,None,None,None,Yes,Haniwa,No,No lighting,Kick,Not for sale,2.0.0,Yes,FtrHaniwaKick01_Remake_2_0,2_0,14081,y6ugmmeCGHhrpku2N
rumbloid,https://acnhcdn.com/latest/FtrIcon/FtrHaniwaKick01_Remake_3_0.png,Pink,Color,NA,NA,No,Yes,No,1,Normal,1000,NFS,828,Pink,Pink,NA,NA,1x1,Dig Spot,,NA,NA,207,None,None,None,None,None,Yes,Haniwa,No,No lighting,Kick,Not for sale,2.0.0,Yes,FtrHaniwaKick01_Remake_3_0,3_0,14081,MMGyK7b3mm6GMZBTH
rumbloid,https://acnhcdn.com/latest/FtrIcon/FtrHaniwaKick01_Remake_4_0.png,Blue,Color,NA,NA,No,Yes,No,1,Normal,1000,NFS,828,Aqua,Blue,NA,NA,1x1,Dig Spot,,NA,NA,207,None,None,None,None,None,Yes,Haniwa,No,No lighting,Kick,Not for sale,2.0.0,Yes,FtrHaniwaKick01_Remake_4_0,4_0,14081,jTBhNGbMyJT25JcFW
rumbloid,https://acnhcdn.com/latest/FtrIcon/FtrHaniwaKick01_Remake_5_0.png,White,Color,NA,NA,No,Yes,No,1,Normal,1000,NFS,828,White,Orange,NA,NA,1x1,Dig Spot,,NA,NA,207,None,None,None,None,None,Yes,Haniwa,No,No lighting,Kick,Not for sale,2.0.0,Yes,FtrHaniwaKick01_Remake_5_0,5_0,14081,SnXZijYWJPyywzceB
rumbloid,https://acnhcdn.com/latest/FtrIcon/FtrHaniwaKick01_Remake_6_0.png,Gray,Color,NA,NA,No,Yes,No,1,Normal,1000,NFS,828,Gray,Gray,NA,NA,1x1,Dig Spot,,NA,NA,207,None,None,None,None,None,Yes,Haniwa,No,No lighting,Kick,Not for sale,2.0.0,Yes,FtrHaniwaKick01_Remake_6_0,6_0,14081,ziF4XCu4d6AuHnxrR
scatteroid,https://acnhcdn.com/latest/FtrIcon/FtrHaniwaHiHat00_Remake_0_0.png,Light brown,Color,NA,NA,No,Yes,No,1,Normal,1000,NFS,828,Orange,Brown,NA,NA,1x1,Dig Spot,,NA,NA,207,None,None,None,None,None,Yes,Haniwa,No,No lighting,Hi-hat,Not for sale,2.0.0,Yes,FtrHaniwaHiHat00_Remake_0_0,0_0,14092,uqdcnDFeKLM3agHpj
scatteroid,https://acnhcdn.com/latest/FtrIcon/FtrHaniwaHiHat00_Remake_1_0.png,Brown,Color,NA,NA,No,Yes,No,1,Normal,1000,NFS,828,Brown,Red,NA,NA,1x1,Dig Spot,,NA,NA,207,None,None,None,None,None,Yes,Haniwa,No,No lighting,Hi-hat,Not for sale,2.0.0,Yes,FtrHaniwaHiHat00_Remake_1_0,1_0,14092,c8gD5b5bJumYEvjJh
scatteroid,https://acnhcdn.com/latest/FtrIcon/FtrHaniwaHiHat00_Remake_2_0.png,Green,Color,NA,NA,No,Yes,No,1,Normal,1000,NFS,828,Green,Green,NA,NA,1x1,Dig Spot,,NA,NA,207,None,None,None,None,None,Yes,Haniwa,No,No lighting,Hi-hat,Not for sale,2.0.0,Yes,FtrHaniwaHiHat00_Remake_2_0,2_0,14092,mDhHB5jRyYW583Ds8
scatteroid,https://acnhcdn.com/latest/FtrIcon/FtrHaniwaHiHat00_Remake_3_0.png,Pink,Color,NA,NA,No,Yes,No,1,Normal,1000,NFS,828,Pink,Purple,NA,NA,1x1,Dig Spot,,NA,NA,207,None,None,None,None,None,Yes,Haniwa,No,No lighting,Hi-hat,Not for sale,2.0.0,Yes,FtrHaniwaHiHat00_Remake_3_0,3_0,14092,uZhmStH2rYAipTGw6
scatteroid,https://acnhcdn.com/latest/FtrIcon/FtrHaniwaHiHat00_Remake_4_0.png,White,Color,NA,NA,No,Yes,No,1,Normal,1000,NFS,828,White,Aqua,NA,NA,1x1,Dig Spot,,NA,NA,207,None,None,None,None,None,Yes,Haniwa,No,No lighting,Hi-hat,Not for sale,2.0.0,Yes,FtrHaniwaHiHat00_Remake_4_0,4_0,14092,4LBKu9CfFnmuCWF9f
spikenoid,https://acnhcdn.com/latest/FtrIcon/FtrHaniwaHiHat01_Remake_0_0.png,Green,Color,NA,NA,No,Yes,No,1,Normal,1000,NFS,828,Green,Yellow,NA,NA,1x1,Dig Spot,,NA,NA,207,None,None,None,None,None,Yes,Haniwa,No,No lighting,Hi-hat,Not for sale,2.0.0,Yes,FtrHaniwaHiHat01_Remake_0_0,0_0,14093,7wqLb9iDPfxNPCQ7J
spikenoid,https://acnhcdn.com/latest/FtrIcon/FtrHaniwaHiHat01_Remake_1_0.png,Orange,Color,NA,NA,No,Yes,No,1,Normal,1000,NFS,828,Orange,Green,NA,NA,1x1,Dig Spot,,NA,NA,207,None,None,None,None,None,Yes,Haniwa,No,No lighting,Hi-hat,Not for sale,2.0.0,Yes,FtrHaniwaHiHat01_Remake_1_0,1_0,14093,fpWbxosn7wCN7D69x
spikenoid,https://acnhcdn.com/latest/FtrIcon/FtrHaniwaHiHat01_Remake_2_0.png,Brown,Color,NA,NA,No,Yes,No,1,Normal,1000,NFS,828,Brown,Brown,NA,NA,1x1,Dig Spot,,NA,NA,207,None,None,None,None,None,Yes,Haniwa,No,No lighting,Hi-hat,Not for sale,2.0.0,Yes,FtrHaniwaHiHat01_Remake_2_0,2_0,14093,qRynut9Adq235zZNf
spikenoid,https://acnhcdn.com/latest/FtrIcon/FtrHaniwaHiHat01_Remake_3_0.png,Light green,Color,NA,NA,No,Yes,No,1,Normal,1000,NFS,828,Green,Orange,NA,NA,1x1,Dig Spot,,NA,NA,207,None,None,None,None,None,Yes,Haniwa,No,No lighting,Hi-hat,Not for sale,2.0.0,Yes,FtrHaniwaHiHat01_Remake_3_0,3_0,14093,gGZdx5ewXg4y7H5h3
spikenoid,https://acnhcdn.com/latest/FtrIcon/FtrHaniwaHiHat01_Remake_4_0.png,Blue,Color,NA,NA,No,Yes,No,1,Normal,1000,NFS,828,Blue,Aqua,NA,NA,1x1,Dig Spot,,NA,NA,207,None,None,None,None,None,Yes,Haniwa,No,No lighting,Hi-hat,Not for sale,2.0.0,Yes,FtrHaniwaHiHat01_Remake_4_0,4_0,14093,qDPHppg6AHoCtXoxg
spikenoid,https://acnhcdn.com/latest/FtrIcon/FtrHaniwaHiHat01_Remake_5_0.png,Camel,Color,NA,NA,No,Yes,No,1,Normal,1000,NFS,828,Yellow,Purple,NA,NA,1x1,Dig Spot,,NA,NA,207,None,None,None,None,None,Yes,Haniwa,No,No lighting,Hi-hat,Not for sale,2.0.0,Yes,FtrHaniwaHiHat01_Remake_5_0,5_0,14093,hsERyTLqcNS9Q9vFS
spikenoid,https://acnhcdn.com/latest/FtrIcon/FtrHaniwaHiHat01_Remake_6_0.png,Gray,Color,NA,NA,No,Yes,No,1,Normal,1000,NFS,828,Gray,Brown,NA,NA,1x1,Dig Spot,,NA,NA,207,None,None,None,None,None,Yes,Haniwa,No,No lighting,Hi-hat,Not for sale,2.0.0,Yes,FtrHaniwaHiHat01_Remake_6_0,6_0,14093,fobHgEXsH5jZHTbAM
sproingoid,https://acnhcdn.com/latest/FtrIcon/FtrHaniwaSnare01_Remake_0_0.png,Camel,Color,NA,NA,No,Yes,No,1,Normal,1000,NFS,828,Beige,Brown,NA,NA,1x1,Dig Spot,,NA,NA,207,None,None,None,None,None,Yes,Haniwa,No,No lighting,Snare,Not for sale,2.0.0,Yes,FtrHaniwaSnare01_Remake_0_0,0_0,14087,izp6P8ee5aoQDoDtj
sproingoid,https://acnhcdn.com/latest/FtrIcon/FtrHaniwaSnare01_Remake_1_0.png,Green,Color,NA,NA,No,Yes,No,1,Normal,1000,NFS,828,Green,Green,NA,NA,1x1,Dig Spot,,NA,NA,207,None,None,None,None,None,Yes,Haniwa,No,No lighting,Snare,Not for sale,2.0.0,Yes,FtrHaniwaSnare01_Remake_1_0,1_0,14087,QQtuywNY4nKtwuyXR
sproingoid,https://acnhcdn.com/latest/FtrIcon/FtrHaniwaSnare01_Remake_2_0.png,Red,Color,NA,NA,No,Yes,No,1,Normal,1000,NFS,828,Red,Red,NA,NA,1x1,Dig Spot,,NA,NA,207,None,None,None,None,None,Yes,Haniwa,No,No lighting,Snare,Not for sale,2.0.0,Yes,FtrHaniwaSnare01_Remake_2_0,2_0,14087,gzmYYERemNzmgS4jo
sproingoid,https://acnhcdn.com/latest/FtrIcon/FtrHaniwaSnare01_Remake_3_0.png,Blue,Color,NA,NA,No,Yes,No,1,Normal,1000,NFS,828,Blue,Blue,NA,NA,1x1,Dig Spot,,NA,NA,207,None,None,None,None,None,Yes,Haniwa,No,No lighting,Snare,Not for sale,2.0.0,Yes,FtrHaniwaSnare01_Remake_3_0,3_0,14087,L96gQcAnqNFzA7kQZ
squeakoid,https://acnhcdn.com/latest/FtrIcon/FtrHaniwaMelody07_Remake_0_0.png,Yellow,Color,NA,NA,No,Yes,No,1,Normal,1000,NFS,828,Yellow,Colorful,NA,NA,1x1,Dig Spot,,NA,NA,207,None,None,None,None,None,Yes,Haniwa,No,No lighting,Melody,Not for sale,2.0.0,Yes,FtrHaniwaMelody07_Remake_0_0,0_0,14061,eYCP55udxWgnRCuNH
squeakoid,https://acnhcdn.com/latest/FtrIcon/FtrHaniwaMelody07_Remake_1_0.png,White,Color,NA,NA,No,Yes,No,1,Normal,1000,NFS,828,White,Colorful,NA,NA,1x1,Dig Spot,,NA,NA,207,None,None,None,None,None,Yes,Haniwa,No,No lighting,Melody,Not for sale,2.0.0,Yes,FtrHaniwaMelody07_Remake_1_0,1_0,14061,unhzZtbYT7eecDwLv
squeakoid,https://acnhcdn.com/latest/FtrIcon/FtrHaniwaMelody07_Remake_2_0.png,Brown,Color,NA,NA,No,Yes,No,1,Normal,1000,NFS,828,Beige,Green,NA,NA,1x1,Dig Spot,,NA,NA,207,None,None,None,None,None,Yes,Haniwa,No,No lighting,Melody,Not for sale,2.0.0,Yes,FtrHaniwaMelody07_Remake_2_0,2_0,14061,tahFmnPKvGPPivbfy
squeakoid,https://acnhcdn.com/latest/FtrIcon/FtrHaniwaMelody07_Remake_3_0.png,Pink,Color,NA,NA,No,Yes,No,1,Normal,1000,NFS,828,Pink,Yellow,NA,NA,1x1,Dig Spot,,NA,NA,207,None,None,None,None,None,Yes,Haniwa,No,No lighting,Melody,Not for sale,2.0.0,Yes,FtrHaniwaMelody07_Remake_3_0,3_0,14061,SmYTnQkSYc7n3WLLs
squeakoid,https://acnhcdn.com/latest/FtrIcon/FtrHaniwaMelody07_Remake_4_0.png,Blue,Color,NA,NA,No,Yes,No,1,Normal,1000,NFS,828,Aqua,Blue,NA,NA,1x1,Dig Spot,,NA,NA,207,None,None,None,None,None,Yes,Haniwa,No,No lighting,Melody,Not for sale,2.0.0,Yes,FtrHaniwaMelody07_Remake_4_0,4_0,14061,GnhxiXe9qGT3cgn5L
squeezoid,https://acnhcdn.com/latest/FtrIcon/FtrHaniwaHiHat02_Remake_0_0.png,Beige,Color,NA,NA,No,Yes,No,1,Normal,1000,NFS,828,Beige,Beige,NA,NA,1x1,Dig Spot,,NA,NA,207,None,None,None,None,None,Yes,Haniwa,No,No lighting,Hi-hat,Not for sale,2.0.0,Yes,FtrHaniwaHiHat02_Remake_0_0,0_0,14094,SGpxaN9kgJpZ2hba7
squeezoid,https://acnhcdn.com/latest/FtrIcon/FtrHaniwaHiHat02_Remake_1_0.png,Yellow,Color,NA,NA,No,Yes,No,1,Normal,1000,NFS,828,Yellow,Yellow,NA,NA,1x1,Dig Spot,,NA,NA,207,None,None,None,None,None,Yes,Haniwa,No,No lighting,Hi-hat,Not for sale,2.0.0,Yes,FtrHaniwaHiHat02_Remake_1_0,1_0,14094,WrWB42QYBEMsaxGaR
squeezoid,https://acnhcdn.com/latest/FtrIcon/FtrHaniwaHiHat02_Remake_2_0.png,Pink,Color,NA,NA,No,Yes,No,1,Normal,1000,NFS,828,Pink,Pink,NA,NA,1x1,Dig Spot,,NA,NA,207,None,None,None,None,None,Yes,Haniwa,No,No lighting,Hi-hat,Not for sale,2.0.0,Yes,FtrHaniwaHiHat02_Remake_2_0,2_0,14094,28KjoqrjgtpKs9PdN
squeezoid,https://acnhcdn.com/latest/FtrIcon/FtrHaniwaHiHat02_Remake_3_0.png,Blue,Color,NA,NA,No,Yes,No,1,Normal,1000,NFS,828,Aqua,Aqua,NA,NA,1x1,Dig Spot,,NA,NA,207,None,None,None,None,None,Yes,Haniwa,No,No lighting,Hi-hat,Not for sale,2.0.0,Yes,FtrHaniwaHiHat02_Remake_3_0,3_0,14094,EmAhuAb3RWdnnWPcr
squeezoid,https://acnhcdn.com/latest/FtrIcon/FtrHaniwaHiHat02_Remake_4_0.png,White,Color,NA,NA,No,Yes,No,1,Normal,1000,NFS,828,White,White,NA,NA,1x1,Dig Spot,,NA,NA,207,None,None,None,None,None,Yes,Haniwa,No,No lighting,Hi-hat,Not for sale,2.0.0,Yes,FtrHaniwaHiHat02_Remake_4_0,4_0,14094,xXAgKWMoxgmc9ExLA
squeezoid,https://acnhcdn.com/latest/FtrIcon/FtrHaniwaHiHat02_Remake_5_0.png,Black,Color,NA,NA,No,Yes,No,1,Normal,1000,NFS,828,Black,Black,NA,NA,1x1,Dig Spot,,NA,NA,207,None,None,None,None,None,Yes,Haniwa,No,No lighting,Hi-hat,Not for sale,2.0.0,Yes,FtrHaniwaHiHat02_Remake_5_0,5_0,14094,JdKRPgvRE4MKKzwkX
stelloid,https://acnhcdn.com/latest/FtrIcon/FtrHaniwaCrash01_Remake_0_0.png,Green,Color,NA,NA,No,Yes,No,1,Normal,1000,NFS,828,Green,Green,NA,NA,1x1,Dig Spot,,NA,NA,207,None,None,None,None,None,Yes,Haniwa,No,No lighting,Crash,Not for sale,2.0.0,Yes,FtrHaniwaCrash01_Remake_0_0,0_0,14099,Ju5Lizt89WDsngGXg
stelloid,https://acnhcdn.com/latest/FtrIcon/FtrHaniwaCrash01_Remake_1_0.png,Yellow,Color,NA,NA,No,Yes,No,1,Normal,1000,NFS,828,Yellow,Yellow,NA,NA,1x1,Dig Spot,,NA,NA,207,None,None,None,None,None,Yes,Haniwa,No,No lighting,Crash,Not for sale,2.0.0,Yes,FtrHaniwaCrash01_Remake_1_0,1_0,14099,c6dspWAnLKbhTWmQ7
stelloid,https://acnhcdn.com/latest/FtrIcon/FtrHaniwaCrash01_Remake_2_0.png,Blue,Color,NA,NA,No,Yes,No,1,Normal,1000,NFS,828,Blue,Aqua,NA,NA,1x1,Dig Spot,,NA,NA,207,None,None,None,None,None,Yes,Haniwa,No,No lighting,Crash,Not for sale,2.0.0,Yes,FtrHaniwaCrash01_Remake_2_0,2_0,14099,XEeNcKzHy3puyiwcM
stelloid,https://acnhcdn.com/latest/FtrIcon/FtrHaniwaCrash01_Remake_3_0.png,White,Color,NA,NA,No,Yes,No,1,Normal,1000,NFS,828,White,Aqua,NA,NA,1x1,Dig Spot,,NA,NA,207,None,None,None,None,None,Yes,Haniwa,No,No lighting,Crash,Not for sale,2.0.0,Yes,FtrHaniwaCrash01_Remake_3_0,3_0,14099,JDiZmMYwd8EN8rCpB
stelloid,https://acnhcdn.com/latest/FtrIcon/FtrHaniwaCrash01_Remake_4_0.png,Black,Color,NA,NA,No,Yes,No,1,Normal,1000,NFS,828,Black,Gray,NA,NA,1x1,Dig Spot,,NA,NA,207,None,None,None,None,None,Yes,Haniwa,No,No lighting,Crash,Not for sale,2.0.0,Yes,FtrHaniwaCrash01_Remake_4_0,4_0,14099,99n8GEX2zCEkaPqjc
thwopoid,https://acnhcdn.com/latest/FtrIcon/FtrHaniwaKick00_Remake_0_0.png,Pink,Color,NA,NA,No,Yes,No,1,Normal,1000,NFS,828,Pink,Green,NA,NA,1x1,Dig Spot,,NA,NA,207,None,None,None,None,None,Yes,Haniwa,No,No lighting,Kick,Not for sale,2.0.0,Yes,FtrHaniwaKick00_Remake_0_0,0_0,14080,RkSNMk3vQqZPMxnTd
thwopoid,https://acnhcdn.com/latest/FtrIcon/FtrHaniwaKick00_Remake_1_0.png,Beige,Color,NA,NA,No,Yes,No,1,Normal,1000,NFS,828,Beige,Orange,NA,NA,1x1,Dig Spot,,NA,NA,207,None,None,None,None,None,Yes,Haniwa,No,No lighting,Kick,Not for sale,2.0.0,Yes,FtrHaniwaKick00_Remake_1_0,1_0,14080,hoPPafWBSt4dFPqww
thwopoid,https://acnhcdn.com/latest/FtrIcon/FtrHaniwaKick00_Remake_2_0.png,Green,Color,NA,NA,No,Yes,No,1,Normal,1000,NFS,828,Green,Brown,NA,NA,1x1,Dig Spot,,NA,NA,207,None,None,None,None,None,Yes,Haniwa,No,No lighting,Kick,Not for sale,2.0.0,Yes,FtrHaniwaKick00_Remake_2_0,2_0,14080,xB9xcd3YbgkeTyHxs
thwopoid,https://acnhcdn.com/latest/FtrIcon/FtrHaniwaKick00_Remake_3_0.png,Gray,Color,NA,NA,No,Yes,No,1,Normal,1000,NFS,828,Gray,Green,NA,NA,1x1,Dig Spot,,NA,NA,207,None,None,None,None,None,Yes,Haniwa,No,No lighting,Kick,Not for sale,2.0.0,Yes,FtrHaniwaKick00_Remake_3_0,3_0,14080,k9qheXA3nekhxK7qN
tockoid,https://acnhcdn.com/latest/FtrIcon/FtrHaniwaMelody08_Remake_0_0.png,Pop,Color,NA,NA,No,Yes,No,1,Normal,1000,NFS,828,Beige,Red,NA,NA,1x1,Dig Spot,,NA,NA,207,None,None,None,None,None,Yes,Haniwa,No,No lighting,Melody,Not for sale,2.0.0,Yes,FtrHaniwaMelody08_Remake_0_0,0_0,14062,vgkd37jWYPAuTf45e
tockoid,https://acnhcdn.com/latest/FtrIcon/FtrHaniwaMelody08_Remake_1_0.png,Natural,Color,NA,NA,No,Yes,No,1,Normal,1000,NFS,828,Beige,Brown,NA,NA,1x1,Dig Spot,,NA,NA,207,None,None,None,None,None,Yes,Haniwa,No,No lighting,Melody,Not for sale,2.0.0,Yes,FtrHaniwaMelody08_Remake_1_0,1_0,14062,Fo8YKMc7tve2xEEFb
tockoid,https://acnhcdn.com/latest/FtrIcon/FtrHaniwaMelody08_Remake_2_0.png,Cool,Color,NA,NA,No,Yes,No,1,Normal,1000,NFS,828,Yellow,Blue,NA,NA,1x1,Dig Spot,,NA,NA,207,None,None,None,None,None,Yes,Haniwa,No,No lighting,Melody,Not for sale,2.0.0,Yes,FtrHaniwaMelody08_Remake_2_0,2_0,14062,tar6Q5dianc9z7tWE
tockoid,https://acnhcdn.com/latest/FtrIcon/FtrHaniwaMelody08_Remake_3_0.png,Cute,Color,NA,NA,No,Yes,No,1,Normal,1000,NFS,828,Pink,Purple,NA,NA,1x1,Dig Spot,,NA,NA,207,None,None,None,None,None,Yes,Haniwa,No,No lighting,Melody,Not for sale,2.0.0,Yes,FtrHaniwaMelody08_Remake_3_0,3_0,14062,yoqhTXby3wpDPN3Wg
tockoid,https://acnhcdn.com/latest/FtrIcon/FtrHaniwaMelody08_Remake_4_0.png,Chic,Color,NA,NA,No,Yes,No,1,Normal,1000,NFS,828,Gray,Black,NA,NA,1x1,Dig Spot,,NA,NA,207,None,None,None,None,None,Yes,Haniwa,No,No lighting,Melody,Not for sale,2.0.0,Yes,FtrHaniwaMelody08_Remake_4_0,4_0,14062,g86Kc4SgpX3MXvYcn
tremoloid,https://acnhcdn.com/latest/FtrIcon/FtrHaniwaMelody11_Remake_0_0.png,Blue,Color,NA,NA,No,Yes,No,1,Normal,1000,NFS,828,Aqua,Blue,NA,NA,1x1,Dig Spot,,NA,NA,207,None,None,None,None,None,Yes,Haniwa,No,No lighting,Melody,Not for sale,2.0.0,Yes,FtrHaniwaMelody11_Remake_0_0,0_0,14065,x3FLSndkAMvtkQDT5
tremoloid,https://acnhcdn.com/latest/FtrIcon/FtrHaniwaMelody11_Remake_1_0.png,Yellow,Color,NA,NA,No,Yes,No,1,Normal,1000,NFS,828,Yellow,Brown,NA,NA,1x1,Dig Spot,,NA,NA,207,None,None,None,None,None,Yes,Haniwa,No,No lighting,Melody,Not for sale,2.0.0,Yes,FtrHaniwaMelody11_Remake_1_0,1_0,14065,292St2TCXP2e4FB6s
tremoloid,https://acnhcdn.com/latest/FtrIcon/FtrHaniwaMelody11_Remake_2_0.png,Green,Color,NA,NA,No,Yes,No,1,Normal,1000,NFS,828,Green,White,NA,NA,1x1,Dig Spot,,NA,NA,207,None,None,None,None,None,Yes,Haniwa,No,No lighting,Melody,Not for sale,2.0.0,Yes,FtrHaniwaMelody11_Remake_2_0,2_0,14065,bsojZ7Nso77tSGNLF
tremoloid,https://acnhcdn.com/latest/FtrIcon/FtrHaniwaMelody11_Remake_3_0.png,Purple,Color,NA,NA,No,Yes,No,1,Normal,1000,NFS,828,Purple,Purple,NA,NA,1x1,Dig Spot,,NA,NA,207,None,None,None,None,None,Yes,Haniwa,No,No lighting,Melody,Not for sale,2.0.0,Yes,FtrHaniwaMelody11_Remake_3_0,3_0,14065,iuCGmtkroEd7w3yGB
tremoloid,https://acnhcdn.com/latest/FtrIcon/FtrHaniwaMelody11_Remake_4_0.png,White,Color,NA,NA,No,Yes,No,1,Normal,1000,NFS,828,White,Aqua,NA,NA,1x1,Dig Spot,,NA,NA,207,None,None,None,None,None,Yes,Haniwa,No,No lighting,Melody,Not for sale,2.0.0,Yes,FtrHaniwaMelody11_Remake_4_0,4_0,14065,qkZtMnBgpF6h2HX96
twangoid,https://acnhcdn.com/latest/FtrIcon/FtrHaniwaMelody05_Remake_0_0.png,Brown,Color,NA,NA,No,Yes,No,1,Normal,1000,NFS,828,Brown,Red,NA,NA,1x1,Dig Spot,,NA,NA,207,None,None,None,None,None,Yes,Haniwa,No,No lighting,Melody,Not for sale,2.0.0,Yes,FtrHaniwaMelody05_Remake_0_0,0_0,14059,mQmNuA8udomfPdMyM
twangoid,https://acnhcdn.com/latest/FtrIcon/FtrHaniwaMelody05_Remake_1_0.png,Yellow,Color,NA,NA,No,Yes,No,1,Normal,1000,NFS,828,Yellow,Brown,NA,NA,1x1,Dig Spot,,NA,NA,207,None,None,None,None,None,Yes,Haniwa,No,No lighting,Melody,Not for sale,2.0.0,Yes,FtrHaniwaMelody05_Remake_1_0,1_0,14059,WoxSqB5oFXXF485hC
twangoid,https://acnhcdn.com/latest/FtrIcon/FtrHaniwaMelody05_Remake_2_0.png,Green,Color,NA,NA,No,Yes,No,1,Normal,1000,NFS,828,Green,Brown,NA,NA,1x1,Dig Spot,,NA,NA,207,None,None,None,None,None,Yes,Haniwa,No,No lighting,Melody,Not for sale,2.0.0,Yes,FtrHaniwaMelody05_Remake_2_0,2_0,14059,DC23XDgR8vZevdkva
twangoid,https://acnhcdn.com/latest/FtrIcon/FtrHaniwaMelody05_Remake_3_0.png,Blue,Color,NA,NA,No,Yes,No,1,Normal,1000,NFS,828,Blue,Black,NA,NA,1x1,Dig Spot,,NA,NA,207,None,None,None,None,None,Yes,Haniwa,No,No lighting,Melody,Not for sale,2.0.0,Yes,FtrHaniwaMelody05_Remake_3_0,3_0,14059,qRSyqQt3Qmub68cyY
twangoid,https://acnhcdn.com/latest/FtrIcon/FtrHaniwaMelody05_Remake_4_0.png,Black,Color,NA,NA,No,Yes,No,1,Normal,1000,NFS,828,Black,Yellow,NA,NA,1x1,Dig Spot,,NA,NA,207,None,None,None,None,None,Yes,Haniwa,No,No lighting,Melody,Not for sale,2.0.0,Yes,FtrHaniwaMelody05_Remake_4_0,4_0,14059,ZB5Q5hq8QQ2SKWBfJ
wallopoid,https://acnhcdn.com/latest/FtrIcon/FtrHaniwaDrumSet01_Remake_0_0.png,Camel,Color,NA,NA,No,Yes,No,1,Normal,1000,NFS,828,Beige,Beige,NA,NA,1x1,Dig Spot,,NA,NA,207,None,None,None,None,None,Yes,Haniwa,No,No lighting,Drum set,Not for sale,2.0.0,Yes,FtrHaniwaDrumSet01_Remake_0_0,0_0,14075,XuJSMaA3duE3PCpcy
wallopoid,https://acnhcdn.com/latest/FtrIcon/FtrHaniwaDrumSet01_Remake_1_0.png,Brown,Color,NA,NA,No,Yes,No,1,Normal,1000,NFS,828,Brown,Brown,NA,NA,1x1,Dig Spot,,NA,NA,207,None,None,None,None,None,Yes,Haniwa,No,No lighting,Drum set,Not for sale,2.0.0,Yes,FtrHaniwaDrumSet01_Remake_1_0,1_0,14075,qZaCGLDMsccBoS4hG
wallopoid,https://acnhcdn.com/latest/FtrIcon/FtrHaniwaDrumSet01_Remake_2_0.png,Green,Color,NA,NA,No,Yes,No,1,Normal,1000,NFS,828,Green,Blue,NA,NA,1x1,Dig Spot,,NA,NA,207,None,None,None,None,None,Yes,Haniwa,No,No lighting,Drum set,Not for sale,2.0.0,Yes,FtrHaniwaDrumSet01_Remake_2_0,2_0,14075,hWyFMenaNriQJ7p5b
wallopoid,https://acnhcdn.com/latest/FtrIcon/FtrHaniwaDrumSet01_Remake_3_0.png,Blue,Color,NA,NA,No,Yes,No,1,Normal,1000,NFS,828,Aqua,Pink,NA,NA,1x1,Dig Spot,,NA,NA,207,None,None,None,None,None,Yes,Haniwa,No,No lighting,Drum set,Not for sale,2.0.0,Yes,FtrHaniwaDrumSet01_Remake_3_0,3_0,14075,zfgGWbLjYKkkomPEH
wallopoid,https://acnhcdn.com/latest/FtrIcon/FtrHaniwaDrumSet01_Remake_4_0.png,White,Color,NA,NA,No,Yes,No,1,Normal,1000,NFS,828,White,Pink,NA,NA,1x1,Dig Spot,,NA,NA,207,None,None,None,None,None,Yes,Haniwa,No,No lighting,Drum set,Not for sale,2.0.0,Yes,FtrHaniwaDrumSet01_Remake_4_0,4_0,14075,eBmgYB9BNTSGGRQS3
wallopoid,https://acnhcdn.com/latest/FtrIcon/FtrHaniwaDrumSet01_Remake_5_0.png,Black,Color,NA,NA,No,Yes,No,1,Normal,1000,NFS,828,Black,Red,NA,NA,1x1,Dig Spot,,NA,NA,207,None,None,None,None,None,Yes,Haniwa,No,No lighting,Drum set,Not for sale,2.0.0,Yes,FtrHaniwaDrumSet01_Remake_5_0,5_0,14075,xotcjsMf53SQ29aDf
whirroid,https://acnhcdn.com/latest/FtrIcon/FtrHaniwaDrumSet04_Remake_0_0.png,Blue,Color,NA,NA,No,Yes,No,1,Normal,1000,NFS,828,Aqua,Gray,NA,NA,1x1,Dig Spot,,NA,NA,207,None,None,None,None,None,Yes,Haniwa,No,No lighting,Drum set,Not for sale,2.0.0,Yes,FtrHaniwaDrumSet04_Remake_0_0,0_0,14078,vmvaJpxu3Fn4ajdfK
whirroid,https://acnhcdn.com/latest/FtrIcon/FtrHaniwaDrumSet04_Remake_1_0.png,Red,Color,NA,NA,No,Yes,No,1,Normal,1000,NFS,828,Red,Gray,NA,NA,1x1,Dig Spot,,NA,NA,207,None,None,None,None,None,Yes,Haniwa,No,No lighting,Drum set,Not for sale,2.0.0,Yes,FtrHaniwaDrumSet04_Remake_1_0,1_0,14078,7EuhpxDDrpzggXZjm
whirroid,https://acnhcdn.com/latest/FtrIcon/FtrHaniwaDrumSet04_Remake_2_0.png,Gold,Color,NA,NA,No,Yes,No,1,Normal,1000,NFS,828,Yellow,Gray,NA,NA,1x1,Dig Spot,,NA,NA,207,None,None,None,None,None,Yes,Haniwa,No,No lighting,Drum set,Not for sale,2.0.0,Yes,FtrHaniwaDrumSet04_Remake_2_0,2_0,14078,Qix3oTA2REPSSRt2Z
whirroid,https://acnhcdn.com/latest/FtrIcon/FtrHaniwaDrumSet04_Remake_3_0.png,Silver,Color,NA,NA,No,Yes,No,1,Normal,1000,NFS,828,Gray,Gray,NA,NA,1x1,Dig Spot,,NA,NA,207,None,None,None,None,None,Yes,Haniwa,No,No lighting,Drum set,Not for sale,2.0.0,Yes,FtrHaniwaDrumSet04_Remake_3_0,3_0,14078,JR7hnbShE9McLoThT
whistloid,https://acnhcdn.com/latest/FtrIcon/FtrHaniwaMelody03_Remake_0_0.png,Blue,Color,NA,NA,No,Yes,No,1,Normal,1000,NFS,828,Aqua,Aqua,NA,NA,1x1,Dig Spot,,NA,NA,207,None,None,None,None,None,Yes,Haniwa,No,No lighting,Melody,Not for sale,2.0.0,Yes,FtrHaniwaMelody03_Remake_0_0,0_0,14057,Dx4Sog9gFTaCjtjJQ
whistloid,https://acnhcdn.com/latest/FtrIcon/FtrHaniwaMelody03_Remake_1_0.png,Brown,Color,NA,NA,No,Yes,No,1,Normal,1000,NFS,828,Brown,Brown,NA,NA,1x1,Dig Spot,,NA,NA,207,None,None,None,None,None,Yes,Haniwa,No,No lighting,Melody,Not for sale,2.0.0,Yes,FtrHaniwaMelody03_Remake_1_0,1_0,14057,yLrmxceegmPpxfSu7
whistloid,https://acnhcdn.com/latest/FtrIcon/FtrHaniwaMelody03_Remake_2_0.png,Yellow,Color,NA,NA,No,Yes,No,1,Normal,1000,NFS,828,Yellow,Yellow,NA,NA,1x1,Dig Spot,,NA,NA,207,None,None,None,None,None,Yes,Haniwa,No,No lighting,Melody,Not for sale,2.0.0,Yes,FtrHaniwaMelody03_Remake_2_0,2_0,14057,SZ7anchqB2suN8SKj
whistloid,https://acnhcdn.com/latest/FtrIcon/FtrHaniwaMelody03_Remake_3_0.png,Green,Color,NA,NA,No,Yes,No,1,Normal,1000,NFS,828,Green,Green,NA,NA,1x1,Dig Spot,,NA,NA,207,None,None,None,None,None,Yes,Haniwa,No,No lighting,Melody,Not for sale,2.0.0,Yes,FtrHaniwaMelody03_Remake_3_0,3_0,14057,PeGr2ce8BNW7q6G64
whistloid,https://acnhcdn.com/latest/FtrIcon/FtrHaniwaMelody03_Remake_4_0.png,Pink,Color,NA,NA,No,Yes,No,1,Normal,1000,NFS,828,Pink,Pink,NA,NA,1x1,Dig Spot,,NA,NA,207,None,None,None,None,None,Yes,Haniwa,No,No lighting,Melody,Not for sale,2.0.0,Yes,FtrHaniwaMelody03_Remake_4_0,4_0,14057,e7QSeTQ4dJnQuWcJ6
whistloid,https://acnhcdn.com/latest/FtrIcon/FtrHaniwaMelody03_Remake_5_0.png,White,Color,NA,NA,No,Yes,No,1,Normal,1000,NFS,828,White,White,NA,NA,1x1,Dig Spot,,NA,NA,207,None,None,None,None,None,Yes,Haniwa,No,No lighting,Melody,Not for sale,2.0.0,Yes,FtrHaniwaMelody03_Remake_5_0,5_0,14057,qG2qzyEwT97mS9CLL
xylophoid,https://acnhcdn.com/latest/FtrIcon/FtrHaniwaMelody00_Remake_0_0.png,Yellow,Color,NA,NA,No,Yes,No,1,Normal,1000,NFS,828,Yellow,Purple,NA,NA,1x1,Dig Spot,,NA,NA,207,None,None,None,None,None,Yes,Haniwa,No,No lighting,Melody,Not for sale,2.0.0,Yes,FtrHaniwaMelody00_Remake_0_0,0_0,14046,nEot8dYGCy7exGuaA
xylophoid,https://acnhcdn.com/latest/FtrIcon/FtrHaniwaMelody00_Remake_1_0.png,Blue,Color,NA,NA,No,Yes,No,1,Normal,1000,NFS,828,Aqua,Yellow,NA,NA,1x1,Dig Spot,,NA,NA,207,None,None,None,None,None,Yes,Haniwa,No,No lighting,Melody,Not for sale,2.0.0,Yes,FtrHaniwaMelody00_Remake_1_0,1_0,14046,pFA6oQgA5CFYSbje6
xylophoid,https://acnhcdn.com/latest/FtrIcon/FtrHaniwaMelody00_Remake_2_0.png,Pink,Color,NA,NA,No,Yes,No,1,Normal,1000,NFS,828,Pink,Green,NA,NA,1x1,Dig Spot,,NA,NA,207,None,None,None,None,None,Yes,Haniwa,No,No lighting,Melody,Not for sale,2.0.0,Yes,FtrHaniwaMelody00_Remake_2_0,2_0,14046,PbxGNexhtrJXCWBP7
xylophoid,https://acnhcdn.com/latest/FtrIcon/FtrHaniwaMelody00_Remake_3_0.png,White,Color,NA,NA,No,Yes,No,1,Normal,1000,NFS,828,White,Yellow,NA,NA,1x1,Dig Spot,,NA,NA,207,None,None,None,None,None,Yes,Haniwa,No,No lighting,Melody,Not for sale,2.0.0,Yes,FtrHaniwaMelody00_Remake_3_0,3_0,14046,27huQwjK8BSR3b87Y
xylophoid,https://acnhcdn.com/latest/FtrIcon/FtrHaniwaMelody00_Remake_4_0.png,Brown,Color,NA,NA,No,Yes,No,1,Normal,1000,NFS,828,Brown,Blue,NA,NA,1x1,Dig Spot,,NA,NA,207,None,None,None,None,None,Yes,Haniwa,No,No lighting,Melody,Not for sale,2.0.0,Yes,FtrHaniwaMelody00_Remake_4_0,4_0,14046,Kt2cGKRAwAtzQPQ4N
