Name,Image,Variation,Body Title,DIY,Customize,Kit Cost,Kit Type,Cyrus Customize Price,Uses,Stack Size,Buy,Sell,HHA Base Points,HHA Concept 1,HHA Concept 2,Color 1,Color 2,Size,Set,Exchange Price,Exchange Currency,Source,Source Notes,Season/Event,Season/Event Exclusive,Villager Equippable,Food Power,Lighting Type,Catalog,Version Added,Unlocked?,Filename,Variant ID,Internal ID,Unique Entry ID
axe,https://acnhcdn.com/latest/FtrIcon/ToolAxe.png,NA,NA,Yes,No,NA,None,NA,100,1,2500,625,0,None,None,Beige,Black,1x1,None,NA,NA,Crafting; Nook's Cranny,,NA,NA,No,NA,No lighting,For sale,1.0.0,Yes,ToolAxe,NA,2100,iR9zzEhzpbXTGdkR4
bamboo wand,https://acnhcdn.com/latest/FtrIcon/ToolStickBamboo.png,NA,NA,Yes,No,NA,None,NA,Unlimited,1,NFS,3900,201,None,None,Green,Beige,1x1,None,NA,NA,Crafting,,young spring bamboo,Yes,No,NA,No lighting,Not for sale,1.0.0,Yes,ToolStickBamboo,NA,7590,YLjDYt9NhwTgoXhLD
bean-tossing kit,https://acnhcdn.com/latest/FtrIcon/ToolSoy0.png,NA,NA,No,No,NA,None,NA,Unlimited,1,800,200,201,harmonious,None,Beige,Beige,1x1,None,NA,NA,Nook Shopping Seasonal,,Setsubun,Yes,No,NA,No lighting,Seasonal,1.7.0,Yes,ToolSoy0,NA,13914,Nn7qqRaw3SrP3Fd5H
berry-vanilla soft serve,https://acnhcdn.com/latest/FtrIcon/ToolIcesoft3.png,NA,NA,No,No,NA,None,NA,3,1,NFS,150,0,None,None,Pink,Beige,1x1,None,500,Bells,Redd's Co-op Raffle,,NA,NA,No,1,No lighting,Not for sale,2.0.0,Yes,ToolIcesoft3,NA,325,cPjiuP5KFRtkjWQqe
bitter-orange folding fan,https://acnhcdn.com/latest/FtrIcon/ToolSensu2.png,NA,NA,No,No,NA,None,NA,Unlimited,1,NFS,200,0,None,None,Yellow,White,1x1,None,500,Bells,Redd's Co-op Raffle,,NA,NA,No,NA,No lighting,Not for sale,2.0.0,Yes,ToolSensu2,NA,322,MqK2fS94eHu36fnFL
blue balloon,https://acnhcdn.com/latest/FtrIcon/ToolBalloonNormal.png,NA,NA,No,No,NA,None,NA,Unlimited,1,600,150,0,None,None,Blue,Blue,1x1,None,500,Bells,Redd's Raffle; Nook's Cranny,Available from Redd's Raffle during Fireworks Shows; Available from Nook's Cranny rotating cabinet stock outside of August,Fireworks Show (1); Fireworks Show (2); Fireworks Show (3); Fireworks Show (4); Fireworks Show (5),No,No,NA,No lighting,For sale,1.4.0,Yes,ToolBalloonNormal,NA,7869,wZi9GW6MbpePQpvKY
blue sparkler,https://acnhcdn.com/latest/FtrIcon/ToolFireworks1.png,NA,NA,No,No,NA,None,NA,1,10,600,150,0,None,None,Blue,Colorful,1x1,None,500,Bells,Redd's Raffle; Nook's Cranny,Available from Redd's Raffle during Fireworks Shows; Available from Nook's Cranny rotating cabinet stock outside of August,Fireworks Show (1); Fireworks Show (2); Fireworks Show (3); Fireworks Show (4); Fireworks Show (5),No,No,NA,No lighting,For sale,1.4.0,Yes,ToolFireworks1,NA,12974,nX6tAkPNA4xgzbhon
boba coffee,https://acnhcdn.com/latest/FtrIcon/ToolTapioca4.png,NA,NA,No,No,NA,None,NA,3,1,600,150,0,None,None,Brown,Black,1x1,None,500,Bells,Redd's Raffle,,Fireworks Show (1); Fireworks Show (2); Fireworks Show (3); Fireworks Show (4); Fireworks Show (5),Yes,No,1,No lighting,Not for sale,1.11.0,Yes,ToolTapioca4,NA,14742,jvf8uw5Mm44Q86cE2
boba green tea,https://acnhcdn.com/latest/FtrIcon/ToolTapioca2.png,NA,NA,No,No,NA,None,NA,3,1,600,150,0,None,None,Green,Orange,1x1,None,500,Bells,Redd's Raffle,,Fireworks Show (1); Fireworks Show (2); Fireworks Show (3); Fireworks Show (4); Fireworks Show (5),Yes,No,1,No lighting,Not for sale,1.11.0,Yes,ToolTapioca2,NA,14747,c3bvzqk8C5iuuEbpo
boba mango tea,https://acnhcdn.com/latest/FtrIcon/ToolTapioca3.png,NA,NA,No,No,NA,None,NA,3,1,600,150,0,None,None,Orange,Purple,1x1,None,500,Bells,Redd's Raffle,,Fireworks Show (1); Fireworks Show (2); Fireworks Show (3); Fireworks Show (4); Fireworks Show (5),Yes,No,1,No lighting,Not for sale,1.11.0,Yes,ToolTapioca3,NA,14746,m7BfnhqvLKr8Ybb6Z
boba milk tea,https://acnhcdn.com/latest/FtrIcon/ToolTapioca0.png,NA,NA,No,No,NA,None,NA,3,1,600,150,0,None,None,Beige,Green,1x1,None,500,Bells,Redd's Raffle,,Fireworks Show (1); Fireworks Show (2); Fireworks Show (3); Fireworks Show (4); Fireworks Show (5),Yes,No,1,No lighting,Not for sale,1.11.0,Yes,ToolTapioca0,NA,14628,PbsfbtksDomE4a3Tp
boba strawberry tea,https://acnhcdn.com/latest/FtrIcon/ToolTapioca1.png,NA,NA,No,No,NA,None,NA,3,1,600,150,0,None,None,Pink,Blue,1x1,None,500,Bells,Redd's Raffle,,Fireworks Show (1); Fireworks Show (2); Fireworks Show (3); Fireworks Show (4); Fireworks Show (5),Yes,No,1,No lighting,Not for sale,1.11.0,Yes,ToolTapioca1,NA,14745,WNeTxBFbMvah9kNyX
bubble blower,https://acnhcdn.com/latest/FtrIcon/ToolBubblesNormal.png,NA,NA,No,No,NA,None,NA,1,10,150,37,0,None,None,Pink,Pink,1x1,None,500,Bells,Redd's Raffle; Nook's Cranny,Available from Redd's Raffle during Fireworks Shows; Available from Nook's Cranny rotating cabinet stock outside of August,Fireworks Show (1); Fireworks Show (2); Fireworks Show (3); Fireworks Show (4); Fireworks Show (5),No,No,NA,No lighting,For sale,1.4.0,Yes,ToolBubblesNormal,NA,4386,CQmL5dEmhYEGkCJCF
bug wand,https://acnhcdn.com/latest/FtrIcon/ToolStcikInsect.png,NA,NA,No,No,NA,None,NA,Unlimited,1,NFS,1500,501,None,None,Pink,Yellow,1x1,None,NA,NA,Flick,,Bug-Off (1); Bug-Off (2); Bug-Off (3); Bug-Off (4),Yes,No,NA,No lighting,Not for sale,1.0.0,Yes,ToolStcikInsect,NA,8769,vqp4KBeWgZjYbFj7Z
Bunny Day wand,https://acnhcdn.com/latest/FtrIcon/ToolStickEgg.png,NA,NA,Yes,No,NA,None,NA,Unlimited,1,NFS,11100,351,None,None,Colorful,Yellow,1x1,None,NA,NA,Crafting,,Bunny Day,Yes,No,NA,No lighting,Not for sale,1.1.0,Yes,ToolStickEgg,NA,12578,26wk773sY75rKY2P4
canned apple juice,https://acnhcdn.com/latest/FtrIcon/ToolCanPlayer2.png,NA,NA,No,No,NA,None,NA,3,1,NFS,150,0,None,None,Red,White,1x1,None,500,Bells,Redd's Co-op Raffle,,NA,NA,No,1,No lighting,Not for sale,2.0.0,Yes,ToolCanPlayer2,NA,14776,5RAGMWT54pZrdvXei
canned coffee,https://acnhcdn.com/latest/FtrIcon/ToolCanPlayer5.png,NA,NA,No,No,NA,None,NA,3,1,NFS,150,0,None,None,Brown,Beige,1x1,None,500,Bells,Redd's Co-op Raffle,,NA,NA,No,1,No lighting,Not for sale,2.0.0,Yes,ToolCanPlayer5,NA,14779,Kpi895thJ6Bfr4syt
canned grape juice,https://acnhcdn.com/latest/FtrIcon/ToolCanPlayer1.png,NA,NA,No,No,NA,None,NA,3,1,NFS,150,0,None,None,Purple,White,1x1,None,500,Bells,Redd's Co-op Raffle,,NA,NA,No,1,No lighting,Not for sale,2.0.0,Yes,ToolCanPlayer1,NA,14775,giyxqEHWEGh4xDekh
canned green tea,https://acnhcdn.com/latest/FtrIcon/ToolCanPlayer3.png,NA,NA,No,No,NA,None,NA,3,1,NFS,150,0,None,None,Green,Green,1x1,None,500,Bells,Redd's Co-op Raffle,,NA,NA,No,1,No lighting,Not for sale,2.0.0,Yes,ToolCanPlayer3,NA,14777,FFQfhzfqxvaobcXRR
canned orange juice,https://acnhcdn.com/latest/FtrIcon/ToolCanPlayer0.png,NA,NA,No,No,NA,None,NA,3,1,NFS,150,0,None,None,Orange,White,1x1,None,500,Bells,Redd's Co-op Raffle,,NA,NA,No,1,No lighting,Not for sale,2.0.0,Yes,ToolCanPlayer0,NA,14638,PM5ED38yRZQXdPZtP
canned soda,https://acnhcdn.com/latest/FtrIcon/ToolCanPlayer7.png,NA,NA,No,No,NA,None,NA,3,1,NFS,150,0,None,None,Pink,Pink,1x1,None,500,Bells,Redd's Co-op Raffle,,NA,NA,No,1,No lighting,Not for sale,2.0.0,Yes,ToolCanPlayer7,NA,14781,yMkHtMPf5gyX2ee2f
canned sports drink,https://acnhcdn.com/latest/FtrIcon/ToolCanPlayer6.png,NA,NA,No,No,NA,None,NA,3,1,NFS,150,0,None,None,Blue,White,1x1,None,500,Bells,Redd's Co-op Raffle,,NA,NA,No,1,No lighting,Not for sale,2.0.0,Yes,ToolCanPlayer6,NA,14780,3MjBbTJtBegKirMmi
canned tea,https://acnhcdn.com/latest/FtrIcon/ToolCanPlayer4.png,NA,NA,No,No,NA,None,NA,3,1,NFS,150,0,None,None,Yellow,Beige,1x1,None,500,Bells,Redd's Co-op Raffle,,NA,NA,No,1,No lighting,Not for sale,2.0.0,Yes,ToolCanPlayer4,NA,14778,oimu26EsBYzL7gw3o
cherry-blossom wand,https://acnhcdn.com/latest/FtrIcon/ToolStickCherryblossom.png,NA,NA,Yes,No,NA,None,NA,Unlimited,1,NFS,2700,0,None,None,Pink,Brown,1x1,None,NA,NA,Crafting,,cherry-blossom petals,Yes,No,NA,No lighting,Not for sale,1.0.0,Yes,ToolStickCherryblossom,NA,7589,WHHbg5ZqTMu4J2wm5
chitose ame,https://acnhcdn.com/latest/FtrIcon/ToolChitoseame.png,NA,NA,No,No,NA,None,NA,Unlimited,1,1000,250,201,None,None,White,Aqua,1x1,None,NA,NA,Nook Shopping Seasonal,,Shichi-Go-San,Yes,No,NA,No lighting,Seasonal,1.11.0,Yes,ToolChitoseame,NA,14285,xySaM5pikyagoJnPP
chocolate cone,https://acnhcdn.com/latest/FtrIcon/ToolIcecream1.png,NA,NA,No,No,NA,None,NA,3,1,NFS,150,0,None,None,Brown,Beige,1x1,None,500,Bells,Redd's Co-op Raffle,,NA,NA,No,1,No lighting,Not for sale,2.0.0,Yes,ToolIcecream1,NA,14836,EMCmQBq4xFau27fyD
chocolate donut,https://acnhcdn.com/latest/FtrIcon/ToolDonutPlayer.png,NA,NA,No,No,NA,None,NA,3,1,NFS,150,0,None,None,Beige,Brown,1x1,None,500,Bells,Redd's Co-op Raffle,,NA,NA,No,1,No lighting,Not for sale,2.0.0,Yes,ToolDonutPlayer,NA,14641,XBfgMco2Q3hWf4Sou
chocolate frozen treat,https://acnhcdn.com/latest/FtrIcon/ToolIcecandyPlayer2.png,NA,NA,No,No,NA,None,NA,3,1,600,150,0,None,None,Brown,Beige,1x1,None,500,Bells,Redd's Raffle,,Fireworks Show (1); Fireworks Show (2); Fireworks Show (3); Fireworks Show (4); Fireworks Show (5),Yes,No,1,No lighting,Not for sale,1.11.0,Yes,ToolIcecandyPlayer2,NA,14631,bXeMhj9hB8mbcZe2p
chocolate soft serve,https://acnhcdn.com/latest/FtrIcon/ToolIcesoft1.png,NA,NA,No,No,NA,None,NA,3,1,NFS,150,0,None,None,Brown,Beige,1x1,None,500,Bells,Redd's Co-op Raffle,,NA,NA,No,1,No lighting,Not for sale,2.0.0,Yes,ToolIcesoft1,NA,327,gC8SEg2vRxFS5JNS7
colorful fishing rod,https://acnhcdn.com/latest/FtrIcon/ToolFishingrodDuck_Remake_0_0.png,Yellow,Color,No,Yes,1,Normal,1000,30,1,2500,625,0,None,None,Yellow,Orange,1x1,Colorful Tools,NA,NA,Nook's Cranny,Available in Nook's Cranny (upgraded only),NA,NA,Yes,NA,No lighting,For sale,1.0.0,Yes,ToolFishingrodDuck_Remake_0_0,0_0,8472,ZTf6fzMoETiRSgYyv
colorful fishing rod,https://acnhcdn.com/latest/FtrIcon/ToolFishingrodDuck_Remake_1_0.png,Orange,Color,No,Yes,1,Normal,1000,30,1,2500,625,0,None,None,Orange,Yellow,1x1,Colorful Tools,NA,NA,Nook's Cranny,Available in Nook's Cranny (upgraded only),NA,NA,Yes,NA,No lighting,For sale,1.0.0,Yes,ToolFishingrodDuck_Remake_1_0,1_0,8472,9RuY2ZBRztSNDRrfy
colorful fishing rod,https://acnhcdn.com/latest/FtrIcon/ToolFishingrodDuck_Remake_2_0.png,Blue,Color,No,Yes,1,Normal,1000,30,1,2500,625,0,None,None,Aqua,Yellow,1x1,Colorful Tools,NA,NA,Nook's Cranny,Available in Nook's Cranny (upgraded only),NA,NA,Yes,NA,No lighting,For sale,1.0.0,Yes,ToolFishingrodDuck_Remake_2_0,2_0,8472,8PASMoPi9YgSBQ2LK
colorful fishing rod,https://acnhcdn.com/latest/FtrIcon/ToolFishingrodDuck_Remake_3_0.png,Pink,Color,No,Yes,1,Normal,1000,30,1,2500,625,0,None,None,Pink,Yellow,1x1,Colorful Tools,NA,NA,Nook's Cranny,Available in Nook's Cranny (upgraded only),NA,NA,Yes,NA,No lighting,For sale,1.0.0,Yes,ToolFishingrodDuck_Remake_3_0,3_0,8472,sfSivSgSps27Jaz5M
colorful fishing rod,https://acnhcdn.com/latest/FtrIcon/ToolFishingrodDuck_Remake_4_0.png,Green,Color,No,Yes,1,Normal,1000,30,1,2500,625,0,None,None,Green,Blue,1x1,Colorful Tools,NA,NA,Nook's Cranny,Available in Nook's Cranny (upgraded only),NA,NA,Yes,NA,No lighting,For sale,1.0.0,Yes,ToolFishingrodDuck_Remake_4_0,4_0,8472,vnSiERDKYDcddtuv6
colorful fishing rod,https://acnhcdn.com/latest/FtrIcon/ToolFishingrodDuck_Remake_5_0.png,Purple,Color,No,Yes,1,Normal,1000,30,1,2500,625,0,None,None,Purple,Pink,1x1,Colorful Tools,NA,NA,Nook's Cranny,Available in Nook's Cranny (upgraded only),NA,NA,Yes,NA,No lighting,For sale,1.0.0,Yes,ToolFishingrodDuck_Remake_5_0,5_0,8472,avewXgm4JtCerDcd6
colorful fishing rod,https://acnhcdn.com/latest/FtrIcon/ToolFishingrodDuck_Remake_6_0.png,White,Color,No,Yes,1,Normal,1000,30,1,2500,625,0,None,None,White,Blue,1x1,Colorful Tools,NA,NA,Nook's Cranny,Available in Nook's Cranny (upgraded only),NA,NA,Yes,NA,No lighting,For sale,1.0.0,Yes,ToolFishingrodDuck_Remake_6_0,6_0,8472,wmcSp5RZAczawLnJf
colorful fishing rod,https://acnhcdn.com/latest/FtrIcon/ToolFishingrodDuck_Remake_7_0.png,Gray,Color,No,Yes,1,Normal,1000,30,1,2500,625,0,None,None,Black,Green,1x1,Colorful Tools,NA,NA,Nook's Cranny,Available in Nook's Cranny (upgraded only),NA,NA,Yes,NA,No lighting,For sale,1.0.0,Yes,ToolFishingrodDuck_Remake_7_0,7_0,8472,v76QddpoKv2M4XspK
colorful light stick,https://acnhcdn.com/latest/FtrIcon/ToolSticklightColorful.png,NA,NA,No,No,NA,None,NA,Unlimited,1,NFS,450,0,None,None,Colorful,Black,1x1,None,500,Bells,Redd's Co-op Raffle,,NA,NA,No,NA,No lighting,Not for sale,2.0.0,Yes,ToolSticklightColorful,NA,14504,QWaoWAyy9S8DA7dPM
colorful net,https://acnhcdn.com/latest/FtrIcon/ToolNetPattern_Remake_0_0.png,Yellow & orange,Color,No,Yes,1,Normal,1000,30,1,2500,625,0,None,None,Yellow,Orange,1x1,Colorful Tools,NA,NA,Nook's Cranny,Available in Nook's Cranny (upgraded only),NA,NA,Yes,NA,No lighting,For sale,1.0.0,Yes,ToolNetPattern_Remake_0_0,0_0,8177,5wGjS9fxCaGhWK5Cv
colorful net,https://acnhcdn.com/latest/FtrIcon/ToolNetPattern_Remake_1_0.png,Red & yellow,Color,No,Yes,1,Normal,1000,30,1,2500,625,0,None,None,Red,Yellow,1x1,Colorful Tools,NA,NA,Nook's Cranny,Available in Nook's Cranny (upgraded only),NA,NA,Yes,NA,No lighting,For sale,1.0.0,Yes,ToolNetPattern_Remake_1_0,1_0,8177,k4Ssqq2DesuGTy6hy
colorful net,https://acnhcdn.com/latest/FtrIcon/ToolNetPattern_Remake_2_0.png,Orange & blue,Color,No,Yes,1,Normal,1000,30,1,2500,625,0,None,None,Orange,Blue,1x1,Colorful Tools,NA,NA,Nook's Cranny,Available in Nook's Cranny (upgraded only),NA,NA,Yes,NA,No lighting,For sale,1.0.0,Yes,ToolNetPattern_Remake_2_0,2_0,8177,6pJhWYNiuyZKuKvYz
colorful net,https://acnhcdn.com/latest/FtrIcon/ToolNetPattern_Remake_3_0.png,Pink & yellow,Color,No,Yes,1,Normal,1000,30,1,2500,625,0,None,None,Pink,Yellow,1x1,Colorful Tools,NA,NA,Nook's Cranny,Available in Nook's Cranny (upgraded only),NA,NA,Yes,NA,No lighting,For sale,1.0.0,Yes,ToolNetPattern_Remake_3_0,3_0,8177,AmK8KNTDWxdrJH6h7
colorful net,https://acnhcdn.com/latest/FtrIcon/ToolNetPattern_Remake_4_0.png,Green & blue,Color,No,Yes,1,Normal,1000,30,1,2500,625,0,None,None,Green,Blue,1x1,Colorful Tools,NA,NA,Nook's Cranny,Available in Nook's Cranny (upgraded only),NA,NA,Yes,NA,No lighting,For sale,1.0.0,Yes,ToolNetPattern_Remake_4_0,4_0,8177,zcdZjuNZWrHas5efC
colorful net,https://acnhcdn.com/latest/FtrIcon/ToolNetPattern_Remake_5_0.png,Purple & pink,Color,No,Yes,1,Normal,1000,30,1,2500,625,0,None,None,Purple,Pink,1x1,Colorful Tools,NA,NA,Nook's Cranny,Available in Nook's Cranny (upgraded only),NA,NA,Yes,NA,No lighting,For sale,1.0.0,Yes,ToolNetPattern_Remake_5_0,5_0,8177,cTrR3cREJBqWZyfN6
colorful net,https://acnhcdn.com/latest/FtrIcon/ToolNetPattern_Remake_6_0.png,White & blue,Color,No,Yes,1,Normal,1000,30,1,2500,625,0,None,None,White,Blue,1x1,Colorful Tools,NA,NA,Nook's Cranny,Available in Nook's Cranny (upgraded only),NA,NA,Yes,NA,No lighting,For sale,1.0.0,Yes,ToolNetPattern_Remake_6_0,6_0,8177,wFcTeKJ9gM4yLgfTQ
colorful net,https://acnhcdn.com/latest/FtrIcon/ToolNetPattern_Remake_7_0.png,Gray & green,Color,No,Yes,1,Normal,1000,30,1,2500,625,0,None,None,Gray,Green,1x1,Colorful Tools,NA,NA,Nook's Cranny,Available in Nook's Cranny (upgraded only),NA,NA,Yes,NA,No lighting,For sale,1.0.0,Yes,ToolNetPattern_Remake_7_0,7_0,8177,kgBcZghywrT4j47vx
colorful shovel,https://acnhcdn.com/latest/FtrIcon/ToolScoopColorful_Remake_0_0.png,Yellow,Color,No,Yes,1,Normal,1000,100,1,2500,625,0,None,None,Yellow,Blue,1x1,Colorful Tools,NA,NA,Nook's Cranny,Available in Nook's Cranny (upgraded only),NA,NA,No,NA,No lighting,For sale,1.0.0,Yes,ToolScoopColorful_Remake_0_0,0_0,8577,ojvEkqxvFKKrrB6GR
colorful shovel,https://acnhcdn.com/latest/FtrIcon/ToolScoopColorful_Remake_1_0.png,Orange,Color,No,Yes,1,Normal,1000,100,1,2500,625,0,None,None,Red,Green,1x1,Colorful Tools,NA,NA,Nook's Cranny,Available in Nook's Cranny (upgraded only),NA,NA,No,NA,No lighting,For sale,1.0.0,Yes,ToolScoopColorful_Remake_1_0,1_0,8577,pnM6ygwcMS5KmSP6c
colorful shovel,https://acnhcdn.com/latest/FtrIcon/ToolScoopColorful_Remake_2_0.png,Blue,Color,No,Yes,1,Normal,1000,100,1,2500,625,0,None,None,Blue,Orange,1x1,Colorful Tools,NA,NA,Nook's Cranny,Available in Nook's Cranny (upgraded only),NA,NA,No,NA,No lighting,For sale,1.0.0,Yes,ToolScoopColorful_Remake_2_0,2_0,8577,MYmh4oANQabcGNjJ6
colorful shovel,https://acnhcdn.com/latest/FtrIcon/ToolScoopColorful_Remake_3_0.png,Pink,Color,No,Yes,1,Normal,1000,100,1,2500,625,0,None,None,Pink,Aqua,1x1,Colorful Tools,NA,NA,Nook's Cranny,Available in Nook's Cranny (upgraded only),NA,NA,No,NA,No lighting,For sale,1.0.0,Yes,ToolScoopColorful_Remake_3_0,3_0,8577,c3Frxwsyo8PSKZNya
colorful shovel,https://acnhcdn.com/latest/FtrIcon/ToolScoopColorful_Remake_4_0.png,Green,Color,No,Yes,1,Normal,1000,100,1,2500,625,0,None,None,Green,Yellow,1x1,Colorful Tools,NA,NA,Nook's Cranny,Available in Nook's Cranny (upgraded only),NA,NA,No,NA,No lighting,For sale,1.0.0,Yes,ToolScoopColorful_Remake_4_0,4_0,8577,RbQtnSAf4HNLKuao2
colorful shovel,https://acnhcdn.com/latest/FtrIcon/ToolScoopColorful_Remake_5_0.png,Purple,Color,No,Yes,1,Normal,1000,100,1,2500,625,0,None,None,Purple,Green,1x1,Colorful Tools,NA,NA,Nook's Cranny,Available in Nook's Cranny (upgraded only),NA,NA,No,NA,No lighting,For sale,1.0.0,Yes,ToolScoopColorful_Remake_5_0,5_0,8577,MiJwRTGjbkK5Jx3Zw
colorful shovel,https://acnhcdn.com/latest/FtrIcon/ToolScoopColorful_Remake_6_0.png,White,Color,No,Yes,1,Normal,1000,100,1,2500,625,0,None,None,White,Orange,1x1,Colorful Tools,NA,NA,Nook's Cranny,Available in Nook's Cranny (upgraded only),NA,NA,No,NA,No lighting,For sale,1.0.0,Yes,ToolScoopColorful_Remake_6_0,6_0,8577,XCrHq3vFnD83kY2Sg
colorful shovel,https://acnhcdn.com/latest/FtrIcon/ToolScoopColorful_Remake_7_0.png,Gray,Color,No,Yes,1,Normal,1000,100,1,2500,625,0,None,None,Black,Yellow,1x1,Colorful Tools,NA,NA,Nook's Cranny,Available in Nook's Cranny (upgraded only),NA,NA,No,NA,No lighting,For sale,1.0.0,Yes,ToolScoopColorful_Remake_7_0,7_0,8577,zo7TsB8NzfnFDA7yS
colorful slingshot,https://acnhcdn.com/latest/FtrIcon/ToolSlingshotColorful_Remake_0_0.png,Yellow,Color,No,Yes,1,Normal,1000,20,1,2500,625,0,None,None,Yellow,Orange,1x1,Colorful Tools,NA,NA,Nook's Cranny,Available in Nook's Cranny (upgraded only),NA,NA,No,NA,No lighting,For sale,1.0.0,Yes,ToolSlingshotColorful_Remake_0_0,0_0,8580,dSvd9K7sRTbx6k5cd
colorful slingshot,https://acnhcdn.com/latest/FtrIcon/ToolSlingshotColorful_Remake_1_0.png,Orange,Color,No,Yes,1,Normal,1000,20,1,2500,625,0,None,None,Red,Green,1x1,Colorful Tools,NA,NA,Nook's Cranny,Available in Nook's Cranny (upgraded only),NA,NA,No,NA,No lighting,For sale,1.0.0,Yes,ToolSlingshotColorful_Remake_1_0,1_0,8580,WAcZwYerSQtwujaPZ
colorful slingshot,https://acnhcdn.com/latest/FtrIcon/ToolSlingshotColorful_Remake_2_0.png,Blue,Color,No,Yes,1,Normal,1000,20,1,2500,625,0,None,None,Blue,Yellow,1x1,Colorful Tools,NA,NA,Nook's Cranny,Available in Nook's Cranny (upgraded only),NA,NA,No,NA,No lighting,For sale,1.0.0,Yes,ToolSlingshotColorful_Remake_2_0,2_0,8580,k7afhFcA5Pqd8qu5F
colorful slingshot,https://acnhcdn.com/latest/FtrIcon/ToolSlingshotColorful_Remake_3_0.png,Pink,Color,No,Yes,1,Normal,1000,20,1,2500,625,0,None,None,Pink,Aqua,1x1,Colorful Tools,NA,NA,Nook's Cranny,Available in Nook's Cranny (upgraded only),NA,NA,No,NA,No lighting,For sale,1.0.0,Yes,ToolSlingshotColorful_Remake_3_0,3_0,8580,GBqsH5XYgDHk8wGAz
colorful slingshot,https://acnhcdn.com/latest/FtrIcon/ToolSlingshotColorful_Remake_4_0.png,Green,Color,No,Yes,1,Normal,1000,20,1,2500,625,0,None,None,Green,Blue,1x1,Colorful Tools,NA,NA,Nook's Cranny,Available in Nook's Cranny (upgraded only),NA,NA,No,NA,No lighting,For sale,1.0.0,Yes,ToolSlingshotColorful_Remake_4_0,4_0,8580,qq67sn4aq9w7w9Ga2
colorful slingshot,https://acnhcdn.com/latest/FtrIcon/ToolSlingshotColorful_Remake_5_0.png,Purple,Color,No,Yes,1,Normal,1000,20,1,2500,625,0,None,None,Purple,Pink,1x1,Colorful Tools,NA,NA,Nook's Cranny,Available in Nook's Cranny (upgraded only),NA,NA,No,NA,No lighting,For sale,1.0.0,Yes,ToolSlingshotColorful_Remake_5_0,5_0,8580,2JHaGhkbpoa4qbhge
colorful slingshot,https://acnhcdn.com/latest/FtrIcon/ToolSlingshotColorful_Remake_6_0.png,White,Color,No,Yes,1,Normal,1000,20,1,2500,625,0,None,None,White,Red,1x1,Colorful Tools,NA,NA,Nook's Cranny,Available in Nook's Cranny (upgraded only),NA,NA,No,NA,No lighting,For sale,1.0.0,Yes,ToolSlingshotColorful_Remake_6_0,6_0,8580,cQYdSQ4MzKcnYAyc8
colorful slingshot,https://acnhcdn.com/latest/FtrIcon/ToolSlingshotColorful_Remake_7_0.png,Gray,Color,No,Yes,1,Normal,1000,20,1,2500,625,0,None,None,Black,Green,1x1,Colorful Tools,NA,NA,Nook's Cranny,Available in Nook's Cranny (upgraded only),NA,NA,No,NA,No lighting,For sale,1.0.0,Yes,ToolSlingshotColorful_Remake_7_0,7_0,8580,KiTQgsCkJSTq6ssm6
colorful watering can,https://acnhcdn.com/latest/FtrIcon/ToolWateringColorful_Remake_0_0.png,Yellow,Color,No,Yes,1,Normal,1000,60,1,2500,625,0,None,None,Yellow,Blue,1x1,Colorful Tools,NA,NA,Nook's Cranny,Available in Nook's Cranny (upgraded only),NA,NA,Yes,NA,No lighting,For sale,1.0.0,Yes,ToolWateringColorful_Remake_0_0,0_0,8534,35yzBzko3wrMwHjST
colorful watering can,https://acnhcdn.com/latest/FtrIcon/ToolWateringColorful_Remake_1_0.png,Orange,Color,No,Yes,1,Normal,1000,60,1,2500,625,0,None,None,Red,Green,1x1,Colorful Tools,NA,NA,Nook's Cranny,Available in Nook's Cranny (upgraded only),NA,NA,Yes,NA,No lighting,For sale,1.0.0,Yes,ToolWateringColorful_Remake_1_0,1_0,8534,ngYPKLyn5xXawzas3
colorful watering can,https://acnhcdn.com/latest/FtrIcon/ToolWateringColorful_Remake_2_0.png,Blue,Color,No,Yes,1,Normal,1000,60,1,2500,625,0,None,None,Blue,Orange,1x1,Colorful Tools,NA,NA,Nook's Cranny,Available in Nook's Cranny (upgraded only),NA,NA,Yes,NA,No lighting,For sale,1.0.0,Yes,ToolWateringColorful_Remake_2_0,2_0,8534,QxhyiwvJWyAShwyhJ
colorful watering can,https://acnhcdn.com/latest/FtrIcon/ToolWateringColorful_Remake_3_0.png,Pink,Color,No,Yes,1,Normal,1000,60,1,2500,625,0,None,None,Pink,Aqua,1x1,Colorful Tools,NA,NA,Nook's Cranny,Available in Nook's Cranny (upgraded only),NA,NA,Yes,NA,No lighting,For sale,1.0.0,Yes,ToolWateringColorful_Remake_3_0,3_0,8534,yuB5QpzCg94HN6u4g
colorful watering can,https://acnhcdn.com/latest/FtrIcon/ToolWateringColorful_Remake_4_0.png,Green,Color,No,Yes,1,Normal,1000,60,1,2500,625,0,None,None,Green,Yellow,1x1,Colorful Tools,NA,NA,Nook's Cranny,Available in Nook's Cranny (upgraded only),NA,NA,Yes,NA,No lighting,For sale,1.0.0,Yes,ToolWateringColorful_Remake_4_0,4_0,8534,q3p2jaJBt5gD2HRkZ
colorful watering can,https://acnhcdn.com/latest/FtrIcon/ToolWateringColorful_Remake_5_0.png,Purple,Color,No,Yes,1,Normal,1000,60,1,2500,625,0,None,None,Purple,Green,1x1,Colorful Tools,NA,NA,Nook's Cranny,Available in Nook's Cranny (upgraded only),NA,NA,Yes,NA,No lighting,For sale,1.0.0,Yes,ToolWateringColorful_Remake_5_0,5_0,8534,fAm9eEkidwn5LSjSd
colorful watering can,https://acnhcdn.com/latest/FtrIcon/ToolWateringColorful_Remake_6_0.png,White,Color,No,Yes,1,Normal,1000,60,1,2500,625,0,None,None,White,Orange,1x1,Colorful Tools,NA,NA,Nook's Cranny,Available in Nook's Cranny (upgraded only),NA,NA,Yes,NA,No lighting,For sale,1.0.0,Yes,ToolWateringColorful_Remake_6_0,6_0,8534,4ySFWfB9G3KCq8sKf
colorful watering can,https://acnhcdn.com/latest/FtrIcon/ToolWateringColorful_Remake_7_0.png,Gray,Color,No,Yes,1,Normal,1000,60,1,2500,625,0,None,None,Black,Yellow,1x1,Colorful Tools,NA,NA,Nook's Cranny,Available in Nook's Cranny (upgraded only),NA,NA,Yes,NA,No lighting,For sale,1.0.0,Yes,ToolWateringColorful_Remake_7_0,7_0,8534,yLHsKfxS39qTMyZ67
cosmos wand,https://acnhcdn.com/latest/FtrIcon/ToolStickCosmos.png,NA,NA,Yes,No,NA,None,NA,Unlimited,1,NFS,1580,0,None,None,White,Green,1x1,None,NA,NA,Crafting,,NA,NA,No,NA,No lighting,Not for sale,1.0.0,Yes,ToolStickCosmos,NA,5092,vNqGM6xMEtteYKoza
dumbbell,https://acnhcdn.com/latest/FtrIcon/ToolDumbbellPlayer_Remake_0_0.png,Black,Color,No,No,NA,None,1000,Unlimited,1,1600,400,151,None,None,Black,Gray,1x1,None,NA,NA,Group Stretching,Sent in the mail after doing group stretches on 20 different days,NA,NA,No,NA,No lighting,For sale,2.0.0,Yes,ToolDumbbellPlayer_Remake_0_0,0_0,14539,4YAs6yXya4GqF6sga
dumbbell,https://acnhcdn.com/latest/FtrIcon/ToolDumbbellPlayer_Remake_1_0.png,White,Color,No,No,NA,None,1000,Unlimited,1,1600,400,151,None,None,White,Gray,1x1,None,NA,NA,Group Stretching,Sent in the mail after doing group stretches on 20 different days,NA,NA,No,NA,No lighting,For sale,2.0.0,Yes,ToolDumbbellPlayer_Remake_1_0,1_0,14539,Znj3RwmqymBRHWHHs
dumbbell,https://acnhcdn.com/latest/FtrIcon/ToolDumbbellPlayer_Remake_2_0.png,Red,Color,No,No,NA,None,1000,Unlimited,1,1600,400,151,None,None,Red,Gray,1x1,None,NA,NA,Group Stretching,Sent in the mail after doing group stretches on 20 different days,NA,NA,No,NA,No lighting,For sale,2.0.0,Yes,ToolDumbbellPlayer_Remake_2_0,2_0,14539,hgCZhGJYpxQidbv9y
dumbbell,https://acnhcdn.com/latest/FtrIcon/ToolDumbbellPlayer_Remake_3_0.png,Yellow,Color,No,No,NA,None,1000,Unlimited,1,1600,400,151,None,None,Yellow,Gray,1x1,None,NA,NA,Group Stretching,Sent in the mail after doing group stretches on 20 different days,NA,NA,No,NA,No lighting,For sale,2.0.0,Yes,ToolDumbbellPlayer_Remake_3_0,3_0,14539,PvWzAAN9jZDaEud6G
dumbbell,https://acnhcdn.com/latest/FtrIcon/ToolDumbbellPlayer_Remake_4_0.png,Gold,Color,No,No,NA,None,1000,Unlimited,1,1600,400,151,None,None,Yellow,Yellow,1x1,None,NA,NA,Group Stretching,Sent in the mail after doing group stretches on 20 different days,NA,NA,No,NA,No lighting,For sale,2.0.0,Yes,ToolDumbbellPlayer_Remake_4_0,4_0,14539,pehfi3pEXGMzyKLMj
dumbbell,https://acnhcdn.com/latest/FtrIcon/ToolDumbbellPlayer_Remake_5_0.png,Silver,Color,No,No,NA,None,1000,Unlimited,1,1600,400,151,None,None,Gray,Gray,1x1,None,NA,NA,Group Stretching,Sent in the mail after doing group stretches on 20 different days,NA,NA,No,NA,No lighting,For sale,2.0.0,Yes,ToolDumbbellPlayer_Remake_5_0,5_0,14539,ydC7jwrwffn5zaLKi
duster,https://acnhcdn.com/latest/FtrIcon/ToolDusterPlayer.png,NA,NA,No,No,NA,None,NA,Unlimited,1,1100,275,0,None,None,Beige,Brown,1x1,None,NA,NA,Nook's Cranny,,NA,NA,No,NA,No lighting,For sale,2.0.0,Yes,ToolDusterPlayer,NA,14643,w4PXxKfjWWyJ5hQmt
elephant watering can,https://acnhcdn.com/latest/FtrIcon/ToolWateringElephant_Remake_0_0.png,Gray,Color,No,Yes,1,Normal,1000,60,1,2500,625,0,None,None,Gray,Gray,1x1,None,NA,NA,Nook's Cranny,Available in Nook's Cranny (upgraded only),NA,NA,Yes,NA,No lighting,For sale,1.0.0,Yes,ToolWateringElephant_Remake_0_0,0_0,8535,AjAhCPjQAreLmqKCB
elephant watering can,https://acnhcdn.com/latest/FtrIcon/ToolWateringElephant_Remake_1_0.png,Green,Color,No,Yes,1,Normal,1000,60,1,2500,625,0,None,None,Green,Green,1x1,None,NA,NA,Nook's Cranny,Available in Nook's Cranny (upgraded only),NA,NA,Yes,NA,No lighting,For sale,1.0.0,Yes,ToolWateringElephant_Remake_1_0,1_0,8535,JBApgvSrYbJcSmsd2
elephant watering can,https://acnhcdn.com/latest/FtrIcon/ToolWateringElephant_Remake_2_0.png,Blue,Color,No,Yes,1,Normal,1000,60,1,2500,625,0,None,None,Blue,Blue,1x1,None,NA,NA,Nook's Cranny,Available in Nook's Cranny (upgraded only),NA,NA,Yes,NA,No lighting,For sale,1.0.0,Yes,ToolWateringElephant_Remake_2_0,2_0,8535,HcqA5ggg9XBLsfYNK
elephant watering can,https://acnhcdn.com/latest/FtrIcon/ToolWateringElephant_Remake_3_0.png,Pink,Color,No,Yes,1,Normal,1000,60,1,2500,625,0,None,None,Pink,Pink,1x1,None,NA,NA,Nook's Cranny,Available in Nook's Cranny (upgraded only),NA,NA,Yes,NA,No lighting,For sale,1.0.0,Yes,ToolWateringElephant_Remake_3_0,3_0,8535,mvF2W6yf4hcXLu3eM
elephant watering can,https://acnhcdn.com/latest/FtrIcon/ToolWateringElephant_Remake_4_0.png,Red,Color,No,Yes,1,Normal,1000,60,1,2500,625,0,None,None,Red,Red,1x1,None,NA,NA,Nook's Cranny,Available in Nook's Cranny (upgraded only),NA,NA,Yes,NA,No lighting,For sale,1.0.0,Yes,ToolWateringElephant_Remake_4_0,4_0,8535,B6oWDPizvZRRBDbop
elephant watering can,https://acnhcdn.com/latest/FtrIcon/ToolWateringElephant_Remake_5_0.png,Yellow,Color,No,Yes,1,Normal,1000,60,1,2500,625,0,None,None,Yellow,Yellow,1x1,None,NA,NA,Nook's Cranny,Available in Nook's Cranny (upgraded only),NA,NA,Yes,NA,No lighting,For sale,1.0.0,Yes,ToolWateringElephant_Remake_5_0,5_0,8535,AoZCaqfJYb6TSNctg
elephant watering can,https://acnhcdn.com/latest/FtrIcon/ToolWateringElephant_Remake_6_0.png,Light blue,Color,No,Yes,1,Normal,1000,60,1,2500,625,0,None,None,Aqua,Aqua,1x1,None,NA,NA,Nook's Cranny,Available in Nook's Cranny (upgraded only),NA,NA,Yes,NA,No lighting,For sale,1.0.0,Yes,ToolWateringElephant_Remake_6_0,6_0,8535,cBG6avJmvncbTX56k
elephant watering can,https://acnhcdn.com/latest/FtrIcon/ToolWateringElephant_Remake_7_0.png,Black,Color,No,Yes,1,Normal,1000,60,1,2500,625,0,None,None,Black,Black,1x1,None,NA,NA,Nook's Cranny,Available in Nook's Cranny (upgraded only),NA,NA,Yes,NA,No lighting,For sale,1.0.0,Yes,ToolWateringElephant_Remake_7_0,7_0,8535,XphbdnArYGwJp8kmj
fiery cheer megaphone,https://acnhcdn.com/latest/FtrIcon/ToolMegaphone1.png,NA,NA,No,No,NA,None,NA,Unlimited,1,1500,375,201,fitness,None,Red,Black,1x1,None,NA,NA,Nook Shopping Seasonal,,Big Game Celebration,Yes,No,NA,No lighting,Seasonal,1.7.0,Yes,ToolMegaphone1,NA,14013,rxtP9gBPZoKuEbQQs
fish fishing rod,https://acnhcdn.com/latest/FtrIcon/ToolFishingrodColorful_Remake_0_0.png,Green,Color,No,Yes,1,Normal,1000,30,1,2500,625,0,None,None,Green,Black,1x1,None,NA,NA,Nook's Cranny,Available in Nook's Cranny (upgraded only),NA,NA,Yes,NA,No lighting,For sale,1.0.0,Yes,ToolFishingrodColorful_Remake_0_0,0_0,8471,dBNahAnSJkF5q7Wta
fish fishing rod,https://acnhcdn.com/latest/FtrIcon/ToolFishingrodColorful_Remake_1_0.png,Yellow,Color,No,Yes,1,Normal,1000,30,1,2500,625,0,None,None,Yellow,Black,1x1,None,NA,NA,Nook's Cranny,Available in Nook's Cranny (upgraded only),NA,NA,Yes,NA,No lighting,For sale,1.0.0,Yes,ToolFishingrodColorful_Remake_1_0,1_0,8471,ziRQL2REqF652sgkc
fish fishing rod,https://acnhcdn.com/latest/FtrIcon/ToolFishingrodColorful_Remake_2_0.png,Orange,Color,No,Yes,1,Normal,1000,30,1,2500,625,0,None,None,Orange,Black,1x1,None,NA,NA,Nook's Cranny,Available in Nook's Cranny (upgraded only),NA,NA,Yes,NA,No lighting,For sale,1.0.0,Yes,ToolFishingrodColorful_Remake_2_0,2_0,8471,7id3sXPC6a2qTsM9S
fish fishing rod,https://acnhcdn.com/latest/FtrIcon/ToolFishingrodColorful_Remake_3_0.png,Light blue,Color,No,Yes,1,Normal,1000,30,1,2500,625,0,None,None,Aqua,Black,1x1,None,NA,NA,Nook's Cranny,Available in Nook's Cranny (upgraded only),NA,NA,Yes,NA,No lighting,For sale,1.0.0,Yes,ToolFishingrodColorful_Remake_3_0,3_0,8471,txjiE4Yoi66P59Rpi
fish fishing rod,https://acnhcdn.com/latest/FtrIcon/ToolFishingrodColorful_Remake_4_0.png,Blue,Color,No,Yes,1,Normal,1000,30,1,2500,625,0,None,None,Blue,Black,1x1,None,NA,NA,Nook's Cranny,Available in Nook's Cranny (upgraded only),NA,NA,Yes,NA,No lighting,For sale,1.0.0,Yes,ToolFishingrodColorful_Remake_4_0,4_0,8471,mQQKH3hfMyn2P4SAT
fish fishing rod,https://acnhcdn.com/latest/FtrIcon/ToolFishingrodColorful_Remake_5_0.png,Purple,Color,No,Yes,1,Normal,1000,30,1,2500,625,0,None,None,Purple,Black,1x1,None,NA,NA,Nook's Cranny,Available in Nook's Cranny (upgraded only),NA,NA,Yes,NA,No lighting,For sale,1.0.0,Yes,ToolFishingrodColorful_Remake_5_0,5_0,8471,oPumzrhQMfYrdrhfC
fish fishing rod,https://acnhcdn.com/latest/FtrIcon/ToolFishingrodColorful_Remake_6_0.png,Pink,Color,No,Yes,1,Normal,1000,30,1,2500,625,0,None,None,Pink,Black,1x1,None,NA,NA,Nook's Cranny,Available in Nook's Cranny (upgraded only),NA,NA,Yes,NA,No lighting,For sale,1.0.0,Yes,ToolFishingrodColorful_Remake_6_0,6_0,8471,A44B9ELrDxsrY6HaR
fish fishing rod,https://acnhcdn.com/latest/FtrIcon/ToolFishingrodColorful_Remake_7_0.png,Red,Color,No,Yes,1,Normal,1000,30,1,2500,625,0,None,None,Red,Black,1x1,None,NA,NA,Nook's Cranny,Available in Nook's Cranny (upgraded only),NA,NA,Yes,NA,No lighting,For sale,1.0.0,Yes,ToolFishingrodColorful_Remake_7_0,7_0,8471,k6AepGHtwTJhBzxXZ
fish wand,https://acnhcdn.com/latest/FtrIcon/ToolStickFish.png,NA,NA,No,No,NA,None,NA,Unlimited,1,NFS,1500,501,None,None,Blue,Yellow,1x1,None,NA,NA,C.J.,,Fishing Tourney (Spring); Fishing Tourney (Summer); Fishing Tourney (Fall); Fishing Tourney (Winter),Yes,No,NA,No lighting,Not for sale,1.0.0,Yes,ToolStickFish,NA,8770,HrGFzby54HCv326PJ
fishing rod,https://acnhcdn.com/latest/FtrIcon/ToolAngling_Remake_0_0.png,Blue,Color,Yes,Yes,1,Normal,1000,30,1,NFS,600,0,None,None,Blue,Beige,1x1,None,NA,NA,Crafting,,NA,NA,Yes,NA,No lighting,Not for sale,1.0.0,Yes,ToolAngling_Remake_0_0,0_0,2377,Y62px4Jy5vaMtN46u
fishing rod,https://acnhcdn.com/latest/FtrIcon/ToolAngling_Remake_1_0.png,Yellow,Color,Yes,Yes,1,Normal,1000,30,1,NFS,600,0,None,None,Yellow,Beige,1x1,None,NA,NA,Crafting,,NA,NA,Yes,NA,No lighting,Not for sale,1.0.0,Yes,ToolAngling_Remake_1_0,1_0,2377,JLMypnErvJc6n9wS8
fishing rod,https://acnhcdn.com/latest/FtrIcon/ToolAngling_Remake_2_0.png,Green,Color,Yes,Yes,1,Normal,1000,30,1,NFS,600,0,None,None,Green,Beige,1x1,None,NA,NA,Crafting,,NA,NA,Yes,NA,No lighting,Not for sale,1.0.0,Yes,ToolAngling_Remake_2_0,2_0,2377,WTqWoAYMKuJsXjWWv
fishing rod,https://acnhcdn.com/latest/FtrIcon/ToolAngling_Remake_3_0.png,Red,Color,Yes,Yes,1,Normal,1000,30,1,NFS,600,0,None,None,Red,Beige,1x1,None,NA,NA,Crafting,,NA,NA,Yes,NA,No lighting,Not for sale,1.0.0,Yes,ToolAngling_Remake_3_0,3_0,2377,SWX3JZeySqWz8PKQi
fishing rod,https://acnhcdn.com/latest/FtrIcon/ToolAngling_Remake_4_0.png,Purple,Color,Yes,Yes,1,Normal,1000,30,1,NFS,600,0,None,None,Purple,Beige,1x1,None,NA,NA,Crafting,,NA,NA,Yes,NA,No lighting,Not for sale,1.0.0,Yes,ToolAngling_Remake_4_0,4_0,2377,PBLScat4po99B5h4k
fishing rod,https://acnhcdn.com/latest/FtrIcon/ToolAngling_Remake_5_0.png,Pink,Color,Yes,Yes,1,Normal,1000,30,1,NFS,600,0,None,None,Pink,Beige,1x1,None,NA,NA,Crafting,,NA,NA,Yes,NA,No lighting,Not for sale,1.0.0,Yes,ToolAngling_Remake_5_0,5_0,2377,9bT9ZRhRG3e3WA8Bn
fishing rod,https://acnhcdn.com/latest/FtrIcon/ToolAngling_Remake_6_0.png,White,Color,Yes,Yes,1,Normal,1000,30,1,NFS,600,0,None,None,White,Beige,1x1,None,NA,NA,Crafting,,NA,NA,Yes,NA,No lighting,Not for sale,1.0.0,Yes,ToolAngling_Remake_6_0,6_0,2377,G58mfRs22f48nF9QA
fishing rod,https://acnhcdn.com/latest/FtrIcon/ToolAngling_Remake_7_0.png,Black,Color,Yes,Yes,1,Normal,1000,30,1,NFS,600,0,None,None,Black,Beige,1x1,None,NA,NA,Crafting,,NA,NA,Yes,NA,No lighting,Not for sale,1.0.0,Yes,ToolAngling_Remake_7_0,7_0,2377,bgrXEg4NvgPjudWar
flimsy axe,https://acnhcdn.com/latest/FtrIcon/ToolAxeStone.png,NA,NA,Yes,No,NA,None,NA,40,1,800,200,0,None,None,Beige,Gray,1x1,None,100,Nook Miles,Crafting; Nook's Cranny; Wilbur; Kapp'n,Available after unlocking the axe in the story,NA,NA,No,NA,No lighting,For sale,1.0.0,Yes,ToolAxeStone,NA,3068,L79jandXPjEAoQScd
flimsy fishing rod,https://acnhcdn.com/latest/FtrIcon/ToolFishingrodWood.png,NA,NA,Yes,No,NA,None,NA,5-10,1,400,100,0,None,None,Beige,White,1x1,None,100,Nook Miles,Crafting; Nook's Cranny; Wilbur; Kapp'n,"Available in all tiers of shops, including Timmy & Tommy before the shop is opened",NA,NA,Yes,NA,No lighting,For sale,1.0.0,Yes,ToolFishingrodWood,NA,3084,qtA9zfSRuaCkmmQXr
flimsy net,https://acnhcdn.com/latest/FtrIcon/ToolNet.png,NA,NA,Yes,No,NA,None,NA,10,1,400,100,0,None,None,Beige,White,1x1,None,100,Nook Miles,Crafting; Nook's Cranny; Wilbur; Kapp'n,"Available in all tiers of shops, including Timmy & Tommy before the shop is opened",NA,NA,Yes,NA,No lighting,For sale,1.0.0,Yes,ToolNet,NA,2376,PHe3aaN2nsXFcQXxN
flimsy shovel,https://acnhcdn.com/latest/FtrIcon/ToolShovelWood.png,NA,NA,Yes,No,NA,None,NA,40,1,800,200,0,None,None,Beige,Beige,1x1,None,100,Nook Miles,Crafting; Nook's Cranny; Wilbur; Kapp'n,Available after unlocking the shovel in the story,NA,NA,No,NA,No lighting,For sale,1.0.0,Yes,ToolShovelWood,NA,3082,PnLgMCQ34R3HxWqcT
flimsy watering can,https://acnhcdn.com/latest/FtrIcon/ToolWateringWood.png,NA,NA,Yes,No,NA,None,NA,20,1,800,200,0,None,None,Beige,Gray,1x1,None,NA,NA,Crafting; Nook's Cranny,"Available in all tiers of shops, including Timmy & Tommy before the shop is opened",NA,NA,Yes,NA,No lighting,For sale,1.0.0,Yes,ToolWateringWood,NA,3083,BdRyC6atcvz3KJnnM
flower-petal basket,https://acnhcdn.com/latest/FtrIcon/ToolFlowershower.png,NA,NA,No,No,NA,None,NA,Unlimited,1,1200,300,201,None,None,Brown,Pink,1x1,None,NA,NA,Nook Shopping Seasonal,,Wedding Season (Nook Shopping),Yes,No,NA,No lighting,Seasonal,1.10.0,Yes,ToolFlowershower,NA,14284,metLc5Y6NSKEzRGM6
football cheer megaphone,https://acnhcdn.com/latest/FtrIcon/ToolMegaphone0.png,NA,NA,No,No,NA,None,NA,Unlimited,1,1500,375,201,fitness,None,Orange,White,1x1,None,NA,NA,Nook Shopping Seasonal,,Big Game Celebration,Yes,No,NA,No lighting,Seasonal,1.7.0,Yes,ToolMegaphone0,NA,13913,jbrtgKzaXEnFXJSng
foxtail,https://acnhcdn.com/latest/FtrIcon/ToolFoxtailPlayer.png,NA,NA,Yes,No,NA,None,NA,Unlimited,1,NFS,60,103,None,None,Green,Green,1x1,None,NA,NA,Crafting,,NA,NA,No,NA,No lighting,Not for sale,2.0.0,Yes,ToolFoxtailPlayer,NA,14645,4xTJQeqZ9Q5us2Csw
glittery cheer megaphone,https://acnhcdn.com/latest/FtrIcon/ToolMegaphone3.png,NA,NA,No,No,NA,None,NA,Unlimited,1,1500,375,201,fitness,None,Blue,Aqua,1x1,None,NA,NA,Nook Shopping Seasonal,,Big Game Celebration,Yes,No,NA,No lighting,Seasonal,1.7.0,Yes,ToolMegaphone3,NA,14015,gcTsMrJgt8QHcXidt
golden axe,https://acnhcdn.com/latest/FtrIcon/ToolAxeGold.png,NA,NA,Yes,No,NA,None,NA,200,1,NFS,10655,0,None,None,Yellow,Orange,1x1,None,NA,NA,Crafting,,NA,NA,No,NA,No lighting,Not for sale,1.0.0,Yes,ToolAxeGold,NA,9617,eX9RXzQHaaZX89zoN
golden ladder set-up kit,https://acnhcdn.com/latest/FtrIcon/LadderKitD.png,NA,NA,Yes,No,NA,None,NA,Unlimited,1,NFS,10720,103,None,None,None,None,1x1,None,NA,NA,Crafting,,NA,NA,No,NA,No lighting,Not in catalog,2.0.0,Yes,LadderKitD,NA,14470,F3MKfewdJAqBFaaLr
golden net,https://acnhcdn.com/latest/FtrIcon/ToolNetGold.png,NA,NA,Yes,No,NA,None,NA,90,1,NFS,10400,0,None,None,Yellow,Purple,1x1,None,NA,NA,Crafting,,NA,NA,Yes,NA,No lighting,Not for sale,1.0.0,Yes,ToolNetGold,NA,8179,aKMTWuywGTuorriEg
golden rod,https://acnhcdn.com/latest/FtrIcon/ToolFishingrodGold.png,NA,NA,Yes,No,NA,None,NA,90,1,NFS,10400,0,None,None,Yellow,Orange,1x1,None,NA,NA,Crafting,,NA,NA,Yes,NA,No lighting,Not for sale,1.0.0,Yes,ToolFishingrodGold,NA,8660,Tt5YeqejtuW3T7Cbq
golden shovel,https://acnhcdn.com/latest/FtrIcon/ToolScoopGold.png,NA,NA,Yes,No,NA,None,NA,200,1,NFS,10675,0,None,None,Yellow,Purple,1x1,None,NA,NA,Crafting,,NA,NA,No,NA,No lighting,Not for sale,1.0.0,Yes,ToolScoopGold,NA,8574,EMzMphvPgdhguM4Ku
golden slingshot,https://acnhcdn.com/latest/FtrIcon/ToolSlingshotGold.png,NA,NA,Yes,No,NA,None,NA,60,1,NFS,10300,0,None,None,Yellow,Orange,1x1,None,NA,NA,Crafting,,NA,NA,No,NA,No lighting,Not for sale,1.0.0,Yes,ToolSlingshotGold,NA,8578,tx3MMcGrZPHeyoLeY
golden wand,https://acnhcdn.com/latest/FtrIcon/ToolStickGolden.png,NA,NA,Yes,No,NA,None,NA,Unlimited,1,NFS,20750,0,None,None,Yellow,Brown,1x1,None,NA,NA,Crafting,,NA,NA,No,NA,No lighting,Not for sale,1.0.0,Yes,ToolStickGolden,NA,7591,fdDGHvQBc5AhtExnt
golden watering can,https://acnhcdn.com/latest/FtrIcon/ToolWateringGold.png,NA,NA,Yes,No,NA,None,NA,180,1,NFS,10675,0,None,None,Yellow,Purple,1x1,None,NA,NA,Crafting,,NA,NA,Yes,NA,No lighting,Not for sale,1.0.0,Yes,ToolWateringGold,NA,8533,bzEwTDjTeK4gKSsZa
grass-green folding fan,https://acnhcdn.com/latest/FtrIcon/ToolSensu3.png,NA,NA,No,No,NA,None,NA,Unlimited,1,NFS,200,0,None,None,Green,White,1x1,None,500,Bells,Redd's Co-op Raffle,,NA,NA,No,NA,No lighting,Not for sale,2.0.0,Yes,ToolSensu3,NA,321,69kSyeax8CshTQas3
green balloon,https://acnhcdn.com/latest/FtrIcon/ToolBalloonNormal3.png,NA,NA,No,No,NA,None,NA,Unlimited,1,600,150,0,None,None,Green,Green,1x1,None,500,Bells,Redd's Raffle; Nook's Cranny,Available from Redd's Raffle during Fireworks Shows; Available from Nook's Cranny rotating cabinet stock outside of August,Fireworks Show (1); Fireworks Show (2); Fireworks Show (3); Fireworks Show (4); Fireworks Show (5),No,No,NA,No lighting,For sale,1.4.0,Yes,ToolBalloonNormal3,NA,13125,6xF5xbt7WxTdqMYaH
handheld lantern,https://acnhcdn.com/latest/FtrIcon/ToolLantern_Remake_0_0.png,Stars,Variation,No,Yes,1,Normal,1000,Unlimited,1,1100,275,201,None,None,Black,Yellow,1x1,None,NA,NA,Nook Shopping Seasonal,,Lantern Festival,Yes,No,NA,Candle,Seasonal,1.11.0,Yes,ToolLantern_Remake_0_0,0_0,14414,JRc5QE43YQj97Nut9
handheld lantern,https://acnhcdn.com/latest/FtrIcon/ToolLantern_Remake_1_0.png,Moons,Variation,No,Yes,1,Normal,1000,Unlimited,1,1100,275,201,None,None,Black,Yellow,1x1,None,NA,NA,Nook Shopping Seasonal,,Lantern Festival,Yes,No,NA,Candle,Seasonal,1.11.0,Yes,ToolLantern_Remake_1_0,1_0,14414,fqt573z5JFpZHaxJA
handheld lantern,https://acnhcdn.com/latest/FtrIcon/ToolLantern_Remake_2_0.png,Stained glass,Variation,No,Yes,1,Normal,1000,Unlimited,1,1100,275,201,None,None,Colorful,Orange,1x1,None,NA,NA,Nook Shopping Seasonal,,Lantern Festival,Yes,No,NA,Candle,Seasonal,1.11.0,Yes,ToolLantern_Remake_2_0,2_0,14414,C6WCovahHE2WbnvtZ
handheld lantern,https://acnhcdn.com/latest/FtrIcon/ToolLantern_Remake_3_0.png,Suns,Variation,No,Yes,1,Normal,1000,Unlimited,1,1100,275,201,None,None,Yellow,Orange,1x1,None,NA,NA,Nook Shopping Seasonal,,Lantern Festival,Yes,No,NA,Candle,Seasonal,1.11.0,Yes,ToolLantern_Remake_3_0,3_0,14414,9Z9aw5RNmStuhsqN3
handheld lantern,https://acnhcdn.com/latest/FtrIcon/ToolLantern_Remake_4_0.png,Geese,Variation,No,Yes,1,Normal,1000,Unlimited,1,1100,275,201,None,None,Yellow,White,1x1,None,NA,NA,Nook Shopping Seasonal,,Lantern Festival,Yes,No,NA,Candle,Seasonal,1.11.0,Yes,ToolLantern_Remake_4_0,4_0,14414,zYPuWTZ6SNmPNSspa
handheld lantern,https://acnhcdn.com/latest/FtrIcon/ToolLantern_Remake_5_0.png,Leaves,Variation,No,Yes,1,Normal,1000,Unlimited,1,1100,275,201,None,None,Yellow,Green,1x1,None,NA,NA,Nook Shopping Seasonal,,Lantern Festival,Yes,No,NA,Candle,Seasonal,1.11.0,Yes,ToolLantern_Remake_5_0,5_0,14414,EFnR68jRfzXG5ppas
hyacinth wand,https://acnhcdn.com/latest/FtrIcon/ToolStickHyacinth.png,NA,NA,Yes,No,NA,None,NA,Unlimited,1,NFS,1660,0,None,None,Pink,Green,1x1,None,NA,NA,Crafting,,NA,NA,No,NA,No lighting,Not for sale,1.0.0,Yes,ToolStickHyacinth,NA,5083,aBPEFn5NehSoQ428E
ice wand,https://acnhcdn.com/latest/FtrIcon/ToolStickSnow.png,NA,NA,Yes,No,NA,None,NA,Unlimited,1,NFS,6500,0,None,None,Aqua,Blue,1x1,None,NA,NA,Crafting,,snowflakes,Yes,No,NA,No lighting,Not for sale,1.0.0,Yes,ToolStickSnow,NA,7585,pQCDsY6gvHXL2SAff
iron ladder set-up kit,https://acnhcdn.com/latest/FtrIcon/LadderKitC0_Remake_0_0.png,Silver,Color,Yes,Yes,1,Normal,1000,Unlimited,1,NFS,5190,103,None,None,None,None,1x1,None,NA,NA,Crafting,,NA,NA,No,NA,No lighting,Not in catalog,2.0.0,Yes,LadderKitC0_Remake_0_0,0_0,13534,gm4eDayQQoRZqnv7R
iron ladder set-up kit,https://acnhcdn.com/latest/FtrIcon/LadderKitC0_Remake_1_0.png,Red,Color,Yes,Yes,1,Normal,1000,Unlimited,1,NFS,5190,103,None,None,None,None,1x1,None,NA,NA,Crafting,,NA,NA,No,NA,No lighting,Not in catalog,2.0.0,Yes,LadderKitC0_Remake_1_0,1_0,13534,qX3dAu6coTmw7eNdh
iron ladder set-up kit,https://acnhcdn.com/latest/FtrIcon/LadderKitC0_Remake_2_0.png,Brown,Color,Yes,Yes,1,Normal,1000,Unlimited,1,NFS,5190,103,None,None,None,None,1x1,None,NA,NA,Crafting,,NA,NA,No,NA,No lighting,Not in catalog,2.0.0,Yes,LadderKitC0_Remake_2_0,2_0,13534,pcmR5JmFBFrw39NjH
iron wand,https://acnhcdn.com/latest/FtrIcon/ToolStickIron.png,NA,NA,Yes,No,NA,None,NA,Unlimited,1,NFS,3750,0,None,None,Gray,Gray,1x1,None,NA,NA,Crafting,,NA,NA,No,NA,No lighting,Not for sale,1.0.0,Yes,ToolStickIron,NA,7592,5JC2q7xYFFCBhX2mS
Kiki & Lala wand,https://acnhcdn.com/latest/FtrIcon/ToolStickKikilala0.png,NA,NA,No,No,NA,None,NA,Unlimited,1,12240,3060,201,fancy,None,Yellow,White,1x1,None,NA,NA,Nook Shopping Promotion,Scan the associated Sanrio amiibo card,NA,NA,No,NA,No lighting,Not in catalog,1.9.0,Yes,ToolStickKikilala0,NA,13173,xjBnFqY5WRJ7isLET
ladder,https://acnhcdn.com/latest/FtrIcon/ToolLadder.png,NA,NA,Yes,No,NA,None,NA,Unlimited,1,NFS,1440,0,None,None,Brown,Brown,1x1,None,NA,NA,Crafting,,NA,NA,No,NA,No lighting,Not for sale,1.0.0,Yes,ToolLadder,NA,2615,TxFCim9KyNE7edcXH
light stick,https://acnhcdn.com/latest/FtrIcon/ToolSticklight.png,NA,NA,No,No,NA,None,NA,Unlimited,1,1500,375,0,None,None,Yellow,White,1x1,None,NA,NA,Isabelle; Nook's Cranny,Obtained by speaking to Isabelle on New Year's Eve,Countdown,No,No,NA,No lighting,For sale,1.0.0,Yes,ToolSticklight,NA,5741,9HpdmfZcEfuXtR8ey
lily wand,https://acnhcdn.com/latest/FtrIcon/ToolStickYuri.png,NA,NA,Yes,No,NA,None,NA,Unlimited,1,NFS,1580,0,None,None,White,Green,1x1,None,NA,NA,Crafting,,NA,NA,No,NA,No lighting,Not for sale,1.0.0,Yes,ToolStickYuri,NA,5094,rX7Dget4dZzprkSY4
magic bag,https://acnhcdn.com/latest/MenuIcon/SantaSack.png,NA,NA,No,No,NA,None,NA,Unlimited,1,NFS,NA,351,None,None,None,None,1x1,None,NA,NA,Jingle,,Toy Day,Yes,No,NA,No lighting,Not in catalog,1.6.0,Yes,SantaSack,NA,13836,DANhu4XN2fNyNnCTz
maracas,https://acnhcdn.com/latest/FtrIcon/ToolMaracasCarnival.png,NA,NA,No,No,NA,None,NA,Unlimited,1,2000,500,51,party,None,Orange,Yellow,1x1,None,NA,NA,Nintendo; Nook Shopping Daily Selection,Mailed to players after the 1.7.0 update in a letter from Nintendo,NA,No,No,NA,No lighting,For sale,1.7.0,Yes,ToolMaracasCarnival,NA,13958,Gm8hxoCwEuTRvPZTq
matcha donut,https://acnhcdn.com/latest/FtrIcon/ToolDonutPlayer3.png,NA,NA,No,No,NA,None,NA,3,1,NFS,150,0,None,None,Green,Green,1x1,None,500,Bells,Redd's Co-op Raffle,,NA,NA,No,1,No lighting,Not for sale,2.0.0,Yes,ToolDonutPlayer3,NA,332,xMbjcMkJpjkj4s28J
matcha-vanilla soft serve,https://acnhcdn.com/latest/FtrIcon/ToolIcesoft2.png,NA,NA,No,No,NA,None,NA,3,1,NFS,150,0,None,None,Green,Beige,1x1,None,500,Bells,Redd's Co-op Raffle,,NA,NA,No,1,No lighting,Not for sale,2.0.0,Yes,ToolIcesoft2,NA,326,2nTb3YZQri3CsvRzX
melon cotton candy,https://acnhcdn.com/latest/FtrIcon/ToolCandyfloss2.png,NA,NA,No,No,NA,None,NA,3,1,600,150,0,None,None,Green,Beige,1x1,None,500,Bells,Redd's Raffle,,Fireworks Show (1); Fireworks Show (2); Fireworks Show (3); Fireworks Show (4); Fireworks Show (5),Yes,No,1,No lighting,Not for sale,1.11.0,Yes,ToolCandyfloss2,NA,14743,BtJiWNjd29ewLT7Ye
melon-cheesecake cone,https://acnhcdn.com/latest/FtrIcon/ToolIcecreamDouble1.png,NA,NA,No,No,NA,None,NA,3,1,NFS,150,0,None,None,Green,Yellow,1x1,None,500,Bells,Redd's Co-op Raffle,,NA,NA,No,1,No lighting,Not for sale,2.0.0,Yes,ToolIcecreamDouble1,NA,14852,AsGnTfhrNt33vuZN9
mums wand,https://acnhcdn.com/latest/FtrIcon/ToolStickChrysanthemum.png,NA,NA,Yes,No,NA,None,NA,Unlimited,1,NFS,1580,0,None,None,Yellow,Green,1x1,None,NA,NA,Crafting,,NA,NA,No,NA,No lighting,Not for sale,1.0.0,Yes,ToolStickChrysanthemum,NA,5095,9sd3YGxf9jmuGBrGw
mushroom wand,https://acnhcdn.com/latest/FtrIcon/ToolStickMushroom_Remake_0_0.png,Ordinary mushroom,Mushroom type,Yes,Yes,1,Normal,1000,Unlimited,1,NFS,3300,0,None,None,Brown,Beige,1x1,None,NA,NA,Crafting,,mushrooms,Yes,No,NA,No lighting,Not for sale,1.0.0,Yes,ToolStickMushroom_Remake_0_0,0_0,7588,6PLR84qz4JifgtLmh
mushroom wand,https://acnhcdn.com/latest/FtrIcon/ToolStickMushroom_Remake_1_0.png,White mushroom,Mushroom type,Yes,Yes,1,Normal,1000,Unlimited,1,NFS,3300,0,None,None,White,White,1x1,None,NA,NA,Crafting,,mushrooms,Yes,No,NA,No lighting,Not for sale,1.0.0,Yes,ToolStickMushroom_Remake_1_0,1_0,7588,T898uqxxT6AXuXyBt
mushroom wand,https://acnhcdn.com/latest/FtrIcon/ToolStickMushroom_Remake_2_0.png,Strange mushroom,Mushroom type,Yes,Yes,1,Normal,1000,Unlimited,1,NFS,3300,0,None,None,Purple,Purple,1x1,None,NA,NA,Crafting,,mushrooms,Yes,No,NA,No lighting,Not for sale,1.0.0,Yes,ToolStickMushroom_Remake_2_0,2_0,7588,rcjxuvmyCPyTjbbwm
mushroom wand,https://acnhcdn.com/latest/FtrIcon/ToolStickMushroom_Remake_3_0.png,Red mushroom,Mushroom type,Yes,Yes,1,Normal,1000,Unlimited,1,NFS,3300,0,None,None,Red,White,1x1,None,NA,NA,Crafting,,mushrooms,Yes,No,NA,No lighting,Not for sale,1.0.0,Yes,ToolStickMushroom_Remake_3_0,3_0,7588,nN6uiNEshKx8sYwKE
mushroom wand,https://acnhcdn.com/latest/FtrIcon/ToolStickMushroom_Remake_4_0.png,Yellow mushroom,Mushroom type,Yes,Yes,1,Normal,1000,Unlimited,1,NFS,3300,0,None,None,Yellow,Yellow,1x1,None,NA,NA,Crafting,,mushrooms,Yes,No,NA,No lighting,Not for sale,1.0.0,Yes,ToolStickMushroom_Remake_4_0,4_0,7588,Dtm7dJLAERgpCpGXv
net,https://acnhcdn.com/latest/FtrIcon/ToolNetNormal_Remake_0_0.png,Red,Color,Yes,Yes,1,Normal,1000,30,1,NFS,600,0,None,None,Red,Beige,1x1,None,NA,NA,Crafting,,NA,NA,Yes,NA,No lighting,Not for sale,1.0.0,Yes,ToolNetNormal_Remake_0_0,0_0,5784,HH8tKPMbt8DQpSrMS
net,https://acnhcdn.com/latest/FtrIcon/ToolNetNormal_Remake_1_0.png,Yellow,Color,Yes,Yes,1,Normal,1000,30,1,NFS,600,0,None,None,Yellow,Beige,1x1,None,NA,NA,Crafting,,NA,NA,Yes,NA,No lighting,Not for sale,1.0.0,Yes,ToolNetNormal_Remake_1_0,1_0,5784,YiRCkQXgKaLKf8D6p
net,https://acnhcdn.com/latest/FtrIcon/ToolNetNormal_Remake_2_0.png,Green,Color,Yes,Yes,1,Normal,1000,30,1,NFS,600,0,None,None,Green,Beige,1x1,None,NA,NA,Crafting,,NA,NA,Yes,NA,No lighting,Not for sale,1.0.0,Yes,ToolNetNormal_Remake_2_0,2_0,5784,X3x4tGwZiYnM5SRZv
net,https://acnhcdn.com/latest/FtrIcon/ToolNetNormal_Remake_3_0.png,Blue,Color,Yes,Yes,1,Normal,1000,30,1,NFS,600,0,None,None,Blue,Beige,1x1,None,NA,NA,Crafting,,NA,NA,Yes,NA,No lighting,Not for sale,1.0.0,Yes,ToolNetNormal_Remake_3_0,3_0,5784,WtArd6h6MFQ8sjwEt
net,https://acnhcdn.com/latest/FtrIcon/ToolNetNormal_Remake_4_0.png,Purple,Color,Yes,Yes,1,Normal,1000,30,1,NFS,600,0,None,None,Purple,Beige,1x1,None,NA,NA,Crafting,,NA,NA,Yes,NA,No lighting,Not for sale,1.0.0,Yes,ToolNetNormal_Remake_4_0,4_0,5784,b8L8wbutCQEQjAzwD
net,https://acnhcdn.com/latest/FtrIcon/ToolNetNormal_Remake_5_0.png,Pink,Color,Yes,Yes,1,Normal,1000,30,1,NFS,600,0,None,None,Pink,Beige,1x1,None,NA,NA,Crafting,,NA,NA,Yes,NA,No lighting,Not for sale,1.0.0,Yes,ToolNetNormal_Remake_5_0,5_0,5784,8Khqvy2vpnJkpKLET
net,https://acnhcdn.com/latest/FtrIcon/ToolNetNormal_Remake_6_0.png,White,Color,Yes,Yes,1,Normal,1000,30,1,NFS,600,0,None,None,White,Beige,1x1,None,NA,NA,Crafting,,NA,NA,Yes,NA,No lighting,Not for sale,1.0.0,Yes,ToolNetNormal_Remake_6_0,6_0,5784,yNCid2KGDGFSz2W7L
net,https://acnhcdn.com/latest/FtrIcon/ToolNetNormal_Remake_7_0.png,Black,Color,Yes,Yes,1,Normal,1000,30,1,NFS,600,0,None,None,Black,Beige,1x1,None,NA,NA,Crafting,,NA,NA,Yes,NA,No lighting,Not for sale,1.0.0,Yes,ToolNetNormal_Remake_7_0,7_0,5784,pFaH2eF4JpK3roNtQ
nice branch,https://acnhcdn.com/latest/FtrIcon/ToolBranchPlayer.png,NA,NA,Yes,No,NA,None,NA,Unlimited,1,NFS,30,103,None,None,Brown,Green,1x1,None,NA,NA,Crafting,,NA,NA,No,NA,No lighting,Not for sale,2.0.0,Yes,ToolBranchPlayer,NA,14644,da35nZC6werTpcAdp
Nook Inc. balloon,https://acnhcdn.com/latest/FtrIcon/ToolBalloonNook.png,NA,NA,No,No,NA,None,NA,Unlimited,1,NFS,210,431,None,None,Green,White,1x1,None,30,Nook Points,NookLink,Mailed to players once ordered from NookLink within the Nintendo Switch Online app,NA,NA,No,NA,No lighting,Not for sale,2.0.0,Yes,ToolBalloonNook,NA,14540,A7k4d6CpAJr2kmkCb
Nook Inc. handheld pennant,https://acnhcdn.com/latest/FtrIcon/ToolPennantRcm.png,NA,NA,No,No,NA,None,NA,Unlimited,1,NFS,2500,151,None,None,Orange,Yellow,1x1,None,500,Nook Miles,Nook Miles Redemption,,NA,NA,No,NA,No lighting,Not for sale,1.4.0,Yes,ToolPennantRcm,NA,13128,C5sMrB792zhZekeqW
Nook Inc. uchiwa fan,https://acnhcdn.com/latest/FtrIcon/ToolFanNook0.png,NA,NA,No,No,NA,None,NA,Unlimited,1,NFS,2000,151,None,None,Green,White,1x1,None,400,Nook Miles,Nook Miles Redemption,,NA,NA,No,NA,No lighting,Not for sale,1.0.0,Yes,ToolFanNook0,NA,9762,Qwfx3obKdwCDKr4WG
ocarina,https://acnhcdn.com/latest/FtrIcon/ToolOcarina.png,NA,NA,Yes,No,NA,None,NA,Unlimited,1,NFS,1000,0,None,None,Beige,Beige,1x1,None,NA,NA,Crafting,,NA,NA,No,NA,No lighting,Not for sale,1.0.0,Yes,ToolOcarina,NA,5320,xN5tB3m4aXnm94RLL
orange frozen treat,https://acnhcdn.com/latest/FtrIcon/ToolIcecandyPlayer0.png,NA,NA,No,No,NA,None,NA,3,1,600,150,0,None,None,Orange,Beige,1x1,None,500,Bells,Redd's Raffle,,Fireworks Show (1); Fireworks Show (2); Fireworks Show (3); Fireworks Show (4); Fireworks Show (5),Yes,No,1,No lighting,Not for sale,1.11.0,Yes,ToolIcecandyPlayer0,NA,14633,Bxfse8ejEoGCfxqC7
orange-mint cone,https://acnhcdn.com/latest/FtrIcon/ToolIcecreamDouble2.png,NA,NA,No,No,NA,None,NA,3,1,NFS,150,0,None,None,Orange,Green,1x1,None,500,Bells,Redd's Co-op Raffle,,NA,NA,No,1,No lighting,Not for sale,2.0.0,Yes,ToolIcecreamDouble2,NA,14853,cK694KbhDpsFd5YYs
outdoorsy fishing rod,https://acnhcdn.com/latest/FtrIcon/ToolFishingrodOutdoor_Remake_0_0.png,Avocado,Color,No,Yes,1,Normal,1000,30,1,2500,625,0,None,None,Green,Black,1x1,Outdoor Tools,NA,NA,Nook's Cranny,Available in Nook's Cranny (upgraded only),NA,NA,Yes,NA,No lighting,For sale,1.0.0,Yes,ToolFishingrodOutdoor_Remake_0_0,0_0,8473,bvYTHd7dbDC9ZijAd
outdoorsy fishing rod,https://acnhcdn.com/latest/FtrIcon/ToolFishingrodOutdoor_Remake_1_0.png,Orange,Color,No,Yes,1,Normal,1000,30,1,2500,625,0,None,None,Orange,Black,1x1,Outdoor Tools,NA,NA,Nook's Cranny,Available in Nook's Cranny (upgraded only),NA,NA,Yes,NA,No lighting,For sale,1.0.0,Yes,ToolFishingrodOutdoor_Remake_1_0,1_0,8473,bMdHGfZQu6846Somm
outdoorsy fishing rod,https://acnhcdn.com/latest/FtrIcon/ToolFishingrodOutdoor_Remake_2_0.png,Light blue,Color,No,Yes,1,Normal,1000,30,1,2500,625,0,None,None,Aqua,Black,1x1,Outdoor Tools,NA,NA,Nook's Cranny,Available in Nook's Cranny (upgraded only),NA,NA,Yes,NA,No lighting,For sale,1.0.0,Yes,ToolFishingrodOutdoor_Remake_2_0,2_0,8473,3Ne39o36LkhGc9rGk
outdoorsy fishing rod,https://acnhcdn.com/latest/FtrIcon/ToolFishingrodOutdoor_Remake_3_0.png,Red,Color,No,Yes,1,Normal,1000,30,1,2500,625,0,None,None,Red,Black,1x1,Outdoor Tools,NA,NA,Nook's Cranny,Available in Nook's Cranny (upgraded only),NA,NA,Yes,NA,No lighting,For sale,1.0.0,Yes,ToolFishingrodOutdoor_Remake_3_0,3_0,8473,BJAg7c5HmD6LncCCj
outdoorsy fishing rod,https://acnhcdn.com/latest/FtrIcon/ToolFishingrodOutdoor_Remake_4_0.png,Beige,Color,No,Yes,1,Normal,1000,30,1,2500,625,0,None,None,Beige,Black,1x1,Outdoor Tools,NA,NA,Nook's Cranny,Available in Nook's Cranny (upgraded only),NA,NA,Yes,NA,No lighting,For sale,1.0.0,Yes,ToolFishingrodOutdoor_Remake_4_0,4_0,8473,DZwxGwf6DY8ucEKwP
outdoorsy fishing rod,https://acnhcdn.com/latest/FtrIcon/ToolFishingrodOutdoor_Remake_5_0.png,Pink,Color,No,Yes,1,Normal,1000,30,1,2500,625,0,None,None,Pink,Black,1x1,Outdoor Tools,NA,NA,Nook's Cranny,Available in Nook's Cranny (upgraded only),NA,NA,Yes,NA,No lighting,For sale,1.0.0,Yes,ToolFishingrodOutdoor_Remake_5_0,5_0,8473,sGPYWwozfBgoi62fk
outdoorsy fishing rod,https://acnhcdn.com/latest/FtrIcon/ToolFishingrodOutdoor_Remake_6_0.png,Yellow,Color,No,Yes,1,Normal,1000,30,1,2500,625,0,None,None,Yellow,Black,1x1,Outdoor Tools,NA,NA,Nook's Cranny,Available in Nook's Cranny (upgraded only),NA,NA,Yes,NA,No lighting,For sale,1.0.0,Yes,ToolFishingrodOutdoor_Remake_6_0,6_0,8473,3M7FJL2qfL5iAZvxn
outdoorsy fishing rod,https://acnhcdn.com/latest/FtrIcon/ToolFishingrodOutdoor_Remake_7_0.png,Black,Color,No,Yes,1,Normal,1000,30,1,2500,625,0,None,None,Black,Black,1x1,Outdoor Tools,NA,NA,Nook's Cranny,Available in Nook's Cranny (upgraded only),NA,NA,Yes,NA,No lighting,For sale,1.0.0,Yes,ToolFishingrodOutdoor_Remake_7_0,7_0,8473,JdGkE9Mf9mXN3jXj5
outdoorsy net,https://acnhcdn.com/latest/FtrIcon/ToolNetOutdoor_Remake_0_0.png,Avocado,Color,No,Yes,1,Normal,1000,30,1,2500,625,0,None,None,Green,Gray,1x1,Outdoor Tools,NA,NA,Nook's Cranny,Available in Nook's Cranny (upgraded only),NA,NA,Yes,NA,No lighting,For sale,1.0.0,Yes,ToolNetOutdoor_Remake_0_0,0_0,8178,v8G8jriZ3R47Y5CTA
outdoorsy net,https://acnhcdn.com/latest/FtrIcon/ToolNetOutdoor_Remake_1_0.png,Orange,Color,No,Yes,1,Normal,1000,30,1,2500,625,0,None,None,Orange,Gray,1x1,Outdoor Tools,NA,NA,Nook's Cranny,Available in Nook's Cranny (upgraded only),NA,NA,Yes,NA,No lighting,For sale,1.0.0,Yes,ToolNetOutdoor_Remake_1_0,1_0,8178,SeeobMqj2fMCHFRR5
outdoorsy net,https://acnhcdn.com/latest/FtrIcon/ToolNetOutdoor_Remake_2_0.png,Light blue,Color,No,Yes,1,Normal,1000,30,1,2500,625,0,None,None,Aqua,Gray,1x1,Outdoor Tools,NA,NA,Nook's Cranny,Available in Nook's Cranny (upgraded only),NA,NA,Yes,NA,No lighting,For sale,1.0.0,Yes,ToolNetOutdoor_Remake_2_0,2_0,8178,dDuDFS3Q87rSEvYGA
outdoorsy net,https://acnhcdn.com/latest/FtrIcon/ToolNetOutdoor_Remake_3_0.png,Red,Color,No,Yes,1,Normal,1000,30,1,2500,625,0,None,None,Red,Gray,1x1,Outdoor Tools,NA,NA,Nook's Cranny,Available in Nook's Cranny (upgraded only),NA,NA,Yes,NA,No lighting,For sale,1.0.0,Yes,ToolNetOutdoor_Remake_3_0,3_0,8178,bhFAvdtCDNFuaL7tp
outdoorsy net,https://acnhcdn.com/latest/FtrIcon/ToolNetOutdoor_Remake_4_0.png,Beige,Color,No,Yes,1,Normal,1000,30,1,2500,625,0,None,None,Beige,Gray,1x1,Outdoor Tools,NA,NA,Nook's Cranny,Available in Nook's Cranny (upgraded only),NA,NA,Yes,NA,No lighting,For sale,1.0.0,Yes,ToolNetOutdoor_Remake_4_0,4_0,8178,cdXFG76YRzMhcBKvE
outdoorsy net,https://acnhcdn.com/latest/FtrIcon/ToolNetOutdoor_Remake_5_0.png,Pink,Color,No,Yes,1,Normal,1000,30,1,2500,625,0,None,None,Pink,Gray,1x1,Outdoor Tools,NA,NA,Nook's Cranny,Available in Nook's Cranny (upgraded only),NA,NA,Yes,NA,No lighting,For sale,1.0.0,Yes,ToolNetOutdoor_Remake_5_0,5_0,8178,mRjtY48TEQkJaiYqv
outdoorsy net,https://acnhcdn.com/latest/FtrIcon/ToolNetOutdoor_Remake_6_0.png,Yellow,Color,No,Yes,1,Normal,1000,30,1,2500,625,0,None,None,Yellow,Gray,1x1,Outdoor Tools,NA,NA,Nook's Cranny,Available in Nook's Cranny (upgraded only),NA,NA,Yes,NA,No lighting,For sale,1.0.0,Yes,ToolNetOutdoor_Remake_6_0,6_0,8178,qJWCYusFziCAZowwo
outdoorsy net,https://acnhcdn.com/latest/FtrIcon/ToolNetOutdoor_Remake_7_0.png,Black,Color,No,Yes,1,Normal,1000,30,1,2500,625,0,None,None,Black,Gray,1x1,Outdoor Tools,NA,NA,Nook's Cranny,Available in Nook's Cranny (upgraded only),NA,NA,Yes,NA,No lighting,For sale,1.0.0,Yes,ToolNetOutdoor_Remake_7_0,7_0,8178,v4vzaPQkSf4PHpjnC
outdoorsy shovel,https://acnhcdn.com/latest/FtrIcon/ToolScoopOutdoor_Remake_0_0.png,Avocado,Color,No,Yes,1,Normal,1000,100,1,2500,625,0,None,None,Green,Gray,1x1,Outdoor Tools,NA,NA,Nook's Cranny,Available in Nook's Cranny (upgraded only),NA,NA,No,NA,No lighting,For sale,1.0.0,Yes,ToolScoopOutdoor_Remake_0_0,0_0,8575,Je4oQvJHrridANtwW
outdoorsy shovel,https://acnhcdn.com/latest/FtrIcon/ToolScoopOutdoor_Remake_1_0.png,Orange,Color,No,Yes,1,Normal,1000,100,1,2500,625,0,None,None,Orange,Gray,1x1,Outdoor Tools,NA,NA,Nook's Cranny,Available in Nook's Cranny (upgraded only),NA,NA,No,NA,No lighting,For sale,1.0.0,Yes,ToolScoopOutdoor_Remake_1_0,1_0,8575,Qkuxh7aBzEEcgXX3g
outdoorsy shovel,https://acnhcdn.com/latest/FtrIcon/ToolScoopOutdoor_Remake_2_0.png,Light blue,Color,No,Yes,1,Normal,1000,100,1,2500,625,0,None,None,Aqua,Gray,1x1,Outdoor Tools,NA,NA,Nook's Cranny,Available in Nook's Cranny (upgraded only),NA,NA,No,NA,No lighting,For sale,1.0.0,Yes,ToolScoopOutdoor_Remake_2_0,2_0,8575,PhHgvEkW3oiFvhWuk
outdoorsy shovel,https://acnhcdn.com/latest/FtrIcon/ToolScoopOutdoor_Remake_3_0.png,Red,Color,No,Yes,1,Normal,1000,100,1,2500,625,0,None,None,Red,Gray,1x1,Outdoor Tools,NA,NA,Nook's Cranny,Available in Nook's Cranny (upgraded only),NA,NA,No,NA,No lighting,For sale,1.0.0,Yes,ToolScoopOutdoor_Remake_3_0,3_0,8575,6cvhBz44Z4BAxt8AX
outdoorsy shovel,https://acnhcdn.com/latest/FtrIcon/ToolScoopOutdoor_Remake_4_0.png,Beige,Color,No,Yes,1,Normal,1000,100,1,2500,625,0,None,None,Beige,Gray,1x1,Outdoor Tools,NA,NA,Nook's Cranny,Available in Nook's Cranny (upgraded only),NA,NA,No,NA,No lighting,For sale,1.0.0,Yes,ToolScoopOutdoor_Remake_4_0,4_0,8575,R2WDYoFbBG2hWfFtf
outdoorsy shovel,https://acnhcdn.com/latest/FtrIcon/ToolScoopOutdoor_Remake_5_0.png,Pink,Color,No,Yes,1,Normal,1000,100,1,2500,625,0,None,None,Pink,Gray,1x1,Outdoor Tools,NA,NA,Nook's Cranny,Available in Nook's Cranny (upgraded only),NA,NA,No,NA,No lighting,For sale,1.0.0,Yes,ToolScoopOutdoor_Remake_5_0,5_0,8575,RKjgnpJYtFKZgKDRk
outdoorsy shovel,https://acnhcdn.com/latest/FtrIcon/ToolScoopOutdoor_Remake_6_0.png,Yellow,Color,No,Yes,1,Normal,1000,100,1,2500,625,0,None,None,Yellow,Gray,1x1,Outdoor Tools,NA,NA,Nook's Cranny,Available in Nook's Cranny (upgraded only),NA,NA,No,NA,No lighting,For sale,1.0.0,Yes,ToolScoopOutdoor_Remake_6_0,6_0,8575,ccQGhqapinP7FiXPJ
outdoorsy shovel,https://acnhcdn.com/latest/FtrIcon/ToolScoopOutdoor_Remake_7_0.png,Black,Color,No,Yes,1,Normal,1000,100,1,2500,625,0,None,None,Black,Gray,1x1,Outdoor Tools,NA,NA,Nook's Cranny,Available in Nook's Cranny (upgraded only),NA,NA,No,NA,No lighting,For sale,1.0.0,Yes,ToolScoopOutdoor_Remake_7_0,7_0,8575,e8xYribiE3L9zbeNz
outdoorsy slingshot,https://acnhcdn.com/latest/FtrIcon/ToolSlingshotOutdoor_Remake_0_0.png,Avocado,Color,No,Yes,1,Normal,1000,20,1,2500,625,0,None,None,Green,Gray,1x1,Outdoor Tools,NA,NA,Nook's Cranny,Available in Nook's Cranny (upgraded only),NA,NA,No,NA,No lighting,For sale,1.0.0,Yes,ToolSlingshotOutdoor_Remake_0_0,0_0,8579,qJkGDgJtD9cQye8oD
outdoorsy slingshot,https://acnhcdn.com/latest/FtrIcon/ToolSlingshotOutdoor_Remake_1_0.png,Orange,Color,No,Yes,1,Normal,1000,20,1,2500,625,0,None,None,Orange,Gray,1x1,Outdoor Tools,NA,NA,Nook's Cranny,Available in Nook's Cranny (upgraded only),NA,NA,No,NA,No lighting,For sale,1.0.0,Yes,ToolSlingshotOutdoor_Remake_1_0,1_0,8579,AGkd53Dzoh7p5R5ef
outdoorsy slingshot,https://acnhcdn.com/latest/FtrIcon/ToolSlingshotOutdoor_Remake_2_0.png,Light blue,Color,No,Yes,1,Normal,1000,20,1,2500,625,0,None,None,Aqua,Gray,1x1,Outdoor Tools,NA,NA,Nook's Cranny,Available in Nook's Cranny (upgraded only),NA,NA,No,NA,No lighting,For sale,1.0.0,Yes,ToolSlingshotOutdoor_Remake_2_0,2_0,8579,coBFkGLRCML7SdfZb
outdoorsy slingshot,https://acnhcdn.com/latest/FtrIcon/ToolSlingshotOutdoor_Remake_3_0.png,Red,Color,No,Yes,1,Normal,1000,20,1,2500,625,0,None,None,Red,Gray,1x1,Outdoor Tools,NA,NA,Nook's Cranny,Available in Nook's Cranny (upgraded only),NA,NA,No,NA,No lighting,For sale,1.0.0,Yes,ToolSlingshotOutdoor_Remake_3_0,3_0,8579,ekLvFR39DuH4SdSgB
outdoorsy slingshot,https://acnhcdn.com/latest/FtrIcon/ToolSlingshotOutdoor_Remake_4_0.png,Beige,Color,No,Yes,1,Normal,1000,20,1,2500,625,0,None,None,Beige,Gray,1x1,Outdoor Tools,NA,NA,Nook's Cranny,Available in Nook's Cranny (upgraded only),NA,NA,No,NA,No lighting,For sale,1.0.0,Yes,ToolSlingshotOutdoor_Remake_4_0,4_0,8579,mLqZThcPR7oSdGETt
outdoorsy slingshot,https://acnhcdn.com/latest/FtrIcon/ToolSlingshotOutdoor_Remake_5_0.png,Pink,Color,No,Yes,1,Normal,1000,20,1,2500,625,0,None,None,Pink,Gray,1x1,Outdoor Tools,NA,NA,Nook's Cranny,Available in Nook's Cranny (upgraded only),NA,NA,No,NA,No lighting,For sale,1.0.0,Yes,ToolSlingshotOutdoor_Remake_5_0,5_0,8579,4QBCHA5pzb8Hapo7g
outdoorsy slingshot,https://acnhcdn.com/latest/FtrIcon/ToolSlingshotOutdoor_Remake_6_0.png,Yellow,Color,No,Yes,1,Normal,1000,20,1,2500,625,0,None,None,Yellow,Gray,1x1,Outdoor Tools,NA,NA,Nook's Cranny,Available in Nook's Cranny (upgraded only),NA,NA,No,NA,No lighting,For sale,1.0.0,Yes,ToolSlingshotOutdoor_Remake_6_0,6_0,8579,FDEpHpn9wAoHmzq6S
outdoorsy slingshot,https://acnhcdn.com/latest/FtrIcon/ToolSlingshotOutdoor_Remake_7_0.png,Black,Color,No,Yes,1,Normal,1000,20,1,2500,625,0,None,None,Black,Gray,1x1,Outdoor Tools,NA,NA,Nook's Cranny,Available in Nook's Cranny (upgraded only),NA,NA,No,NA,No lighting,For sale,1.0.0,Yes,ToolSlingshotOutdoor_Remake_7_0,7_0,8579,d2BxLmN5fFdSTsXvP
outdoorsy watering can,https://acnhcdn.com/latest/FtrIcon/ToolWateringOutdoor_Remake_0_0.png,Avocado,Color,No,Yes,1,Normal,1000,60,1,2500,625,0,None,None,Green,Black,1x1,Outdoor Tools,NA,NA,Nook's Cranny,Available in Nook's Cranny (upgraded only),NA,NA,Yes,NA,No lighting,For sale,1.0.0,Yes,ToolWateringOutdoor_Remake_0_0,0_0,8536,QSmseNnk3WqSmSFH8
outdoorsy watering can,https://acnhcdn.com/latest/FtrIcon/ToolWateringOutdoor_Remake_1_0.png,Orange,Color,No,Yes,1,Normal,1000,60,1,2500,625,0,None,None,Orange,Black,1x1,Outdoor Tools,NA,NA,Nook's Cranny,Available in Nook's Cranny (upgraded only),NA,NA,Yes,NA,No lighting,For sale,1.0.0,Yes,ToolWateringOutdoor_Remake_1_0,1_0,8536,SrmzprzDgkRoPoGcN
outdoorsy watering can,https://acnhcdn.com/latest/FtrIcon/ToolWateringOutdoor_Remake_2_0.png,Light blue,Color,No,Yes,1,Normal,1000,60,1,2500,625,0,None,None,Aqua,Black,1x1,Outdoor Tools,NA,NA,Nook's Cranny,Available in Nook's Cranny (upgraded only),NA,NA,Yes,NA,No lighting,For sale,1.0.0,Yes,ToolWateringOutdoor_Remake_2_0,2_0,8536,PRfaCyGvx3hieqpKh
outdoorsy watering can,https://acnhcdn.com/latest/FtrIcon/ToolWateringOutdoor_Remake_3_0.png,Red,Color,No,Yes,1,Normal,1000,60,1,2500,625,0,None,None,Red,Black,1x1,Outdoor Tools,NA,NA,Nook's Cranny,Available in Nook's Cranny (upgraded only),NA,NA,Yes,NA,No lighting,For sale,1.0.0,Yes,ToolWateringOutdoor_Remake_3_0,3_0,8536,AvLJNwY9w5fSpT47f
outdoorsy watering can,https://acnhcdn.com/latest/FtrIcon/ToolWateringOutdoor_Remake_4_0.png,Beige,Color,No,Yes,1,Normal,1000,60,1,2500,625,0,None,None,Beige,Black,1x1,Outdoor Tools,NA,NA,Nook's Cranny,Available in Nook's Cranny (upgraded only),NA,NA,Yes,NA,No lighting,For sale,1.0.0,Yes,ToolWateringOutdoor_Remake_4_0,4_0,8536,o2Zd58pLWuNfHSRoz
outdoorsy watering can,https://acnhcdn.com/latest/FtrIcon/ToolWateringOutdoor_Remake_5_0.png,Pink,Color,No,Yes,1,Normal,1000,60,1,2500,625,0,None,None,Pink,Black,1x1,Outdoor Tools,NA,NA,Nook's Cranny,Available in Nook's Cranny (upgraded only),NA,NA,Yes,NA,No lighting,For sale,1.0.0,Yes,ToolWateringOutdoor_Remake_5_0,5_0,8536,6GRguzWiwsicHTun6
outdoorsy watering can,https://acnhcdn.com/latest/FtrIcon/ToolWateringOutdoor_Remake_6_0.png,Yellow,Color,No,Yes,1,Normal,1000,60,1,2500,625,0,None,None,Yellow,Black,1x1,Outdoor Tools,NA,NA,Nook's Cranny,Available in Nook's Cranny (upgraded only),NA,NA,Yes,NA,No lighting,For sale,1.0.0,Yes,ToolWateringOutdoor_Remake_6_0,6_0,8536,iyppHKcwic4M3Mb9N
outdoorsy watering can,https://acnhcdn.com/latest/FtrIcon/ToolWateringOutdoor_Remake_7_0.png,Black,Color,No,Yes,1,Normal,1000,60,1,2500,625,0,None,None,Black,Black,1x1,Outdoor Tools,NA,NA,Nook's Cranny,Available in Nook's Cranny (upgraded only),NA,NA,Yes,NA,No lighting,For sale,1.0.0,Yes,ToolWateringOutdoor_Remake_7_0,7_0,8536,vWuJ6J7YaPtB7vE88
pan flute,https://acnhcdn.com/latest/FtrIcon/ToolPanpipe.png,NA,NA,Yes,No,NA,None,NA,Unlimited,1,NFS,2800,201,None,None,Beige,Brown,1x1,None,NA,NA,Crafting,,young spring bamboo,Yes,No,NA,No lighting,Not for sale,1.0.0,Yes,ToolPanpipe,NA,5517,7LjdexM2bmrbxDaCG
pansy wand,https://acnhcdn.com/latest/FtrIcon/ToolStickPansy.png,NA,NA,Yes,No,NA,None,NA,Unlimited,1,NFS,1580,0,None,None,Yellow,Green,1x1,None,NA,NA,Crafting,,NA,NA,No,NA,No lighting,Not for sale,1.0.0,Yes,ToolStickPansy,NA,5091,kPAMdHZaM8oHFjjyg
party popper,https://acnhcdn.com/latest/FtrIcon/ToolCracker.png,NA,NA,No,No,NA,None,NA,1,10,100,25,0,None,None,Red,Yellow,1x1,None,NA,NA,Nook's Cranny; Tom Nook,"Available from Nook's Cranny;
Available from Tom Nook during Countdown",Countdown,NA,No,NA,No lighting,For sale,1.0.0,Yes,ToolCracker,NA,2753,Wo8iqf7JZZ7egzmLf
peachy-pink folding fan,https://acnhcdn.com/latest/FtrIcon/ToolSensu0.png,NA,NA,No,No,NA,None,NA,Unlimited,1,NFS,200,0,None,None,Pink,White,1x1,None,500,Bells,Redd's Co-op Raffle,,NA,NA,No,NA,No lighting,Not for sale,2.0.0,Yes,ToolSensu0,NA,14627,E4YnWi43HCLRM7NDp
pink balloon,https://acnhcdn.com/latest/FtrIcon/ToolBalloonNormal4.png,NA,NA,No,No,NA,None,NA,Unlimited,1,600,150,0,None,None,Pink,Pink,1x1,None,500,Bells,Redd's Raffle; Nook's Cranny,Available from Redd's Raffle during Fireworks Shows; Available from Nook's Cranny rotating cabinet stock outside of August,Fireworks Show (1); Fireworks Show (2); Fireworks Show (3); Fireworks Show (4); Fireworks Show (5),No,No,NA,No lighting,For sale,1.4.0,Yes,ToolBalloonNormal4,NA,13126,jJkSMbhxX3ekBkWZK
pinwheel,https://acnhcdn.com/latest/FtrIcon/ToolWindmill.png,NA,NA,No,No,NA,None,NA,Unlimited,1,800,200,0,None,None,Yellow,Red,1x1,None,500,Bells,Redd's Raffle; Nook's Cranny,Available from Redd's Raffle during Fireworks Shows; Available from Nook's Cranny rotating cabinet stock outside of August,Fireworks Show (1); Fireworks Show (2); Fireworks Show (3); Fireworks Show (4); Fireworks Show (5),No,No,NA,No lighting,For sale,1.4.0,Yes,ToolWindmill,NA,5744,ixfo3W4miuTh5zvSP
plain cotton candy,https://acnhcdn.com/latest/FtrIcon/ToolCandyfloss0.png,NA,NA,No,No,NA,None,NA,3,1,600,150,0,None,None,White,Beige,1x1,None,500,Bells,Redd's Raffle,,Fireworks Show (1); Fireworks Show (2); Fireworks Show (3); Fireworks Show (4); Fireworks Show (5),Yes,No,1,No lighting,Not for sale,1.11.0,Yes,ToolCandyfloss0,NA,14629,t2RZQ8t2N95TqLqbs
pocket magazine,https://acnhcdn.com/latest/FtrIcon/ToolMagazine_Remake_0_0.png,Fashion,Genre,No,No,NA,None,1000,Unlimited,1,NFS,200,0,None,None,Aqua,Colorful,1x1,None,500,Bells,Redd's Co-op Raffle,,NA,NA,No,NA,No lighting,Not for sale,2.0.0,Yes,ToolMagazine_Remake_0_0,0_0,14640,FCg3CM7KxxFnKoSxi
pocket magazine,https://acnhcdn.com/latest/FtrIcon/ToolMagazine_Remake_1_0.png,Music,Genre,No,No,NA,None,1000,Unlimited,1,NFS,200,0,None,None,Blue,Colorful,1x1,None,500,Bells,Redd's Co-op Raffle,,NA,NA,No,NA,No lighting,Not for sale,2.0.0,Yes,ToolMagazine_Remake_1_0,1_0,14640,mT5aehKJR72MLssHJ
pocket magazine,https://acnhcdn.com/latest/FtrIcon/ToolMagazine_Remake_2_0.png,Sports,Genre,No,No,NA,None,1000,Unlimited,1,NFS,200,0,None,None,Gray,Colorful,1x1,None,500,Bells,Redd's Co-op Raffle,,NA,NA,No,NA,No lighting,Not for sale,2.0.0,Yes,ToolMagazine_Remake_2_0,2_0,14640,WMLmjpqs5ERpB5pHY
pocket magazine,https://acnhcdn.com/latest/FtrIcon/ToolMagazine_Remake_3_0.png,Comic,Genre,No,No,NA,None,1000,Unlimited,1,NFS,200,0,None,None,Orange,Colorful,1x1,None,500,Bells,Redd's Co-op Raffle,,NA,NA,No,NA,No lighting,Not for sale,2.0.0,Yes,ToolMagazine_Remake_3_0,3_0,14640,3bGynWESHA7F77TuQ
pocketbook,https://acnhcdn.com/latest/FtrIcon/ToolBookPlayer_Remake_0_0.png,Novel,Genre,No,No,NA,None,1000,Unlimited,1,NFS,200,0,None,None,Blue,White,1x1,None,500,Bells,Redd's Co-op Raffle,,NA,NA,No,NA,No lighting,Not for sale,2.0.0,Yes,ToolBookPlayer_Remake_0_0,0_0,14639,9Y9zD3Eazk4qruBpL
pocketbook,https://acnhcdn.com/latest/FtrIcon/ToolBookPlayer_Remake_1_0.png,Gardening guide,Genre,No,No,NA,None,1000,Unlimited,1,NFS,200,0,None,None,Purple,Colorful,1x1,None,500,Bells,Redd's Co-op Raffle,,NA,NA,No,NA,No lighting,Not for sale,2.0.0,Yes,ToolBookPlayer_Remake_1_0,1_0,14639,HNFstehZ7EJisyuEB
pocketbook,https://acnhcdn.com/latest/FtrIcon/ToolBookPlayer_Remake_2_0.png,Bug guide,Genre,No,No,NA,None,1000,Unlimited,1,NFS,200,0,None,None,Green,Colorful,1x1,None,500,Bells,Redd's Co-op Raffle,,NA,NA,No,NA,No lighting,Not for sale,2.0.0,Yes,ToolBookPlayer_Remake_2_0,2_0,14639,L9AnDQ87xo8mPiwZt
pocketbook,https://acnhcdn.com/latest/FtrIcon/ToolBookPlayer_Remake_3_0.png,Fish guide,Genre,No,No,NA,None,1000,Unlimited,1,NFS,200,0,None,None,Aqua,Colorful,1x1,None,500,Bells,Redd's Co-op Raffle,,NA,NA,No,NA,No lighting,Not for sale,2.0.0,Yes,ToolBookPlayer_Remake_3_0,3_0,14639,zWSy9jMt7PaBe8T5c
pocketbook,https://acnhcdn.com/latest/FtrIcon/ToolBookPlayer_Remake_4_0.png,Fossil guide,Genre,No,No,NA,None,1000,Unlimited,1,NFS,200,0,None,None,Brown,Beige,1x1,None,500,Bells,Redd's Co-op Raffle,,NA,NA,No,NA,No lighting,Not for sale,2.0.0,Yes,ToolBookPlayer_Remake_4_0,4_0,14639,A8bEpmeD6yHK6Sf2y
printed-design shovel,https://acnhcdn.com/latest/FtrIcon/ToolScoopPattern_Remake_0_0.png,Light blue,Color,No,Yes,1,Normal,1000,100,1,2500,625,0,None,None,Aqua,Beige,1x1,None,NA,NA,Nook's Cranny,Available in Nook's Cranny (upgraded only),NA,NA,No,NA,No lighting,For sale,1.0.0,Yes,ToolScoopPattern_Remake_0_0,0_0,8576,nQuRoWnfXx8BPFTmA
printed-design shovel,https://acnhcdn.com/latest/FtrIcon/ToolScoopPattern_Remake_1_0.png,White,Color,No,Yes,1,Normal,1000,100,1,2500,625,0,None,None,White,Beige,1x1,None,NA,NA,Nook's Cranny,Available in Nook's Cranny (upgraded only),NA,NA,No,NA,No lighting,For sale,1.0.0,Yes,ToolScoopPattern_Remake_1_0,1_0,8576,uayKLmvAsj6EHGnJW
printed-design shovel,https://acnhcdn.com/latest/FtrIcon/ToolScoopPattern_Remake_2_0.png,Yellow,Color,No,Yes,1,Normal,1000,100,1,2500,625,0,None,None,Yellow,Beige,1x1,None,NA,NA,Nook's Cranny,Available in Nook's Cranny (upgraded only),NA,NA,No,NA,No lighting,For sale,1.0.0,Yes,ToolScoopPattern_Remake_2_0,2_0,8576,Aa39b233u5kL2BZ5M
printed-design shovel,https://acnhcdn.com/latest/FtrIcon/ToolScoopPattern_Remake_3_0.png,Pink,Color,No,Yes,1,Normal,1000,100,1,2500,625,0,None,None,Pink,Beige,1x1,None,NA,NA,Nook's Cranny,Available in Nook's Cranny (upgraded only),NA,NA,No,NA,No lighting,For sale,1.0.0,Yes,ToolScoopPattern_Remake_3_0,3_0,8576,jBDbWkxf2bC4Q7FXw
printed-design shovel,https://acnhcdn.com/latest/FtrIcon/ToolScoopPattern_Remake_4_0.png,Green,Color,No,Yes,1,Normal,1000,100,1,2500,625,0,None,None,Green,Beige,1x1,None,NA,NA,Nook's Cranny,Available in Nook's Cranny (upgraded only),NA,NA,No,NA,No lighting,For sale,1.0.0,Yes,ToolScoopPattern_Remake_4_0,4_0,8576,8p4An2z69STF7vEXo
printed-design shovel,https://acnhcdn.com/latest/FtrIcon/ToolScoopPattern_Remake_5_0.png,Blue,Color,No,Yes,1,Normal,1000,100,1,2500,625,0,None,None,Blue,Beige,1x1,None,NA,NA,Nook's Cranny,Available in Nook's Cranny (upgraded only),NA,NA,No,NA,No lighting,For sale,1.0.0,Yes,ToolScoopPattern_Remake_5_0,5_0,8576,6T8xrvDKPvnmAgoAm
printed-design shovel,https://acnhcdn.com/latest/FtrIcon/ToolScoopPattern_Remake_6_0.png,Purple,Color,No,Yes,1,Normal,1000,100,1,2500,625,0,None,None,Purple,Beige,1x1,None,NA,NA,Nook's Cranny,Available in Nook's Cranny (upgraded only),NA,NA,No,NA,No lighting,For sale,1.0.0,Yes,ToolScoopPattern_Remake_6_0,6_0,8576,uYrRaXdBb23RrpGNc
printed-design shovel,https://acnhcdn.com/latest/FtrIcon/ToolScoopPattern_Remake_7_0.png,Black,Color,No,Yes,1,Normal,1000,100,1,2500,625,0,None,None,Black,Beige,1x1,None,NA,NA,Nook's Cranny,Available in Nook's Cranny (upgraded only),NA,NA,No,NA,No lighting,For sale,1.0.0,Yes,ToolScoopPattern_Remake_7_0,7_0,8576,mwWibomJ7C9h9diZ3
protein shake,https://acnhcdn.com/latest/FtrIcon/ToolProtein_Remake_0_0.png,Red,Shaker color,No,No,NA,None,1000,3,1,960,240,151,None,None,Red,Beige,1x1,None,NA,NA,Group Stretching,Sent in the mail after doing group stretches on 30 different days,NA,NA,No,1,No lighting,For sale,2.0.0,Yes,ToolProtein_Remake_0_0,0_0,14538,r6JPD8YnnAJXH2KPJ
protein shake,https://acnhcdn.com/latest/FtrIcon/ToolProtein_Remake_1_0.png,Blue,Shaker color,No,No,NA,None,1000,3,1,960,240,151,None,None,Blue,Beige,1x1,None,NA,NA,Group Stretching,Sent in the mail after doing group stretches on 30 different days,NA,NA,No,1,No lighting,For sale,2.0.0,Yes,ToolProtein_Remake_1_0,1_0,14538,q73xinSyYuQjJjiMh
protein shake,https://acnhcdn.com/latest/FtrIcon/ToolProtein_Remake_2_0.png,Green,Shaker color,No,No,NA,None,1000,3,1,960,240,151,None,None,Green,Brown,1x1,None,NA,NA,Group Stretching,Sent in the mail after doing group stretches on 30 different days,NA,NA,No,1,No lighting,For sale,2.0.0,Yes,ToolProtein_Remake_2_0,2_0,14538,dcuwDXs22ovjjCAnR
protein shake,https://acnhcdn.com/latest/FtrIcon/ToolProtein_Remake_3_0.png,Pink,Shaker color,No,No,NA,None,1000,3,1,960,240,151,None,None,Pink,Pink,1x1,None,NA,NA,Group Stretching,Sent in the mail after doing group stretches on 30 different days,NA,NA,No,1,No lighting,For sale,2.0.0,Yes,ToolProtein_Remake_3_0,3_0,14538,RoZzTh2AhgNWMgf54
rainbow soft serve,https://acnhcdn.com/latest/FtrIcon/ToolIcesoft4.png,NA,NA,No,No,NA,None,NA,3,1,NFS,150,0,None,None,Colorful,Beige,1x1,None,500,Bells,Redd's Co-op Raffle,,NA,NA,No,1,No lighting,Not for sale,2.0.0,Yes,ToolIcesoft4,NA,324,6gqmwTQiD6eSwrPCb
ramune-soda cotton candy,https://acnhcdn.com/latest/FtrIcon/ToolCandyfloss3.png,NA,NA,No,No,NA,None,NA,3,1,600,150,0,None,None,Aqua,Beige,1x1,None,500,Bells,Redd's Raffle,,Fireworks Show (1); Fireworks Show (2); Fireworks Show (3); Fireworks Show (4); Fireworks Show (5),Yes,No,1,No lighting,Not for sale,1.11.0,Yes,ToolCandyfloss3,NA,14744,XZ3KvjcLZCWX38vAe
ramune-soda frozen treat,https://acnhcdn.com/latest/FtrIcon/ToolIcecandyPlayer1.png,NA,NA,No,No,NA,None,NA,3,1,600,150,0,None,None,Aqua,Beige,1x1,None,500,Bells,Redd's Raffle,,Fireworks Show (1); Fireworks Show (2); Fireworks Show (3); Fireworks Show (4); Fireworks Show (5),Yes,No,1,No lighting,Not for sale,1.11.0,Yes,ToolIcecandyPlayer1,NA,14632,5i9FTKgXZ5wANJrLq
ramune-soda-lemon cone,https://acnhcdn.com/latest/FtrIcon/ToolIcecreamDouble0.png,NA,NA,No,No,NA,None,NA,3,1,NFS,150,0,None,None,Aqua,Yellow,1x1,None,500,Bells,Redd's Co-op Raffle,,NA,NA,No,1,No lighting,Not for sale,2.0.0,Yes,ToolIcecreamDouble0,NA,14734,4ymrzaFBSv7hLTfbA
red balloon,https://acnhcdn.com/latest/FtrIcon/ToolBalloonNormal1.png,NA,NA,No,No,NA,None,NA,Unlimited,1,600,150,0,None,None,Red,Red,1x1,None,500,Bells,Redd's Raffle; Nook's Cranny,Available from Redd's Raffle during Fireworks Shows; Available from Nook's Cranny rotating cabinet stock outside of August,Fireworks Show (1); Fireworks Show (2); Fireworks Show (3); Fireworks Show (4); Fireworks Show (5),No,No,NA,No lighting,For sale,1.4.0,Yes,ToolBalloonNormal1,NA,13123,93qC6sGCBMeknRuJ7
red sparkler,https://acnhcdn.com/latest/FtrIcon/ToolFireworks.png,NA,NA,No,No,NA,None,NA,1,10,600,150,0,None,None,Red,Colorful,1x1,None,500,Bells,Redd's Raffle; Nook's Cranny,Available from Redd's Raffle during Fireworks Shows; Available from Nook's Cranny rotating cabinet stock outside of August,Fireworks Show (1); Fireworks Show (2); Fireworks Show (3); Fireworks Show (4); Fireworks Show (5),No,No,NA,No lighting,For sale,1.4.0,Yes,ToolFireworks,NA,5743,5YyG34qEdmAuABqHd
rose wand,https://acnhcdn.com/latest/FtrIcon/ToolStickRose.png,NA,NA,Yes,No,NA,None,NA,Unlimited,1,NFS,1580,0,None,None,Red,Green,1x1,None,NA,NA,Crafting,,NA,NA,No,NA,No lighting,Not for sale,1.0.0,Yes,ToolStickRose,NA,5093,RB9jk9eLFLJdokFjG
shamrock soda,https://acnhcdn.com/latest/FtrIcon/ToolJuiceShamrock.png,NA,NA,No,No,NA,None,NA,Unlimited,1,1000,250,201,party,None,Green,White,1x1,None,NA,NA,Nook Shopping Seasonal,,Shamrock Day,Yes,No,NA,No lighting,Seasonal,1.8.0,Yes,ToolJuiceShamrock,NA,14028,G9SmTScRAn3pcT7dB
shamrock wand,https://acnhcdn.com/latest/FtrIcon/ToolStickShamrock.png,NA,NA,Yes,No,NA,None,NA,Unlimited,1,NFS,1560,201,None,None,Green,Black,1x1,None,NA,NA,Crafting,,Shamrock Day,Yes,No,NA,No lighting,Not for sale,1.8.0,Yes,ToolStickShamrock,NA,14239,Qvn93rzckYS8BqHZs
shell wand,https://acnhcdn.com/latest/FtrIcon/ToolStickShell.png,NA,NA,Yes,No,NA,None,NA,Unlimited,1,NFS,5100,0,None,None,Pink,Aqua,1x1,None,NA,NA,Crafting,,summer shells,Yes,No,NA,No lighting,Not for sale,1.0.0,Yes,ToolStickShell,NA,7586,EsdC3wFYpzqXB7RRi
shovel,https://acnhcdn.com/latest/FtrIcon/ToolScoop_Remake_0_0.png,Red,Color,Yes,Yes,1,Normal,1000,100,1,NFS,600,0,None,None,Red,Black,1x1,None,NA,NA,Crafting,,NA,NA,No,NA,No lighting,Not for sale,1.0.0,Yes,ToolScoop_Remake_0_0,0_0,2099,B6ejTnMqrR65wXv5z
shovel,https://acnhcdn.com/latest/FtrIcon/ToolScoop_Remake_1_0.png,Yellow,Color,Yes,Yes,1,Normal,1000,100,1,NFS,600,0,None,None,Yellow,Black,1x1,None,NA,NA,Crafting,,NA,NA,No,NA,No lighting,Not for sale,1.0.0,Yes,ToolScoop_Remake_1_0,1_0,2099,6sKHnKeEuPcLpjEF3
shovel,https://acnhcdn.com/latest/FtrIcon/ToolScoop_Remake_2_0.png,Green,Color,Yes,Yes,1,Normal,1000,100,1,NFS,600,0,None,None,Green,Black,1x1,None,NA,NA,Crafting,,NA,NA,No,NA,No lighting,Not for sale,1.0.0,Yes,ToolScoop_Remake_2_0,2_0,2099,SSzNaAfdGfnFoL8Qq
shovel,https://acnhcdn.com/latest/FtrIcon/ToolScoop_Remake_3_0.png,Blue,Color,Yes,Yes,1,Normal,1000,100,1,NFS,600,0,None,None,Blue,Black,1x1,None,NA,NA,Crafting,,NA,NA,No,NA,No lighting,Not for sale,1.0.0,Yes,ToolScoop_Remake_3_0,3_0,2099,qiAf2KCaX5Xr57bXb
shovel,https://acnhcdn.com/latest/FtrIcon/ToolScoop_Remake_4_0.png,Purple,Color,Yes,Yes,1,Normal,1000,100,1,NFS,600,0,None,None,Purple,Black,1x1,None,NA,NA,Crafting,,NA,NA,No,NA,No lighting,Not for sale,1.0.0,Yes,ToolScoop_Remake_4_0,4_0,2099,bbbeRassLbyY8HCP3
shovel,https://acnhcdn.com/latest/FtrIcon/ToolScoop_Remake_5_0.png,Pink,Color,Yes,Yes,1,Normal,1000,100,1,NFS,600,0,None,None,Pink,Black,1x1,None,NA,NA,Crafting,,NA,NA,No,NA,No lighting,Not for sale,1.0.0,Yes,ToolScoop_Remake_5_0,5_0,2099,CZoPP24ecNvDxdNfY
shovel,https://acnhcdn.com/latest/FtrIcon/ToolScoop_Remake_6_0.png,White,Color,Yes,Yes,1,Normal,1000,100,1,NFS,600,0,None,None,White,Black,1x1,None,NA,NA,Crafting,,NA,NA,No,NA,No lighting,Not for sale,1.0.0,Yes,ToolScoop_Remake_6_0,6_0,2099,JLemP4xchhzB2BmLk
shovel,https://acnhcdn.com/latest/FtrIcon/ToolScoop_Remake_7_0.png,Black,Color,Yes,Yes,1,Normal,1000,100,1,NFS,600,0,None,None,Black,Black,1x1,None,NA,NA,Crafting,,NA,NA,No,NA,No lighting,Not for sale,1.0.0,Yes,ToolScoop_Remake_7_0,7_0,2099,egJGqooiodvdWtv6Y
sky-blue folding fan,https://acnhcdn.com/latest/FtrIcon/ToolSensu1.png,NA,NA,No,No,NA,None,NA,Unlimited,1,NFS,200,0,None,None,Aqua,White,1x1,None,500,Bells,Redd's Co-op Raffle,,NA,NA,No,NA,No lighting,Not for sale,2.0.0,Yes,ToolSensu1,NA,323,QEGoJrSFWoioQcg9s
slingshot,https://acnhcdn.com/latest/FtrIcon/ToolSlingshot_Remake_0_0.png,Red,Color,Yes,Yes,1,Normal,1000,20,1,900,225,0,None,None,Red,Beige,1x1,None,NA,NA,Crafting; Nook's Cranny,"Available in all tiers of shops, including Timmy & Tommy before the shop is opened",NA,NA,No,NA,No lighting,For sale,1.0.0,Yes,ToolSlingshot_Remake_0_0,0_0,2822,kgAEBkWjeZrdvZLwC
slingshot,https://acnhcdn.com/latest/FtrIcon/ToolSlingshot_Remake_1_0.png,Yellow,Color,Yes,Yes,1,Normal,1000,20,1,900,225,0,None,None,Yellow,Beige,1x1,None,NA,NA,Crafting; Nook's Cranny,"Available in all tiers of shops, including Timmy & Tommy before the shop is opened",NA,NA,No,NA,No lighting,For sale,1.0.0,Yes,ToolSlingshot_Remake_1_0,1_0,2822,aoeJ6gnZq7Cz9MH58
slingshot,https://acnhcdn.com/latest/FtrIcon/ToolSlingshot_Remake_2_0.png,Green,Color,Yes,Yes,1,Normal,1000,20,1,900,225,0,None,None,Green,Beige,1x1,None,NA,NA,Crafting; Nook's Cranny,"Available in all tiers of shops, including Timmy & Tommy before the shop is opened",NA,NA,No,NA,No lighting,For sale,1.0.0,Yes,ToolSlingshot_Remake_2_0,2_0,2822,prpgd3XrcJHJZybaD
slingshot,https://acnhcdn.com/latest/FtrIcon/ToolSlingshot_Remake_3_0.png,Blue,Color,Yes,Yes,1,Normal,1000,20,1,900,225,0,None,None,Blue,Beige,1x1,None,NA,NA,Crafting; Nook's Cranny,"Available in all tiers of shops, including Timmy & Tommy before the shop is opened",NA,NA,No,NA,No lighting,For sale,1.0.0,Yes,ToolSlingshot_Remake_3_0,3_0,2822,bHrn2thixWf3tPgQB
slingshot,https://acnhcdn.com/latest/FtrIcon/ToolSlingshot_Remake_4_0.png,Purple,Color,Yes,Yes,1,Normal,1000,20,1,900,225,0,None,None,Purple,Beige,1x1,None,NA,NA,Crafting; Nook's Cranny,"Available in all tiers of shops, including Timmy & Tommy before the shop is opened",NA,NA,No,NA,No lighting,For sale,1.0.0,Yes,ToolSlingshot_Remake_4_0,4_0,2822,o2z73jZqDyg3Bwjtq
slingshot,https://acnhcdn.com/latest/FtrIcon/ToolSlingshot_Remake_5_0.png,Pink,Color,Yes,Yes,1,Normal,1000,20,1,900,225,0,None,None,Pink,Beige,1x1,None,NA,NA,Crafting; Nook's Cranny,"Available in all tiers of shops, including Timmy & Tommy before the shop is opened",NA,NA,No,NA,No lighting,For sale,1.0.0,Yes,ToolSlingshot_Remake_5_0,5_0,2822,J47FSys2XtpZr8dT9
slingshot,https://acnhcdn.com/latest/FtrIcon/ToolSlingshot_Remake_6_0.png,White,Color,Yes,Yes,1,Normal,1000,20,1,900,225,0,None,None,White,Beige,1x1,None,NA,NA,Crafting; Nook's Cranny,"Available in all tiers of shops, including Timmy & Tommy before the shop is opened",NA,NA,No,NA,No lighting,For sale,1.0.0,Yes,ToolSlingshot_Remake_6_0,6_0,2822,qKjLAtchN5GvjyknF
slingshot,https://acnhcdn.com/latest/FtrIcon/ToolSlingshot_Remake_7_0.png,Gray,Color,Yes,Yes,1,Normal,1000,20,1,900,225,0,None,None,Gray,Beige,1x1,None,NA,NA,Crafting; Nook's Cranny,"Available in all tiers of shops, including Timmy & Tommy before the shop is opened",NA,NA,No,NA,No lighting,For sale,1.0.0,Yes,ToolSlingshot_Remake_7_0,7_0,2822,dq9S8zrmf4efRddki
sparkling cider,https://acnhcdn.com/latest/FtrIcon/ToolJuiceFuzzyapple.png,NA,NA,No,No,NA,None,NA,Unlimited,1,1000,250,201,party,None,Yellow,Aqua,1x1,None,NA,NA,Nook Shopping Seasonal,,New Year's Eve,Yes,No,NA,No lighting,Seasonal,1.6.0,Yes,ToolJuiceFuzzyapple,NA,13835,RwPmXZCELsvd44w2t
spooky treats basket,https://acnhcdn.com/latest/FtrIcon/ToolBasketHalloween_Remake_0_0.png,Orange,Pumpkin color,Yes,Yes,1,Pumpkin,1000,Unlimited,1,3000,750,201,horror,None,Orange,Black,1x1,None,NA,NA,Crafting; Nook's Cranny,,Halloween (days before); Halloween,Yes,No,NA,No lighting,Not for sale,1.11.0,Yes,ToolBasketHalloween_Remake_0_0,0_0,14542,7iCi5mzyunH38iSKL
spooky treats basket,https://acnhcdn.com/latest/FtrIcon/ToolBasketHalloween_Remake_1_0.png,Yellow,Pumpkin color,Yes,Yes,1,Pumpkin,1000,Unlimited,1,3000,750,201,horror,None,Yellow,Black,1x1,None,NA,NA,Crafting; Nook's Cranny,,Halloween (days before); Halloween,Yes,No,NA,No lighting,Not for sale,1.11.0,Yes,ToolBasketHalloween_Remake_1_0,1_0,14542,BeF86fkPMobZLnCJS
spooky treats basket,https://acnhcdn.com/latest/FtrIcon/ToolBasketHalloween_Remake_2_0.png,Green,Pumpkin color,Yes,Yes,1,Pumpkin,1000,Unlimited,1,3000,750,201,horror,None,Green,Black,1x1,None,NA,NA,Crafting; Nook's Cranny,,Halloween (days before); Halloween,Yes,No,NA,No lighting,Not for sale,1.11.0,Yes,ToolBasketHalloween_Remake_2_0,2_0,14542,nKJf3hTfazivQyxa7
spooky treats basket,https://acnhcdn.com/latest/FtrIcon/ToolBasketHalloween_Remake_3_0.png,Monochrome,Pumpkin color,Yes,Yes,1,Pumpkin,1000,Unlimited,1,3000,750,201,horror,None,White,Black,1x1,None,NA,NA,Crafting; Nook's Cranny,,Halloween (days before); Halloween,Yes,No,NA,No lighting,Not for sale,1.11.0,Yes,ToolBasketHalloween_Remake_3_0,3_0,14542,Yqgz4pipg2uNLWTYM
spooky wand,https://acnhcdn.com/latest/FtrIcon/ToolStickHalloween.png,NA,NA,Yes,No,NA,None,NA,Unlimited,1,NFS,4300,573,None,None,Orange,Black,1x1,None,NA,NA,Crafting; Jack,,Halloween,Yes,No,NA,No lighting,Not for sale,1.5.0,Yes,ToolStickHalloween,NA,13237,M8JtabnRsijZu4RqN
star net,https://acnhcdn.com/latest/FtrIcon/ToolNetStar_Remake_0_0.png,Yellow,Color,No,Yes,1,Normal,1000,30,1,2500,625,0,None,None,Yellow,Yellow,1x1,None,NA,NA,Nook's Cranny,Available in Nook's Cranny (upgraded only),NA,NA,Yes,NA,No lighting,For sale,1.0.0,Yes,ToolNetStar_Remake_0_0,0_0,8176,wmcDHN8JZMbnvLiNs
star net,https://acnhcdn.com/latest/FtrIcon/ToolNetStar_Remake_1_0.png,Red,Color,No,Yes,1,Normal,1000,30,1,2500,625,0,None,None,Red,Red,1x1,None,NA,NA,Nook's Cranny,Available in Nook's Cranny (upgraded only),NA,NA,Yes,NA,No lighting,For sale,1.0.0,Yes,ToolNetStar_Remake_1_0,1_0,8176,KxYpvPeESLFNeLjGm
star net,https://acnhcdn.com/latest/FtrIcon/ToolNetStar_Remake_2_0.png,Blue,Color,No,Yes,1,Normal,1000,30,1,2500,625,0,None,None,Blue,Blue,1x1,None,NA,NA,Nook's Cranny,Available in Nook's Cranny (upgraded only),NA,NA,Yes,NA,No lighting,For sale,1.0.0,Yes,ToolNetStar_Remake_2_0,2_0,8176,7GJJruF4u4y62nvQy
star net,https://acnhcdn.com/latest/FtrIcon/ToolNetStar_Remake_3_0.png,Light green,Color,No,Yes,1,Normal,1000,30,1,2500,625,0,None,None,Green,Green,1x1,None,NA,NA,Nook's Cranny,Available in Nook's Cranny (upgraded only),NA,NA,Yes,NA,No lighting,For sale,1.0.0,Yes,ToolNetStar_Remake_3_0,3_0,8176,y7BXcMSNByN5Q4Ycs
star net,https://acnhcdn.com/latest/FtrIcon/ToolNetStar_Remake_4_0.png,Pink,Color,No,Yes,1,Normal,1000,30,1,2500,625,0,None,None,Pink,Pink,1x1,None,NA,NA,Nook's Cranny,Available in Nook's Cranny (upgraded only),NA,NA,Yes,NA,No lighting,For sale,1.0.0,Yes,ToolNetStar_Remake_4_0,4_0,8176,ajfxbnCnpzWsxsk9q
star net,https://acnhcdn.com/latest/FtrIcon/ToolNetStar_Remake_5_0.png,Purple,Color,No,Yes,1,Normal,1000,30,1,2500,625,0,None,None,Purple,Purple,1x1,None,NA,NA,Nook's Cranny,Available in Nook's Cranny (upgraded only),NA,NA,Yes,NA,No lighting,For sale,1.0.0,Yes,ToolNetStar_Remake_5_0,5_0,8176,4mcfWQJQeebqu4az6
star net,https://acnhcdn.com/latest/FtrIcon/ToolNetStar_Remake_6_0.png,Light blue,Color,No,Yes,1,Normal,1000,30,1,2500,625,0,None,None,Aqua,Aqua,1x1,None,NA,NA,Nook's Cranny,Available in Nook's Cranny (upgraded only),NA,NA,Yes,NA,No lighting,For sale,1.0.0,Yes,ToolNetStar_Remake_6_0,6_0,8176,ngWXLftz3J8uf7WZq
star net,https://acnhcdn.com/latest/FtrIcon/ToolNetStar_Remake_7_0.png,Green,Color,No,Yes,1,Normal,1000,30,1,2500,625,0,None,None,Green,Green,1x1,None,NA,NA,Nook's Cranny,Available in Nook's Cranny (upgraded only),NA,NA,Yes,NA,No lighting,For sale,1.0.0,Yes,ToolNetStar_Remake_7_0,7_0,8176,YZeGaCuXAbFSpEg3h
star wand,https://acnhcdn.com/latest/FtrIcon/ToolChangeStick.png,NA,NA,Yes,No,NA,None,NA,Unlimited,1,NFS,6500,0,None,None,Yellow,Aqua,1x1,None,NA,NA,Crafting,,NA,NA,No,NA,No lighting,Not for sale,1.0.0,Yes,ToolChangeStick,NA,2544,mMwQ96ZbuiBMzgutd
starry cheer megaphone,https://acnhcdn.com/latest/FtrIcon/ToolMegaphone2.png,NA,NA,No,No,NA,None,NA,Unlimited,1,1500,375,201,fitness,None,Yellow,Colorful,1x1,None,NA,NA,Nook Shopping Seasonal,,Big Game Celebration,Yes,No,NA,No lighting,Seasonal,1.7.0,Yes,ToolMegaphone2,NA,14014,AuWqSWWeNacnwYhyk
stone axe,https://acnhcdn.com/latest/FtrIcon/ToolAxeStoneNormal.png,NA,NA,Yes,No,NA,None,NA,100,1,NFS,560,0,None,None,Beige,Gray,1x1,None,NA,NA,Crafting,,NA,NA,No,NA,No lighting,Not for sale,1.0.0,Yes,ToolAxeStoneNormal,NA,5856,NKHsBuYu25RHWjMBx
strawberry cone,https://acnhcdn.com/latest/FtrIcon/ToolIcecream2.png,NA,NA,No,No,NA,None,NA,3,1,NFS,150,0,None,None,Pink,Beige,1x1,None,500,Bells,Redd's Co-op Raffle,,NA,NA,No,1,No lighting,Not for sale,2.0.0,Yes,ToolIcecream2,NA,14837,c97LXNZRkhn8tDBJ3
strawberry cotton candy,https://acnhcdn.com/latest/FtrIcon/ToolCandyfloss1.png,NA,NA,No,No,NA,None,NA,3,1,600,150,0,None,None,Pink,Beige,1x1,None,500,Bells,Redd's Raffle,,Fireworks Show (1); Fireworks Show (2); Fireworks Show (3); Fireworks Show (4); Fireworks Show (5),Yes,No,1,No lighting,Not for sale,1.11.0,Yes,ToolCandyfloss1,NA,14748,CdFxYJ9eRjApQfEQM
strawberry donut,https://acnhcdn.com/latest/FtrIcon/ToolDonutPlayer2.png,NA,NA,No,No,NA,None,NA,3,1,NFS,150,0,None,None,Pink,Pink,1x1,None,500,Bells,Redd's Co-op Raffle,,NA,NA,No,1,No lighting,Not for sale,2.0.0,Yes,ToolDonutPlayer2,NA,334,6xEQLktM6S7yGBhSA
takeout coffee,https://acnhcdn.com/latest/FtrIcon/ToolCupTakeout.png,NA,NA,No,No,NA,None,NA,3,1,NFS,75,0,None,None,Brown,White,1x1,None,NA,NA,Brewster,,NA,NA,No,1,No lighting,Not for sale,2.0.0,Yes,ToolCupTakeout,NA,14541,tELkNKkmj6HbDxy8m
tambourine,https://acnhcdn.com/latest/FtrIcon/ToolTambourine.png,NA,NA,No,No,NA,None,NA,Unlimited,1,1500,375,103,None,None,White,Beige,1x1,None,NA,NA,Nook's Cranny,Available in the re-buyable slot in Nook's Cranny,NA,NA,No,NA,No lighting,For sale,1.0.0,Yes,ToolTambourine,NA,5430,eYwGmK6fQwz2XJcht
timer,https://acnhcdn.com/latest/FtrIcon/ToolTimer.png,NA,NA,No,No,NA,None,NA,Unlimited,1,840,210,0,None,None,None,None,1x1,None,NA,NA,Nook's Cranny,,NA,NA,No,NA,No lighting,Not in catalog,1.0.0,Yes,ToolTimer,NA,3331,vEEPnFx9FEcKKuzg2
tree-branch wand,https://acnhcdn.com/latest/FtrIcon/ToolStickTree.png,NA,NA,Yes,No,NA,None,NA,Unlimited,1,NFS,1550,0,None,None,Brown,White,1x1,None,NA,NA,Crafting,,NA,NA,No,NA,No lighting,Not for sale,1.0.0,Yes,ToolStickTree,NA,7587,KnHhJXtuXEhqcPMTx
tulip wand,https://acnhcdn.com/latest/FtrIcon/ToolStickTulip.png,NA,NA,Yes,No,NA,None,NA,Unlimited,1,NFS,1580,0,None,None,Red,Green,1x1,None,NA,NA,Crafting,,NA,NA,No,NA,No lighting,Not for sale,1.0.0,Yes,ToolStickTulip,NA,5085,u7ZfCMpDYtPRbK2vc
tweeter,https://acnhcdn.com/latest/FtrIcon/ToolBlowouts.png,NA,NA,No,No,NA,None,NA,Unlimited,1,800,200,0,None,None,Yellow,Aqua,1x1,None,500,Bells,Redd's Raffle; Nook's Cranny,Available from Redd's Raffle during Fireworks Shows; Available from Nook's Cranny rotating cabinet stock outside of August,Fireworks Show (1); Fireworks Show (2); Fireworks Show (3); Fireworks Show (4); Fireworks Show (5),No,No,NA,No lighting,For sale,1.4.0,Yes,ToolBlowouts,NA,5742,QxaQCNrLi393nadSQ
uchiwa fan,https://acnhcdn.com/latest/FtrIcon/ToolPaperFan.png,NA,NA,No,No,NA,None,NA,Unlimited,1,800,200,0,None,None,Blue,Purple,1x1,None,500,Bells,Redd's Raffle; Nook's Cranny,Available from Redd's Raffle during Fireworks Shows; Available from Nook's Cranny rotating cabinet stock outside of August,Fireworks Show (1); Fireworks Show (2); Fireworks Show (3); Fireworks Show (4); Fireworks Show (5),No,No,NA,No lighting,For sale,1.4.0,Yes,ToolPaperFan,NA,5319,bPKsESXK5jLNWXAof
vanilla cone,https://acnhcdn.com/latest/FtrIcon/ToolIcecream0.png,NA,NA,No,No,NA,None,NA,3,1,NFS,150,0,None,None,White,Beige,1x1,None,500,Bells,Redd's Co-op Raffle,,NA,NA,No,1,No lighting,Not for sale,2.0.0,Yes,ToolIcecream0,NA,14635,oZLLmRsTp5HZ6tAvw
vanilla soft serve,https://acnhcdn.com/latest/FtrIcon/ToolIcesoft0.png,NA,NA,No,No,NA,None,NA,3,1,NFS,150,0,None,None,White,Beige,1x1,None,500,Bells,Redd's Co-op Raffle,,NA,NA,No,1,No lighting,Not for sale,2.0.0,Yes,ToolIcesoft0,NA,14636,GRzhsozbuwfpdSxAu
vaulting pole,https://acnhcdn.com/latest/FtrIcon/LongWoodenStick.png,NA,NA,Yes,No,NA,None,NA,Unlimited,1,NFS,600,0,None,None,Beige,Red,1x1,None,NA,NA,Crafting,,NA,NA,No,NA,No lighting,Not for sale,1.0.0,Yes,LongWoodenStick,NA,4703,2vD5XPKHSCCSjy882
vine ladder set-up kit,https://acnhcdn.com/latest/FtrIcon/LadderKitA0_Remake_0_0.png,Light brown,Color,Yes,Yes,1,Normal,1000,Unlimited,1,NFS,1940,103,None,None,None,None,1x1,None,NA,NA,Crafting,,NA,NA,No,NA,No lighting,Not in catalog,2.0.0,Yes,LadderKitA0_Remake_0_0,0_0,13526,WW5vXJpgHWbZNqN6t
vine ladder set-up kit,https://acnhcdn.com/latest/FtrIcon/LadderKitA0_Remake_1_0.png,Dark brown,Color,Yes,Yes,1,Normal,1000,Unlimited,1,NFS,1940,103,None,None,None,None,1x1,None,NA,NA,Crafting,,NA,NA,No,NA,No lighting,Not in catalog,2.0.0,Yes,LadderKitA0_Remake_1_0,1_0,13526,2Bn52xsRMR52qYrJg
vine ladder set-up kit,https://acnhcdn.com/latest/FtrIcon/LadderKitA0_Remake_2_0.png,White,Color,Yes,Yes,1,Normal,1000,Unlimited,1,NFS,1940,103,None,None,None,None,1x1,None,NA,NA,Crafting,,NA,NA,No,NA,No lighting,Not in catalog,2.0.0,Yes,LadderKitA0_Remake_2_0,2_0,13526,rJYqpe4XHCbBsvfKR
wand,https://acnhcdn.com/latest/FtrIcon/ToolStickWood.png,NA,NA,Yes,No,NA,None,NA,Unlimited,1,NFS,1000,0,None,None,Brown,Brown,1x1,None,NA,NA,Crafting,,NA,NA,No,NA,No lighting,Not for sale,1.0.0,Yes,ToolStickWood,NA,7584,2Re2yBHTfLRDiTWRb
watering can,https://acnhcdn.com/latest/FtrIcon/ToolWatering_Remake_0_0.png,Blue,Color,Yes,Yes,1,Normal,1000,60,1,NFS,600,0,None,None,Blue,Blue,1x1,None,NA,NA,Crafting,,NA,NA,Yes,NA,No lighting,Not for sale,1.0.0,Yes,ToolWatering_Remake_0_0,0_0,2379,wLChevsx2T9Sm6yf4
watering can,https://acnhcdn.com/latest/FtrIcon/ToolWatering_Remake_1_0.png,Orange,Color,Yes,Yes,1,Normal,1000,60,1,NFS,600,0,None,None,Orange,Orange,1x1,None,NA,NA,Crafting,,NA,NA,Yes,NA,No lighting,Not for sale,1.0.0,Yes,ToolWatering_Remake_1_0,1_0,2379,29SBgiL9wQWpYmfa4
watering can,https://acnhcdn.com/latest/FtrIcon/ToolWatering_Remake_2_0.png,Green,Color,Yes,Yes,1,Normal,1000,60,1,NFS,600,0,None,None,Green,Green,1x1,None,NA,NA,Crafting,,NA,NA,Yes,NA,No lighting,Not for sale,1.0.0,Yes,ToolWatering_Remake_2_0,2_0,2379,m8fFeTsh7z7JgjB6H
watering can,https://acnhcdn.com/latest/FtrIcon/ToolWatering_Remake_3_0.png,Red,Color,Yes,Yes,1,Normal,1000,60,1,NFS,600,0,None,None,Red,Red,1x1,None,NA,NA,Crafting,,NA,NA,Yes,NA,No lighting,Not for sale,1.0.0,Yes,ToolWatering_Remake_3_0,3_0,2379,95zusTkvS5ou2wPEC
watering can,https://acnhcdn.com/latest/FtrIcon/ToolWatering_Remake_4_0.png,Purple,Color,Yes,Yes,1,Normal,1000,60,1,NFS,600,0,None,None,Purple,Purple,1x1,None,NA,NA,Crafting,,NA,NA,Yes,NA,No lighting,Not for sale,1.0.0,Yes,ToolWatering_Remake_4_0,4_0,2379,wiAp8rGXiDM3kyxpo
watering can,https://acnhcdn.com/latest/FtrIcon/ToolWatering_Remake_5_0.png,Pink,Color,Yes,Yes,1,Normal,1000,60,1,NFS,600,0,None,None,Pink,Pink,1x1,None,NA,NA,Crafting,,NA,NA,Yes,NA,No lighting,Not for sale,1.0.0,Yes,ToolWatering_Remake_5_0,5_0,2379,JSe4Du3wPtE2TT98X
watering can,https://acnhcdn.com/latest/FtrIcon/ToolWatering_Remake_6_0.png,White,Color,Yes,Yes,1,Normal,1000,60,1,NFS,600,0,None,None,White,White,1x1,None,NA,NA,Crafting,,NA,NA,Yes,NA,No lighting,Not for sale,1.0.0,Yes,ToolWatering_Remake_6_0,6_0,2379,Z7ggDgjzNii2RWjNQ
watering can,https://acnhcdn.com/latest/FtrIcon/ToolWatering_Remake_7_0.png,Black,Color,Yes,Yes,1,Normal,1000,60,1,NFS,600,0,None,None,Black,Black,1x1,None,NA,NA,Crafting,,NA,NA,Yes,NA,No lighting,Not for sale,1.0.0,Yes,ToolWatering_Remake_7_0,7_0,2379,77zFHmNrGhuJAvvjA
wedding wand,https://acnhcdn.com/latest/FtrIcon/ToolStickJune.png,NA,NA,Yes,No,NA,None,NA,Unlimited,1,NFS,3500,437,None,None,Pink,Aqua,1x1,None,NA,NA,Crafting,,Wedding Season,Yes,No,NA,No lighting,Not for sale,1.2.0,Yes,ToolStickJune,NA,12695,syPb2baTrP3zqi66f
white-chocolate donut,https://acnhcdn.com/latest/FtrIcon/ToolDonutPlayer1.png,NA,NA,No,No,NA,None,NA,3,1,NFS,150,0,None,None,Brown,White,1x1,None,500,Bells,Redd's Co-op Raffle,,NA,NA,No,1,No lighting,Not for sale,2.0.0,Yes,ToolDonutPlayer1,NA,337,H8TDicKFng43vpWy2
windflower wand,https://acnhcdn.com/latest/FtrIcon/ToolStickAnemones.png,NA,NA,Yes,No,NA,None,NA,Unlimited,1,NFS,1580,0,None,None,Orange,Green,1x1,None,NA,NA,Crafting,,NA,NA,No,NA,No lighting,Not for sale,1.0.0,Yes,ToolStickAnemones,NA,5084,ERMKczYuvS6Eff7C9
wooden ladder set-up kit,https://acnhcdn.com/latest/FtrIcon/LadderKitB0_Remake_0_0.png,Natural,Paint color,Yes,Yes,1,Normal,1000,Unlimited,1,NFS,2040,103,None,None,None,None,1x1,None,NA,NA,Crafting,,NA,NA,No,NA,No lighting,Not in catalog,2.0.0,Yes,LadderKitB0_Remake_0_0,0_0,13530,Apjs6HkLwMsryuvbt
wooden ladder set-up kit,https://acnhcdn.com/latest/FtrIcon/LadderKitB0_Remake_1_0.png,Blue,Paint color,Yes,Yes,1,Normal,1000,Unlimited,1,NFS,2040,103,None,None,None,None,1x1,None,NA,NA,Crafting,,NA,NA,No,NA,No lighting,Not in catalog,2.0.0,Yes,LadderKitB0_Remake_1_0,1_0,13530,e68rdW5MrXueaLt35
wooden ladder set-up kit,https://acnhcdn.com/latest/FtrIcon/LadderKitB0_Remake_2_0.png,Red,Paint color,Yes,Yes,1,Normal,1000,Unlimited,1,NFS,2040,103,None,None,None,None,1x1,None,NA,NA,Crafting,,NA,NA,No,NA,No lighting,Not in catalog,2.0.0,Yes,LadderKitB0_Remake_2_0,2_0,13530,kG85Xou84e8PKg7hD
wooden ladder set-up kit,https://acnhcdn.com/latest/FtrIcon/LadderKitB0_Remake_3_0.png,Yellow,Paint color,Yes,Yes,1,Normal,1000,Unlimited,1,NFS,2040,103,None,None,None,None,1x1,None,NA,NA,Crafting,,NA,NA,No,NA,No lighting,Not in catalog,2.0.0,Yes,LadderKitB0_Remake_3_0,3_0,13530,4Ymt3v2EFoZL7mghy
wooden ladder set-up kit,https://acnhcdn.com/latest/FtrIcon/LadderKitB0_Remake_4_0.png,Green,Paint color,Yes,Yes,1,Normal,1000,Unlimited,1,NFS,2040,103,None,None,None,None,1x1,None,NA,NA,Crafting,,NA,NA,No,NA,No lighting,Not in catalog,2.0.0,Yes,LadderKitB0_Remake_4_0,4_0,13530,oGJNcNSyTYjQAgg8Y
wooden ladder set-up kit,https://acnhcdn.com/latest/FtrIcon/LadderKitB0_Remake_5_0.png,White,Paint color,Yes,Yes,1,Normal,1000,Unlimited,1,NFS,2040,103,None,None,None,None,1x1,None,NA,NA,Crafting,,NA,NA,No,NA,No lighting,Not in catalog,2.0.0,Yes,LadderKitB0_Remake_5_0,5_0,13530,ZPMwEtEspQwqSGLCg
worn axe,https://acnhcdn.com/latest/FtrIcon/ToolAxeFragile.png,NA,NA,No,No,NA,None,NA,3,1,NFS,10,0,None,None,None,None,1x1,None,NA,NA,May Day Tour,,May Day,Yes,No,NA,No lighting,Not in catalog,1.2.0,Yes,ToolAxeFragile,NA,12615,xqXJch47cQrNT65jG
yellow balloon,https://acnhcdn.com/latest/FtrIcon/ToolBalloonNormal2.png,NA,NA,No,No,NA,None,NA,Unlimited,1,600,150,0,None,None,Yellow,Yellow,1x1,None,500,Bells,Redd's Raffle; Nook's Cranny,Available from Redd's Raffle during Fireworks Shows; Available from Nook's Cranny rotating cabinet stock outside of August,Fireworks Show (1); Fireworks Show (2); Fireworks Show (3); Fireworks Show (4); Fireworks Show (5),No,No,NA,No lighting,For sale,1.4.0,Yes,ToolBalloonNormal2,NA,13124,dF8pTGMJY5465vatR
