Name,Image,VFX,VFX Type,DIY,Buy,Sell,Color 1,Color 2,Exchange Price,Exchange Currency,Source,Source Notes,Season/Event,Season/Event Exclusive,Window Type,Window Color,Pane Type,Curtain Type,Curtain Color,Ceiling Type,HHA Base Points,HHA Concept 1,HHA Concept 2,HHA Series,Tag,Catalog,Version Added,Unlocked?,Filename,Internal ID,Unique Entry ID
abstract wall,https://acnhcdn.com/latest/FtrIcon/RoomTexWallAbstract00.png,No,NA,No,1560,390,White,Colorful,1400,Poki,Nook's Cranny,,NA,NA,Four Pane,Grey Wood,Glass,Roller Shades,White,Cloth,151,restaurant,facility,None,Cloth Walls,For sale,1.0.0,Yes,RoomTexWallAbstract00,4873,FpdbDr4PMe5WdEZkA
airplane wall,https://acnhcdn.com/latest/FtrIcon/RoomSpWallAirplane00.png,Yes,Synchro,No,3000,750,White,White,NA,NA,Saharah's Co-op,,NA,NA,None,NA,NA,None,NA,Cloth,451,facility,None,None,Special Walls,Not for sale,2.0.0,Yes,RoomSpWallAirplane00,5497,Z62odoapxLDBurx9r
ancient wall,https://acnhcdn.com/latest/FtrIcon/RoomTexWallEgypt00.png,No,NA,No,3000,750,Beige,Brown,NA,NA,Saharah; Saharah's Co-op,,NA,NA,None,NA,NA,None,NA,Stone,451,ancient,None,None,Asia,Not for sale,1.0.0,Yes,RoomTexWallEgypt00,4936,Y2pykQMhqbEoGGa62
antique brick wall,https://acnhcdn.com/latest/FtrIcon/RoomTexWallAntique00.png,No,NA,No,3000,750,Brown,Black,NA,NA,Saharah's Co-op,,NA,NA,Four Pane,Dark Wood,Glass,None,NA,Stone,451,café,restaurant,None,Brick,Not for sale,2.0.0,Yes,RoomTexWallAntique00,13331,ETTnjcgHmkCL56GxD
apparel-shop wall,https://acnhcdn.com/latest/FtrIcon/RoomTexWallDisplay00.png,No,NA,No,3000,750,Colorful,White,NA,NA,Saharah's Co-op,,NA,NA,None,NA,NA,None,NA,Stone,451,apparel shop,None,None,WallFacility,Not for sale,2.0.0,Yes,RoomTexWallDisplay00,12911,njfAsLH73QkJBxgg5
apple wall,https://acnhcdn.com/latest/FtrIcon/RoomTexWallApple00.png,No,NA,Yes,NFS,4000,Red,Red,NA,NA,Crafting,,NA,NA,Four Pane,Grey Wood,Glass,Roller Shades,White,Cloth,103,fancy,child's room,fruits,Fruit Walls,Not for sale,1.0.0,Yes,RoomTexWallApple00,4916,roJZFWataeLQK6vqa
aqua tile wall,https://acnhcdn.com/latest/FtrIcon/RoomTexWallTile01.png,No,NA,No,1420,355,Aqua,Aqua,1300,Poki,Nook's Cranny,,NA,NA,Single Pane,White Metal,Glass,Slatted Blinds,White Plastic,Stone,151,bathroom,public bath,None,Tile Walls,For sale,1.0.0,Yes,RoomTexWallTile01,4930,6NXvjsdpxJLbd96RM
arched-window wall,https://acnhcdn.com/latest/FtrIcon/RoomSpWallGlass00.png,Yes,NA,No,2150,537,Brown,Aqua,1900,Poki,Nook's Cranny,,NA,NA,None,NA,NA,None,NA,Wood,151,restaurant,European,None,Special Walls,For sale,1.0.0,Yes,RoomSpWallGlass00,5482,TzS5oe6a7KyBezmLS
aurora wall,https://acnhcdn.com/latest/FtrIcon/RoomSpWallAurora00.png,Yes,Synchro,No,7000,1750,Blue,Aqua,NA,NA,Nook Shopping Seasonal,,Winter Solstice,Yes,None,NA,NA,None,NA,Plain,201,freezing cold,None,None,Special Cool Nature Walls,Seasonal,1.6.0,Yes,RoomSpWallAurora00,13609,9FGZqwB77ofG4cC8k
autumn wall,https://acnhcdn.com/latest/FtrIcon/RoomSpWallAutumun00.png,Yes,Random,Yes,NFS,4700,Brown,Orange,NA,NA,Crafting,,maple leaves,Yes,None,NA,NA,None,NA,Wood,201,garden,nature,tree's bounty or leaves,Special Warm Nature Walls,Not for sale,1.0.0,Yes,RoomSpWallAutumun00,4905,KfLqJKhWtys8v86ig
backyard-fence wall,https://acnhcdn.com/latest/FtrIcon/RoomSpWallBackyard00.png,Yes,Synchro,No,3000,750,Aqua,White,NA,NA,Saharah; Saharah's Co-op,,NA,NA,None,NA,NA,None,NA,Plain,451,garden,local,None,Special Cool Nature Walls,Not for sale,1.0.0,Yes,RoomSpWallBackyard00,5481,oPYWjEfm7BqHTYipq
bamboo wall,https://acnhcdn.com/latest/FtrIcon/RoomTexWallBamboo00.png,No,NA,Yes,NFS,2400,Green,Beige,NA,NA,Crafting,,NA,NA,None,NA,NA,None,NA,Wood,103,harmonious,retro,bamboo,Nature Walls,Not for sale,1.0.0,Yes,RoomTexWallBamboo00,4833,MYpD6DoNCPDw6d9t3
bamboo-grove wall,https://acnhcdn.com/latest/FtrIcon/RoomTexWallChikurin00.png,No,NA,Yes,NFS,4300,Green,Green,NA,NA,Crafting,,young spring bamboo,Yes,None,NA,NA,None,NA,Wood,201,harmonious,garden,bamboo,Nature Walls,Not for sale,1.0.0,Yes,RoomTexWallChikurin00,4853,LbsrED9Rwg6SHTCpa
bamboo-screen wall,https://acnhcdn.com/latest/FtrIcon/RoomTexWallRattan00.png,No,NA,No,1770,442,Brown,Brown,1600,Poki,Nook's Cranny,,NA,NA,None,NA,NA,None,NA,Stone,151,heritage,harmonious,None,Wood Walls,For sale,1.0.0,Yes,RoomTexWallRattan00,4836,MZt39wkPG6P7iWG2M
bank-vault wall,https://acnhcdn.com/latest/FtrIcon/RoomTexWallSafeBox00.png,No,NA,No,3000,750,Gray,Gray,NA,NA,Saharah; Saharah's Co-op,,NA,NA,None,NA,NA,None,NA,Tile,451,facility,expensive,None,Iron Walls,Not for sale,1.0.0,Yes,RoomTexWallSafeBox00,4839,HrgjLfo8tPzP2zpbE
basic wall,https://acnhcdn.com/latest/FtrIcon/RoomSpWallSimplePanel00.png,Yes,NA,No,600,150,White,White,540,Poki,Nook's Cranny,,NA,NA,None,NA,NA,None,NA,Tile,151,office,facility,None,Special Walls,For sale,1.0.0,Yes,RoomSpWallSimplePanel00,5559,FJxKPu5W2sd2YWQfA
bathhouse wall,https://acnhcdn.com/latest/FtrIcon/RoomTexWallPublicBath00.png,No,NA,No,3000,750,Aqua,Aqua,NA,NA,Saharah's Co-op,,NA,NA,None,NA,NA,None,NA,Stone,451,bathroom,public bath,None,Neta Walls,Not for sale,2.0.0,Yes,RoomTexWallPublicBath00,4829,x5kZ8HpHrN5mXe8wX
beaded-curtain wall,https://acnhcdn.com/latest/FtrIcon/RoomTexWallBeadsCurtain00.png,No,NA,No,1720,430,White,Orange,1500,Poki,Nook's Cranny,,NA,NA,Four Pane,Natural Wood,Glass,Curtains,White Lace,Wood,151,shop,kitchen,None,Cloth Walls,For sale,1.0.0,Yes,RoomTexWallBeadsCurtain00,4877,M3mNZS2vSaHaiujcH
beige art-deco wall,https://acnhcdn.com/latest/FtrIcon/RoomTexWallArtDeco00.png,No,NA,No,2780,695,Beige,Beige,2500,Poki,Nook's Cranny,,NA,NA,Arch,Wood,Glass,None,NA,Wood,151,European,living room,None,Art Deco Walls,For sale,1.0.0,Yes,RoomTexWallArtDeco00,4817,2zmJaMB2B9i8gLTKt
beige blossoming wall,https://acnhcdn.com/latest/FtrIcon/RoomTexWallCountry00.png,No,NA,No,1760,440,Beige,Brown,1600,Poki,Nook's Cranny,,NA,NA,Four Pane,Natural Wood,Glass,Curtains,Red Checkered,Wood,151,fancy,living room,None,Country,For sale,1.0.0,Yes,RoomTexWallCountry00,4831,CF5325jZx7pNsqb6Z
beige Moroccan wall,https://acnhcdn.com/latest/FtrIcon/RoomTexWallMorocco00.png,No,NA,No,2440,610,Beige,Beige,2200,Poki,Nook's Cranny,,NA,NA,Sliding Pane,White Metal,Glass,None,NA,Stone,151,bathroom,public bath,Moroccan,Morocco,For sale,1.0.0,Yes,RoomTexWallMorocco00,4834,qZrgjoMjxz9ehXqa4
black botanical-tile wall,https://acnhcdn.com/latest/FtrIcon/RoomTexWallWoodTile03.png,No,NA,No,1240,310,Black,Black,1100,Poki,Nook's Cranny,,NA,NA,Single Pane,Black Metal,Glass,Slatted Blinds,Black Plastic,Stone,151,facility,expensive,None,Wood Tile Walls,For sale,1.0.0,Yes,RoomTexWallWoodTile03,6877,PEcX9J774Ffd6Gn8S
black European-style wall,https://acnhcdn.com/latest/FtrIcon/RoomSpWallFrench01.png,Yes,NA,No,3000,750,Black,Aqua,NA,NA,Saharah's Co-op,,NA,NA,None,NA,NA,None,NA,Stone,451,European,restaurant,None,Special Walls,Not for sale,2.0.0,Yes,RoomSpWallFrench01,13866,sQ5tk8wwoJhvHBj44
black hallway wall,https://acnhcdn.com/latest/FtrIcon/RoomTexWallHall03.png,No,NA,No,2000,500,Black,Black,1800,Poki,Nook's Cranny,,NA,NA,None,NA,NA,None,NA,Wood,151,facility,music,None,Hall Walls,For sale,1.0.0,Yes,RoomTexWallHall03,6862,pQrYRHsmovBApejNJ
black perforated-board wall,https://acnhcdn.com/latest/FtrIcon/RoomTexWallPegboard02.png,No,NA,No,1180,295,Black,Black,1100,Poki,Nook's Cranny,,NA,NA,None,NA,NA,None,NA,Tile,151,music,facility,None,Pegboard Walls,For sale,1.0.0,Yes,RoomTexWallPegboard02,4922,7fMiJATy4fWP4DpoC
black two-toned tile wall,https://acnhcdn.com/latest/FtrIcon/RoomTexWallTwoToneTile06.png,No,NA,No,1850,462,Black,Black,1700,Poki,Nook's Cranny,,NA,NA,Sliding Pane,White Metal,Glass,None,NA,Stone,151,bathroom,public bath,None,Two-Tone Tile Walls,For sale,1.0.0,Yes,RoomTexWallTwoToneTile06,6859,aF8tqscwpShhhsASx
black window-panel wall,https://acnhcdn.com/latest/FtrIcon/RoomSpWallWindow01.png,Yes,NA,No,2800,700,Black,Aqua,2500,Poki,Nook's Cranny,,NA,NA,None,NA,NA,None,NA,Stone,151,None,None,None,Special Walls,For sale,2.0.0,Yes,RoomSpWallWindow01,13438,LXuaBG839ogDDzkPe
black-brick wall,https://acnhcdn.com/latest/FtrIcon/RoomTexWallBrick02.png,No,NA,No,1000,250,Black,Black,900,Poki,Nook's Cranny,,NA,NA,Four Pane,Dark Wood,Glass,None,NA,Wood,151,café,city life,None,Brick,For sale,1.0.0,Yes,RoomTexWallBrick02,4929,tCex7y47sAsaD44Wm
black-crown wall,https://acnhcdn.com/latest/FtrIcon/RoomTexWallCrown01.png,No,NA,No,2350,587,Black,Black,2100,Poki,Nook's Cranny,,NA,NA,None,NA,NA,None,NA,Tile,151,restaurant,facility,None,Crown Walls,For sale,1.0.0,Yes,RoomTexWallCrown01,4815,4cCAvP8bbCYcyAyBE
blackboard wall,https://acnhcdn.com/latest/FtrIcon/RoomTexWallBlackBoard00.png,No,NA,No,3000,750,Black,Colorful,NA,NA,Saharah; Saharah's Co-op,,NA,NA,None,NA,NA,None,NA,Wood,451,shop,school,None,Neta Walls,Not for sale,1.0.0,Yes,RoomTexWallBlackBoard00,4882,Aseoowo4cuXJqyWaA
blue blossoming wall,https://acnhcdn.com/latest/FtrIcon/RoomTexWallCountry02.png,No,NA,No,1760,440,Aqua,Blue,1600,Poki,Nook's Cranny,,NA,NA,Four Pane,Grey Wood,Glass,Curtains,Blue Checkered,Wood,151,fancy,living room,None,Country,For sale,1.0.0,Yes,RoomTexWallCountry02,4896,SZWxorHWvT7vhGXsj
blue camo wall,https://acnhcdn.com/latest/FtrIcon/RoomTexWallCamouflage01.png,No,NA,No,1150,287,Blue,Blue,1000,Poki,Nook's Cranny,,NA,NA,Single Pane,Grey Wood,Glass,Slatted Blinds,White Plastic,Cloth,151,party,child's room,None,Camouflage,For sale,1.0.0,Yes,RoomTexWallCamouflage01,4884,xQ2EDvGyh76skJyX3
blue delicate-blooms wall,https://acnhcdn.com/latest/FtrIcon/RoomTexWallManor03.png,No,NA,No,1900,475,Blue,Black,1700,Poki,Nook's Cranny,,NA,NA,Four Pane,Dark Wood,Glass,Roller Shades,Undyed,Wood,151,expensive,living room,None,Manor Walls,For sale,1.0.0,Yes,RoomTexWallManor03,6852,7Fb4nvMvoxtCZRQv7
blue diner wall,https://acnhcdn.com/latest/FtrIcon/RoomTexWallDiner00.png,No,NA,No,2420,605,Blue,Aqua,2200,Poki,Nook's Cranny,,NA,NA,Single Pane,White Metal,Glass,Slatted Blinds,White Plastic,Stone,151,restaurant,café,diner,Diner Walls,For sale,1.0.0,Yes,RoomTexWallDiner00,7241,GjJT3k3neqwzenXku
blue flower-print wall,https://acnhcdn.com/latest/FtrIcon/RoomTexWallFlower03.png,No,NA,No,1780,445,Blue,Aqua,1600,Poki,Nook's Cranny,,NA,NA,Four Pane,Dark Wood,Glass,Curtains,Light Blue,Wood,151,fancy,living room,None,Flower Walls,For sale,1.0.0,Yes,RoomTexWallFlower03,6873,Hfm5a2EozWyQws3Tv
blue heart-pattern wall,https://acnhcdn.com/latest/FtrIcon/RoomTexWallHeart00.png,No,NA,No,1280,320,Blue,Aqua,1200,Poki,Nook's Cranny,,NA,NA,Four Pane,White Wood,Glass,Roller Shades,White,Cloth,151,fancy,child's room,None,Heart Walls,For sale,1.0.0,Yes,RoomTexWallHeart00,4874,9dXvZ4H39kton3Tcj
blue honeycomb-tile wall,https://acnhcdn.com/latest/FtrIcon/RoomTexWallHoneycomb01.png,No,NA,No,1680,420,Blue,Blue,1500,Poki,Nook's Cranny,,NA,NA,Sliding Pane,Black Metal,Glass,None,NA,Stone,151,bathroom,public bath,None,Honeycomb,For sale,1.0.0,Yes,RoomTexWallHoneycomb01,4912,Fht6yazsmMqdtEYQb
blue intricate wall,https://acnhcdn.com/latest/FtrIcon/RoomTexWallFlowerPop00.png,No,NA,No,1570,392,Blue,White,1400,Poki,Nook's Cranny,,NA,NA,Four Pane,Grey Wood,Glass,Roller Shades,White,Wood,151,living room,shop,None,Flower Pop Walls,For sale,1.0.0,Yes,RoomTexWallFlowerPop00,4848,p65nAJPAzQRgrjmDk
blue molded-panel wall,https://acnhcdn.com/latest/FtrIcon/RoomTexWallPanelMold01.png,No,NA,No,1980,495,Blue,Brown,1800,Poki,Nook's Cranny,,NA,NA,Sliding Pane,White Metal,Glass,None,NA,Cloth,151,facility,living room,None,Panel Mold Walls,For sale,1.0.0,Yes,RoomTexWallPanelMold01,4871,NpLfp6Jj3N5SDZJGK
blue Moroccan wall,https://acnhcdn.com/latest/FtrIcon/RoomTexWallMorocco01.png,No,NA,No,2440,610,Blue,White,2200,Poki,Nook's Cranny,,NA,NA,Sliding Pane,White Metal,Glass,None,NA,Stone,151,bathroom,public bath,Moroccan,Morocco,For sale,1.0.0,Yes,RoomTexWallMorocco01,4835,vgNuogZ2JG2eZEBni
blue Moroccan-style wall,https://acnhcdn.com/latest/FtrIcon/RoomTexWallTadelakt00.png,No,NA,No,3000,750,Blue,Blue,NA,NA,Saharah's Co-op,,NA,NA,None,NA,NA,None,NA,Stone,451,stylish,living room,None,Asia,Not for sale,2.0.0,Yes,RoomTexWallTadelakt00,13487,stCTPTZtxH5iakJzd
blue painted-wood wall,https://acnhcdn.com/latest/FtrIcon/RoomTexWallPaintWood00.png,No,NA,No,1650,412,Blue,Aqua,1500,Poki,Nook's Cranny,,NA,NA,Four Pane,White Wood,Glass,None,NA,Wood,151,child's room,living room,None,Painted Wood,For sale,1.0.0,Yes,RoomTexWallPaintWood00,4948,taLRgdodXzdzaAqA5
blue playroom wall,https://acnhcdn.com/latest/FtrIcon/RoomTexWallToy00.png,No,NA,No,2540,635,Aqua,Blue,2300,Poki,Nook's Cranny,,NA,NA,Sliding Pane,White Metal,Glass,None,NA,Cloth,151,child's room,fancy,None,Toy Walls,For sale,1.0.0,Yes,RoomTexWallToy00,4888,GFvGWj5w9m6i5eRwu
blue quilt wall,https://acnhcdn.com/latest/FtrIcon/RoomTexWallDollhouse01.png,No,NA,No,2150,537,Blue,White,1900,Poki,Nook's Cranny,,NA,NA,Four Pane,White Wood,Glass,Curtains,White Lace,Cloth,151,fancy,child's room,None,Dollhouse Walls,For sale,1.0.0,Yes,RoomTexWallDollhouse01,7277,PPTLt5GQAdAhgRkxx
blue shanty wall,https://acnhcdn.com/latest/FtrIcon/RoomTexWallTin02.png,No,NA,No,620,155,Blue,Blue,560,Poki,Nook's Cranny,,NA,NA,Single Pane,Grey Wood,Glass,Slatted Blinds,White Plastic,Stone,151,workshop,construction site,None,Tin Walls,For sale,1.0.0,Yes,RoomTexWallTin02,4925,izNEFpPcp7pZaokHC
blue simple-cloth wall,https://acnhcdn.com/latest/FtrIcon/RoomTexWallSimple03.png,No,NA,No,750,187,Blue,Aqua,680,Poki,Nook's Cranny,,NA,NA,Four Pane,White Wood,Glass,Curtains,White,Wood,151,child's room,living room,simple,Simple Walls,For sale,1.0.0,Yes,RoomTexWallSimple03,4869,KEN3oXsCwXwBcrfyD
blue subway-tile wall,https://acnhcdn.com/latest/FtrIcon/RoomTexWallMetro00.png,No,NA,No,1340,335,Blue,Aqua,1200,Poki,Nook's Cranny,,NA,NA,Sliding Pane,White Metal,Glass,None,NA,Stone,151,facility,shop,None,Metro Walls,For sale,1.0.0,Yes,RoomTexWallMetro00,4940,mJ2HZDvnKgWB4TfXD
blue tile wall,https://acnhcdn.com/latest/FtrIcon/RoomTexWallTile03.png,No,NA,No,1420,355,Blue,Blue,1300,Poki,Nook's Cranny,,NA,NA,Single Pane,White Metal,Glass,Slatted Blinds,White Plastic,Stone,151,bathroom,public bath,None,Tile Walls,For sale,1.0.0,Yes,RoomTexWallTile03,7127,gFc6NFYEbm8AqnpNu
blue two-toned tile wall,https://acnhcdn.com/latest/FtrIcon/RoomTexWallTwoToneTile05.png,No,NA,No,1850,462,Blue,Blue,1700,Poki,Nook's Cranny,,NA,NA,Sliding Pane,White Metal,Glass,None,NA,Stone,151,bathroom,public bath,None,Two-Tone Tile Walls,For sale,1.0.0,Yes,RoomTexWallTwoToneTile05,6858,97tHxtBzbMechYNAe
blue-crown wall,https://acnhcdn.com/latest/FtrIcon/RoomTexWallCrown00.png,No,NA,No,2350,587,Blue,Black,2100,Poki,Nook's Cranny,,NA,NA,None,NA,NA,None,NA,Tile,151,restaurant,facility,None,Crown Walls,For sale,1.0.0,Yes,RoomTexWallCrown00,4814,k3b6CntCn3X84TN8X
blue-paint wall,https://acnhcdn.com/latest/FtrIcon/RoomTexWallStucco03.png,No,NA,No,1600,400,Blue,Blue,1400,Poki,Nook's Cranny,,NA,NA,Four Pane,Dark Wood,Glass,None,NA,Stone,151,fancy,living room,None,Stucco Walls,For sale,1.0.0,Yes,RoomTexWallStucco03,4811,Pdr9WyCDQ9MBgG2qf
blue-rose wall,https://acnhcdn.com/latest/FtrIcon/RoomTexWallRose03.png,No,NA,No,1720,430,Blue,Aqua,1500,Poki,Nook's Cranny,,NA,NA,Arch,Grey Metal,Glass,None,NA,Wood,151,fancy,child's room,None,Rose Walls,For sale,1.0.0,Yes,RoomTexWallRose03,6869,24hAjZQPsBXg3qHgw
blue-striped wall,https://acnhcdn.com/latest/FtrIcon/RoomTexWallStripe03.png,No,NA,No,1520,380,Blue,White,1400,Poki,Nook's Cranny,,NA,NA,Four Pane,White Wood,Glass,Roller Shades,White,Cloth,151,fancy,child's room,None,Stripe Walls,For sale,1.0.0,Yes,RoomTexWallStripe03,4945,ZN2NXtCWSxQyeY9TF
botanical-tile wall,https://acnhcdn.com/latest/FtrIcon/RoomTexWallWoodTile02.png,No,NA,No,1240,310,Beige,Yellow,1100,Poki,Nook's Cranny,,NA,NA,Single Pane,Natural Wood,Glass,Slatted Blinds,Natural Wood,Stone,151,facility,expensive,None,Wood Tile Walls,For sale,1.0.0,Yes,RoomTexWallWoodTile02,6876,gAvEyZiovXdKht7Db
brick garden wall,https://acnhcdn.com/latest/FtrIcon/RoomSpWallSchoolyard00.png,Yes,Synchro,No,3000,750,Brown,Aqua,NA,NA,Saharah's Co-op,,NA,NA,None,NA,NA,None,NA,Plain,451,city life,amusement park,None,Nature Walls,Not for sale,2.0.0,Yes,RoomSpWallSchoolyard00,12855,r6GkwPtTHqgKbKD8c
brown botanical-tile wall,https://acnhcdn.com/latest/FtrIcon/RoomTexWallWoodTile01.png,No,NA,No,1240,310,Brown,Brown,1100,Poki,Nook's Cranny,,NA,NA,Single Pane,Dark Wood,Glass,Slatted Blinds,Dark Brown Wood,Stone,151,facility,expensive,None,Wood Tile Walls,For sale,1.0.0,Yes,RoomTexWallWoodTile01,4827,FBLdaz4BkJbYvtdhy
brown diner wall,https://acnhcdn.com/latest/FtrIcon/RoomTexWallDiner03.png,No,NA,No,2420,605,Brown,Colorful,2200,Poki,Nook's Cranny,,NA,NA,Single Pane,White Metal,Glass,Slatted Blinds,White Plastic,Stone,151,restaurant,café,diner,Diner Walls,For sale,1.0.0,Yes,RoomTexWallDiner03,7244,wtnNQikxNEJkL753p
brown hallway wall,https://acnhcdn.com/latest/FtrIcon/RoomTexWallHall00.png,No,NA,No,2000,500,Brown,Brown,1800,Poki,Nook's Cranny,,NA,NA,None,NA,NA,None,NA,Wood,151,facility,music,None,Hall Walls,For sale,1.0.0,Yes,RoomTexWallHall00,4806,hFcaZ4n9ktaGNSTBE
brown herringbone wall,https://acnhcdn.com/latest/FtrIcon/RoomTexWallHerringbone00.png,No,NA,Yes,NFS,1800,Brown,Brown,NA,NA,Crafting,,NA,NA,Single Pane,Natural Wood,Glass,Slatted Blinds,Brown Wood,Wood,103,living room,stylish,None,Herringbone,Not for sale,1.0.0,Yes,RoomTexWallHerringbone00,4804,oYALopoXWt2ZRT7Ej
brown shanty wall,https://acnhcdn.com/latest/FtrIcon/RoomTexWallTin03.png,No,NA,No,620,155,Brown,Brown,560,Poki,Nook's Cranny,,NA,NA,Single Pane,Grey Wood,Glass,Slatted Blinds,White Plastic,Stone,151,workshop,construction site,None,Tin Walls,For sale,1.0.0,Yes,RoomTexWallTin03,4926,MHxmHT82gP3odiLwv
brown wedding wall,https://acnhcdn.com/latest/FtrIcon/RoomSpWallChurch01.png,Yes,NA,No,NFS,750,Beige,Brown,12,Heart Crystals,Cyrus,,Wedding Season,Yes,None,NA,NA,None,NA,Stone,437,party,expensive,wedding,Cloth Walls,Not for sale,1.2.0,Yes,RoomSpWallChurch01,12468,micAswPDNsNS2A2mb
brown-brick wall,https://acnhcdn.com/latest/FtrIcon/RoomTexWallBrick03.png,No,NA,No,1000,250,Brown,Brown,900,Poki,Nook's Cranny,,NA,NA,Four Pane,Natural Wood,Glass,None,NA,Wood,151,city life,amusement park,None,Brick,For sale,1.0.0,Yes,RoomTexWallBrick03,6850,BE69b25WcF47xAqdG
brown-crown wall,https://acnhcdn.com/latest/FtrIcon/RoomTexWallCrown03.png,No,NA,No,2350,587,Brown,Brown,2100,Poki,Nook's Cranny,,NA,NA,None,NA,NA,None,NA,Tile,151,restaurant,facility,None,Crown Walls,For sale,1.0.0,Yes,RoomTexWallCrown03,6851,oL8aBjZoFCFKEEgAg
Bunny Day wall,https://acnhcdn.com/latest/FtrIcon/RoomTexWallEaster00.png,No,NA,Yes,NFS,4800,Yellow,Colorful,NA,NA,Crafting,,Bunny Day (days before); Bunny Day,Yes,Four Pane,White Wood,Glass,Curtains,White Lace,Cloth,351,fancy,child's room,Bunny Day,Cloth Walls,Not for sale,1.1.0,Yes,RoomTexWallEaster00,5231,dEoSTZADDLkvmDHuY
butterflies wall,https://acnhcdn.com/latest/FtrIcon/RoomTexWallInsect00.png,No,NA,No,NFS,840,White,Colorful,NA,NA,Flick,,Bug-Off (1); Bug-Off (2); Bug-Off (3); Bug-Off (4),Yes,Four Pane,White Wood,Glass,Roller Shades,White,Wood,501,fancy,stylish,None,Nature Walls,Not for sale,1.0.0,Yes,RoomTexWallInsect00,4880,gJEmy4shFTnDB9Pjy
cabin wall,https://acnhcdn.com/latest/FtrIcon/RoomTexWallLog00.png,No,NA,Yes,NFS,1800,Beige,Beige,NA,NA,Crafting,,NA,NA,Four Pane,Natural Wood,Glass,Curtains,White Lace,Wood,103,living room,resort,None,Wood Walls,Not for sale,1.0.0,Yes,RoomTexWallLog00,4840,sAEWR5uKGAXM6utL7
café-curtain wall,https://acnhcdn.com/latest/FtrIcon/RoomSpWallCafe00.png,Yes,NA,No,3000,750,Black,White,NA,NA,Saharah; Saharah's Co-op,,NA,NA,None,NA,NA,None,NA,Wood,451,shop,café,None,Special Walls,Not for sale,1.0.0,Yes,RoomSpWallCafe00,5483,ficQ2fw73rzF5EJBB
camo wall,https://acnhcdn.com/latest/FtrIcon/RoomTexWallCamouflage00.png,No,NA,No,1150,287,Black,Green,1000,Poki,Nook's Cranny,,NA,NA,Single Pane,Grey Wood,Glass,Slatted Blinds,White Plastic,Cloth,151,party,child's room,None,Camouflage,For sale,1.0.0,Yes,RoomTexWallCamouflage00,4883,gBLHTGPLB65iZypbn
candles wall,https://acnhcdn.com/latest/FtrIcon/RoomSpWallCandle00.png,Yes,LightOff,No,3000,750,Black,Black,NA,NA,Saharah's Co-op,,NA,NA,None,NA,NA,None,NA,Wood,451,horror,facility,None,Special Inorganic Walls,Not for sale,2.0.0,Yes,RoomSpWallCandle00,5492,XmH9GSRmcFZ7HfECB
chain-link fence,https://acnhcdn.com/latest/FtrIcon/RoomSpWallEmptyLot00.png,Yes,NA,No,3000,750,Gray,Gray,NA,NA,Saharah; Saharah's Co-op,,NA,NA,None,NA,NA,None,NA,Plain,451,city life,workshop,None,Special Cool Nature Walls,Not for sale,1.0.0,Yes,RoomSpWallEmptyLot00,5485,Qwbt8qxT8yN9XfXdR
cherry wall,https://acnhcdn.com/latest/FtrIcon/RoomTexWallCherry00.png,No,NA,Yes,NFS,4000,Pink,Red,NA,NA,Crafting,,NA,NA,Four Pane,Grey Wood,Glass,Roller Shades,White,Cloth,103,child's room,fancy,fruits,Fruit Walls,Not for sale,1.0.0,Yes,RoomTexWallCherry00,4919,tcMuDzZqtDYs29Asm
cherry-blossom-trees wall,https://acnhcdn.com/latest/FtrIcon/RoomSpWallSakura00.png,Yes,Random,Yes,NFS,4600,Brown,Pink,NA,NA,Crafting,,cherry-blossom petals,Yes,None,NA,NA,None,NA,Stone,201,garden,nature,cherry blossoms,Special Warm Nature Walls,Not for sale,1.0.0,Yes,RoomSpWallSakura00,7205,LrRvk9Twg87SSqNR4
chic tearoom wall,https://acnhcdn.com/latest/FtrIcon/RoomTexWallMud03.png,No,NA,No,1750,437,Black,Black,1600,Poki,Nook's Cranny,,NA,NA,Circle,Dark Wood,Screen,None,NA,Wood,151,harmonious,retro,None,Tea Room Walls,For sale,1.0.0,Yes,RoomTexWallMud03,11176,juLfiYnkF3x3wSAMZ
chic wall,https://acnhcdn.com/latest/FtrIcon/RoomTexWallClassic00.png,No,NA,No,1960,490,Yellow,Beige,1800,Poki,Nook's Cranny,,NA,NA,Four Pane,White Wood,Glass,Curtains,White Lace,Wood,151,European,living room,None,Cloth Walls,For sale,1.0.0,Yes,RoomTexWallClassic00,4828,QMofvFznsaNcsDTqg
chocolate hallway wall,https://acnhcdn.com/latest/FtrIcon/RoomTexWallHall01.png,No,NA,No,2000,500,Brown,Brown,1800,Poki,Nook's Cranny,,NA,NA,None,NA,NA,None,NA,Wood,151,facility,music,None,Hall Walls,For sale,1.0.0,Yes,RoomTexWallHall01,4807,WZfDqbGb3cACFJWrg
chocolate herringbone wall,https://acnhcdn.com/latest/FtrIcon/RoomTexWallHerringbone01.png,No,NA,Yes,NFS,1800,Brown,Brown,NA,NA,Crafting,,NA,NA,Single Pane,Dark Wood,Glass,Slatted Blinds,Dark Brown Wood,Wood,103,living room,stylish,None,Herringbone,Not for sale,1.0.0,Yes,RoomTexWallHerringbone01,4805,TpZxYjK6NorSqDMwu
Cinnamoroll wall,https://acnhcdn.com/latest/FtrIcon/RoomTexWallCinnamon00.png,No,NA,No,3000,750,White,Colorful,NA,NA,Nook Shopping Promotion,Scan the associated Sanrio amiibo card,NA,NA,None,NA,NA,None,NA,Cloth,201,fancy,None,Cinnamoroll,Sanrio Walls,Not in catalog,1.9.0,Yes,RoomTexWallCinnamon00,10172,XAaoMY22k2S8T26bA
circuit-board wall,https://acnhcdn.com/latest/FtrIcon/RoomTexWallGeek00.png,No,NA,No,3000,750,Green,Green,NA,NA,Saharah; Saharah's Co-op,,NA,NA,None,NA,NA,None,NA,Stone,451,facility,None,None,Neta Walls,Not for sale,1.0.0,Yes,RoomTexWallGeek00,4821,Ms4DDtXTTGMwXdvvy
circus wall,https://acnhcdn.com/latest/FtrIcon/RoomSpWallSummer00.png,Yes,Synchro,No,3000,750,Colorful,Colorful,NA,NA,Saharah's Co-op,,NA,NA,None,NA,NA,None,NA,Stone,451,facility,amusement park,None,Stripe Walls,Not for sale,2.0.0,Yes,RoomSpWallSummer00,12721,ixM9xgbth7JXjE8Mp
cityscape wall,https://acnhcdn.com/latest/FtrIcon/RoomSpWallNightView00.png,Yes,NA,No,3000,750,Black,Black,NA,NA,Saharah; Saharah's Co-op,,NA,NA,None,NA,NA,None,NA,Cloth,451,restaurant,expensive,None,Special Walls,Not for sale,1.0.0,Yes,RoomSpWallNightView00,5400,9B4hFDTD7xM8goPGs
classic-library wall,https://acnhcdn.com/latest/FtrIcon/RoomTexWallLibrary00.png,No,NA,Yes,NFS,1450,Black,Black,NA,NA,Crafting,,NA,NA,None,NA,NA,None,NA,Wood,103,den,facility,None,Library Walls,Not for sale,1.0.0,Yes,RoomTexWallLibrary00,4837,YbYmnjKXc49cyT6GB
club wall,https://acnhcdn.com/latest/FtrIcon/RoomSpWallClub00.png,Yes,Synchro,No,3000,750,Black,Black,NA,NA,Saharah's Co-op,,NA,NA,None,NA,NA,None,NA,Tile,451,party,concert,None,Special Walls,Not for sale,2.0.0,Yes,RoomSpWallClub00,13130,Dsyv8o4HCHf92g9j5
coffee-shop wall,https://acnhcdn.com/latest/FtrIcon/RoomTexWallCoffee00.png,No,NA,No,3000,750,Black,Beige,NA,NA,Saharah's Co-op,,NA,NA,None,NA,NA,None,NA,Wood,451,café,shop,None,WallFacility,Not for sale,2.0.0,Yes,RoomTexWallCoffee00,12908,kzCjxQsgHnvqNcHjY
colorful puzzle wall,https://acnhcdn.com/latest/FtrIcon/RoomTexWallPuzzle01.png,No,NA,No,1540,385,Colorful,Colorful,1400,Poki,Nook's Cranny,,NA,NA,Single Pane,White Metal,Glass,Slatted Blinds,White Plastic,Cloth,151,fancy,child's room,None,Puzzle Walls,For sale,1.0.0,Yes,RoomTexWallPuzzle01,4887,gpsYwFiGd3coj2eBS
colorful-tile wall,https://acnhcdn.com/latest/FtrIcon/RoomTexWallTile02.png,No,NA,No,1420,355,Colorful,Colorful,1300,Poki,Nook's Cranny,,NA,NA,Single Pane,White Metal,Glass,Slatted Blinds,White Plastic,Stone,151,bathroom,public bath,None,Tile Walls,For sale,1.0.0,Yes,RoomTexWallTile02,4931,yu9xkApAW49Zhhf9i
common wall,https://acnhcdn.com/latest/FtrIcon/RoomTexWallCommon00.png,No,NA,No,800,200,Beige,Brown,720,Poki,Nook's Cranny,,NA,NA,Four Pane,Natural Wood,Glass,Curtains,White,Wood,151,living room,school,None,Stone Walls,For sale,1.0.0,Yes,RoomTexWallCommon00,4795,nLsLm3SoBAKtH5DmF
concession-stand wall,https://acnhcdn.com/latest/FtrIcon/RoomSpWallStand00.png,Yes,NA,No,3000,750,Colorful,Colorful,NA,NA,Saharah's Co-op,,NA,NA,None,NA,NA,None,NA,Tile,451,restaurant,facility,None,WallFacility,Not for sale,2.0.0,Yes,RoomSpWallStand00,12913,heesFhfzdGF2Yf5sq
concrete wall,https://acnhcdn.com/latest/FtrIcon/RoomTexWallConcrete00.png,No,NA,No,940,235,Gray,Gray,850,Poki,Nook's Cranny,,NA,NA,Single Pane,Grey Wood,Glass,Slatted Blinds,White Plastic,Stone,151,workshop,stylish,None,Stone Walls,For sale,1.0.0,Yes,RoomTexWallConcrete00,4890,jmixjxLNuH9jRQhyr
construction-site wall,https://acnhcdn.com/latest/FtrIcon/RoomTexWallBlueSheet00.png,No,NA,No,3000,750,Blue,Blue,NA,NA,Saharah; Saharah's Co-op,,NA,NA,None,NA,NA,None,NA,Stone,451,workshop,construction site,None,Neta Walls,Not for sale,1.0.0,Yes,RoomTexWallBlueSheet00,4843,gDubZLr2wi622j5De
crepe-design wall,https://acnhcdn.com/latest/FtrIcon/RoomTexWallCrepe00.png,No,NA,No,1550,387,White,Colorful,1400,Poki,Nook's Cranny,,NA,NA,Circle,Grey Wood,Screen,None,NA,Wood,151,harmonious,stylish,None,Japanese Style,For sale,1.0.0,Yes,RoomTexWallCrepe00,4841,dBSCiiYyny3ReAbgo
cute blue wall,https://acnhcdn.com/latest/FtrIcon/RoomTexWallCute02.png,No,NA,No,1880,470,Blue,White,1700,Poki,Nook's Cranny,,NA,NA,Four Pane,White Wood,Glass,Curtains,White Lace,Cloth,151,fancy,child's room,None,Cute Walls,For sale,1.0.0,Yes,RoomTexWallCute02,7217,KFhQNtCs6tx9sj7dy
cute red wall,https://acnhcdn.com/latest/FtrIcon/RoomTexWallCute01.png,No,NA,No,1880,470,Red,White,1700,Poki,Nook's Cranny,,NA,NA,Four Pane,Grey Wood,Glass,Curtains,White Lace,Cloth,151,fancy,child's room,None,Cute Walls,For sale,1.0.0,Yes,RoomTexWallCute01,7216,qYZyrdquxzvHErF5n
cute white wall,https://acnhcdn.com/latest/FtrIcon/RoomTexWallCute00.png,No,NA,No,1880,470,White,White,1700,Poki,Nook's Cranny,,NA,NA,Four Pane,Grey Wood,Glass,Curtains,White Lace,Cloth,151,fancy,child's room,None,Cute Walls,For sale,1.0.0,Yes,RoomTexWallCute00,7215,McKcAab2qjAaviYvA
cute yellow wall,https://acnhcdn.com/latest/FtrIcon/RoomTexWallCute03.png,No,NA,No,1880,470,Yellow,White,1700,Poki,Nook's Cranny,,NA,NA,Four Pane,White Wood,Glass,Curtains,White Lace,Cloth,151,fancy,child's room,None,Cute Walls,For sale,1.0.0,Yes,RoomTexWallCute03,7218,6j8PFwiuCwkN7GP5b
dark wooden-mosaic wall,https://acnhcdn.com/latest/FtrIcon/RoomTexWallMixPlankWood01.png,No,NA,Yes,NFS,1800,Black,Black,NA,NA,Crafting,,NA,NA,Single Pane,Dark Wood,Glass,Slatted Blinds,Dark Brown Wood,Stone,103,living room,shop,None,Wood Plank Walls,Not for sale,1.0.0,Yes,RoomTexWallMixPlankWood01,4860,zZ6oMsuRibBQMkCA7
dark-chocolate wall,https://acnhcdn.com/latest/FtrIcon/RoomTexWallChocolate00.png,No,NA,No,3000,750,Brown,Brown,NA,NA,Saharah; Saharah's Co-op,,NA,NA,None,NA,NA,None,NA,Tile,451,fancy,None,None,Chocolate,Not for sale,1.0.0,Yes,RoomTexWallChocolate00,4932,MWLvj23WuHrEJkMjk
desert vista,https://acnhcdn.com/latest/FtrIcon/RoomSpWallDesert00.png,Yes,Synchro,No,3000,750,Beige,Gray,NA,NA,Saharah; Saharah's Co-op,,NA,NA,None,NA,NA,None,NA,Plain,451,ancient,local,None,Special Cool Nature Walls,Not for sale,1.0.0,Yes,RoomSpWallDesert00,5488,o45mte3eFoaM3ts98
dig-site wall,https://acnhcdn.com/latest/FtrIcon/RoomTexWallStratum00.png,No,NA,No,3000,750,Brown,Beige,NA,NA,Saharah; Saharah's Co-op,,NA,NA,None,NA,NA,None,NA,Stone,451,local,ancient,None,Stone Walls,Not for sale,1.0.0,Yes,RoomTexWallStratum00,5222,Rj3X2dJ5WfYu3wpMP
dirt-clod wall,https://acnhcdn.com/latest/FtrIcon/RoomTexWallOldSoil00.png,No,NA,No,200,50,Beige,Brown,180,Poki,Nook's Cranny,,NA,NA,Four Pane,Natural Wood,Screen,None,NA,Wood,151,horror,retro,None,Stone Walls,For sale,1.0.0,Yes,RoomTexWallOldSoil00,4856,LCJDGnfwuHqkgfxJB
dojo wall,https://acnhcdn.com/latest/FtrIcon/RoomTexWallBaseboards00.png,No,NA,No,3000,750,Yellow,Beige,NA,NA,Saharah; Saharah's Co-op,,NA,NA,None,NA,NA,None,NA,Wood,451,sports,harmonious,None,Wood Walls,Not for sale,1.0.0,Yes,RoomTexWallBaseboards00,5227,sLYrC9TRZJDMCZjM6
dungeon wall,https://acnhcdn.com/latest/FtrIcon/RoomSpWallJail00.png,Yes,NA,No,3000,750,Black,Gray,NA,NA,Saharah; Saharah's Co-op,,NA,NA,None,NA,NA,None,NA,Stone,451,horror,fantasy,None,Special Inorganic Walls,Not for sale,1.0.0,Yes,RoomSpWallJail00,5509,zcHJb34EruL2Szn87
exquisite wall,https://acnhcdn.com/latest/FtrIcon/RoomTexWallChina00.png,No,NA,No,3000,750,Brown,White,NA,NA,Saharah; Saharah's Co-op,,NA,NA,None,NA,NA,None,NA,Wood,451,harmonious,restaurant,None,Asia,Not for sale,1.0.0,Yes,RoomTexWallChina00,4866,TPZRP5K6z87YHs6TC
falling-snow wall,https://acnhcdn.com/latest/FtrIcon/RoomSpWallSnowy00.png,Yes,Random,Yes,NFS,2700,Brown,Blue,NA,NA,Crafting,,snowflakes,Yes,None,NA,NA,None,NA,Stone,201,freezing cold,living room,None,Special Walls,Not for sale,1.6.0,Yes,RoomSpWallSnowy00,13603,EufJsvAbx2PSzr8jz
fireworks-show wall,https://acnhcdn.com/latest/FtrIcon/RoomSpWallFireworks00.png,Yes,NA,No,3000,750,Black,Black,NA,NA,Nintendo; Saharah; Saharah's Co-op,Mailed to players after the 1.4.0 update in a letter from Nintendo,NA,NA,None,NA,NA,None,NA,Plain,451,outdoors,ocean,None,Special Warm Nature Walls,Not for sale,1.4.0,Yes,RoomSpWallFireworks00,13230,poLXZmMTa2bYsAYpe
forest wall,https://acnhcdn.com/latest/FtrIcon/RoomTexWallMushForest00.png,No,NA,Yes,NFS,44000,Black,Black,NA,NA,Crafting,,mushrooms,Yes,None,NA,NA,None,NA,Stone,201,nature,local,mush,Nature Walls,Not for sale,1.0.0,Yes,RoomTexWallMushForest00,7187,ogwkK7pveFmag6MXj
frozen-foods freezer wall,https://acnhcdn.com/latest/FtrIcon/RoomSpWallFrozenFood00.png,Yes,NA,No,3000,750,Colorful,White,NA,NA,Saharah's Co-op,,NA,NA,None,NA,NA,None,NA,Stone,451,supermarket,workshop,None,WallFacility,Not for sale,2.0.0,Yes,RoomSpWallFrozenFood00,13358,hMLoXRHP2DGtEfoRE
future-tech wall,https://acnhcdn.com/latest/FtrIcon/RoomSpWallTechnology00.png,Yes,Synchro,No,3000,750,Black,Black,NA,NA,Saharah; Saharah's Co-op,,NA,NA,None,NA,NA,None,NA,Stone,451,ancient,sci-fi,None,Special Inorganic Walls,Not for sale,1.0.0,Yes,RoomSpWallTechnology00,5494,JawM9P46KeFwGXdsm
garbage-heap wall,https://acnhcdn.com/latest/FtrIcon/RoomTexWallGarbage00.png,No,NA,Yes,NFS,120,Aqua,Gray,NA,NA,Crafting,,NA,NA,None,NA,NA,None,NA,Plain,103,workshop,horror,None,Neta Walls,Not for sale,1.0.0,Yes,RoomTexWallGarbage00,5229,KfoTScCc4NZruFYd8
glowing-moss cave wall,https://acnhcdn.com/latest/FtrIcon/RoomSpWallGlowCave00.png,Yes,NA,Yes,NFS,2500,Green,Black,NA,NA,Crafting,,NA,NA,None,NA,NA,None,NA,Stone,103,ancient,fantasy,None,Nature Walls,Not for sale,2.0.0,Yes,RoomSpWallGlowCave00,13881,jMHwiBTGKCvtCF5GN
glowing-moss forest wall,https://acnhcdn.com/latest/FtrIcon/RoomSpWallGlowMoss00.png,Yes,NA,Yes,NFS,1700,Green,Green,NA,NA,Crafting,,NA,NA,None,NA,NA,None,NA,Plain,103,ancient,nature,None,Nature Walls,Not for sale,2.0.0,Yes,RoomSpWallGlowMoss00,13019,9R9RS7LePEZwAMDrT
glowing-moss ruins wall,https://acnhcdn.com/latest/FtrIcon/RoomSpWallGlowRemains00.png,Yes,Synchro,Yes,NFS,2000,Gray,Green,NA,NA,Crafting,,NA,NA,None,NA,NA,None,NA,Stone,103,ancient,fantasy,None,Nature Walls,Not for sale,2.0.0,Yes,RoomSpWallGlowRemains00,13874,MpgCdjR8QPeo5TtGg
gold-screen wall,https://acnhcdn.com/latest/FtrIcon/RoomTexWallFusumaGorgeous00.png,No,NA,Yes,NFS,20750,Yellow,Yellow,NA,NA,Crafting,,NA,NA,None,NA,NA,None,NA,Wood,103,harmonious,expensive,None,Japanese Style,Not for sale,1.0.0,Yes,RoomTexWallFusumaGorgeous00,4820,CucFATJt8EtZmbKFX
golden wall,https://acnhcdn.com/latest/FtrIcon/RoomTexWallGold00.png,No,NA,Yes,NFS,40000,Yellow,Brown,NA,NA,Crafting,,NA,NA,None,NA,NA,None,NA,Gold,103,expensive,ancient,golden,Asia,Not for sale,1.0.0,Yes,RoomTexWallGold00,4894,uyLj28ErYLEjpYzEF
graveyard wall,https://acnhcdn.com/latest/FtrIcon/RoomSpWallCemetery00.png,Yes,NA,No,3000,750,Brown,Blue,NA,NA,Saharah's Co-op,,NA,NA,None,NA,NA,None,NA,Plain,451,horror,None,None,Special Cool Nature Walls,Not for sale,2.0.0,Yes,RoomSpWallCemetery00,5511,aNSptq7wunS7ezfQe
gray diner wall,https://acnhcdn.com/latest/FtrIcon/RoomTexWallDiner02.png,No,NA,No,2420,605,White,Colorful,2200,Poki,Nook's Cranny,,NA,NA,Single Pane,White Metal,Glass,Slatted Blinds,White Plastic,Stone,151,restaurant,café,diner,Diner Walls,For sale,1.0.0,Yes,RoomTexWallDiner02,7243,eTcpWCGHCzsdGRs7k
gray locker-room wall,https://acnhcdn.com/latest/FtrIcon/RoomTexWallLocker01.png,No,NA,No,3000,750,Gray,White,NA,NA,Saharah's Co-op,,NA,NA,None,NA,NA,None,NA,Tile,451,school,None,None,Iron Walls,Not for sale,2.0.0,Yes,RoomTexWallLocker01,13441,DThEXePPszmFcsCpv
gray molded-panel wall,https://acnhcdn.com/latest/FtrIcon/RoomTexWallPanelMold02.png,No,NA,No,1980,495,Gray,Gray,1800,Poki,Nook's Cranny,,NA,NA,Sliding Pane,Black Metal,Glass,None,NA,Cloth,151,facility,living room,None,Panel Mold Walls,For sale,1.0.0,Yes,RoomTexWallPanelMold02,4872,49g9WCb7cvS8kpqDF
gray shanty wall,https://acnhcdn.com/latest/FtrIcon/RoomTexWallTin00.png,No,NA,No,620,155,Gray,Gray,560,Poki,Nook's Cranny,,NA,NA,Single Pane,Grey Wood,Glass,Slatted Blinds,White Plastic,Stone,151,workshop,construction site,None,Tin Walls,For sale,1.0.0,Yes,RoomTexWallTin00,4923,7uz4sbe5zSfsa8PqK
gray-shelving wall,https://acnhcdn.com/latest/FtrIcon/RoomTexWallShelf01.png,No,NA,No,3000,750,Brown,Gray,NA,NA,Saharah's Co-op,,NA,NA,None,NA,NA,None,NA,Wood,451,apparel shop,workshop,None,WallFacility,Not for sale,2.0.0,Yes,RoomTexWallShelf01,13442,xujwrSS3Q7YKTRGLA
gray-striped wall,https://acnhcdn.com/latest/FtrIcon/RoomTexWallStripe02.png,No,NA,No,1520,380,Gray,White,1400,Poki,Nook's Cranny,,NA,NA,Four Pane,White Wood,Glass,Roller Shades,White,Cloth,151,fancy,child's room,None,Stripe Walls,For sale,1.0.0,Yes,RoomTexWallStripe02,4944,xWHnQXK7duTWZ8GrD
green blossoming wall,https://acnhcdn.com/latest/FtrIcon/RoomTexWallCountry03.png,No,NA,No,1760,440,Green,Brown,1600,Poki,Nook's Cranny,,NA,NA,Four Pane,Light Wood,Glass,Curtains,Green Checkered,Wood,151,fancy,living room,None,Country,For sale,1.0.0,Yes,RoomTexWallCountry03,4903,ZPCtPY4gYYKPn7ipQ
green delicate-blooms wall,https://acnhcdn.com/latest/FtrIcon/RoomTexWallManor02.png,No,NA,No,1900,475,Green,Black,1700,Poki,Nook's Cranny,,NA,NA,Four Pane,Dark Wood,Glass,Roller Shades,Undyed,Wood,151,expensive,living room,None,Manor Walls,For sale,1.0.0,Yes,RoomTexWallManor02,4898,rsBmsGkcmQYWzEivw
green flower-print wall,https://acnhcdn.com/latest/FtrIcon/RoomTexWallFlower01.png,No,NA,No,1780,445,Green,Beige,1600,Poki,Nook's Cranny,,NA,NA,Four Pane,White Wood,Glass,Curtains,Green,Wood,151,fancy,living room,None,Flower Walls,For sale,1.0.0,Yes,RoomTexWallFlower01,4935,oYN6MCEQENZymoKdm
green honeycomb-tile wall,https://acnhcdn.com/latest/FtrIcon/RoomTexWallHoneycomb02.png,No,NA,No,1680,420,Green,Green,1500,Poki,Nook's Cranny,,NA,NA,Sliding Pane,Grey Metal,Glass,None,NA,Stone,151,bathroom,public bath,None,Honeycomb,For sale,1.0.0,Yes,RoomTexWallHoneycomb02,4913,Aws33pgNCEygKeaB4
green intricate wall,https://acnhcdn.com/latest/FtrIcon/RoomTexWallFlowerPop02.png,No,NA,No,1570,392,Green,White,1400,Poki,Nook's Cranny,,NA,NA,Four Pane,Grey Wood,Glass,Roller Shades,White,Wood,151,living room,shop,None,Flower Pop Walls,For sale,1.0.0,Yes,RoomTexWallFlowerPop02,6878,hD6uCKiZPpJC6eqom
green molded-panel wall,https://acnhcdn.com/latest/FtrIcon/RoomTexWallPanelMold03.png,No,NA,No,1980,495,Green,White,1800,Poki,Nook's Cranny,,NA,NA,Sliding Pane,White Metal,Glass,None,NA,Cloth,151,facility,living room,None,Panel Mold Walls,For sale,1.0.0,Yes,RoomTexWallPanelMold03,6854,L5cttCqv5dPEpZNwm
green painted-wood wall,https://acnhcdn.com/latest/FtrIcon/RoomTexWallPaintWood01.png,No,NA,No,1650,412,Green,Green,1500,Poki,Nook's Cranny,,NA,NA,Four Pane,White Wood,Glass,None,NA,Wood,151,living room,child's room,None,Painted Wood,For sale,1.0.0,Yes,RoomTexWallPaintWood01,4949,wDrM2ExdLkKTKohtr
green playroom wall,https://acnhcdn.com/latest/FtrIcon/RoomTexWallToy02.png,No,NA,No,2540,635,Green,Green,2300,Poki,Nook's Cranny,,NA,NA,Sliding Pane,White Metal,Glass,None,NA,Cloth,151,child's room,fancy,None,Toy Walls,For sale,1.0.0,Yes,RoomTexWallToy02,6866,hrZPmBpEgQ8SZm2oe
green wedding wall,https://acnhcdn.com/latest/FtrIcon/RoomSpWallChurch02.png,Yes,NA,No,NFS,750,Green,Aqua,12,Heart Crystals,Cyrus,,Wedding Season,Yes,None,NA,NA,None,NA,Stone,437,party,expensive,wedding,Cloth Walls,Not for sale,1.2.0,Yes,RoomSpWallChurch02,12469,WvGCWHyf2NKwuiZ7Z
green-paint wall,https://acnhcdn.com/latest/FtrIcon/RoomTexWallStucco04.png,No,NA,No,1600,400,Green,Green,1400,Poki,Nook's Cranny,,NA,NA,Four Pane,Dark Wood,Glass,None,NA,Stone,151,fancy,living room,None,Stucco Walls,For sale,1.0.0,Yes,RoomTexWallStucco04,4812,3ZHQo8e8Wqgw4cpwy
greenhouse wall,https://acnhcdn.com/latest/FtrIcon/RoomSpWallGreenHouse00.png,Yes,NA,No,3000,750,Aqua,Gray,NA,NA,Saharah's Co-op,,NA,NA,None,NA,NA,None,NA,Stone,451,local,facility,None,Neta Walls,Not for sale,2.0.0,Yes,RoomSpWallGreenHouse00,13434,hdknyvkKdgrsWfqx5
groovy wall,https://acnhcdn.com/latest/FtrIcon/RoomTexWallPsyche00.png,No,NA,No,1280,320,Orange,Orange,1200,Poki,Nook's Cranny,,NA,NA,Single Pane,Natural Wood,Glass,Slatted Blinds,Brown Wood,Cloth,151,party,retro,None,Cloth Walls,For sale,1.0.0,Yes,RoomTexWallPsyche00,4846,gt5Bv4qHoaZ9QCyj4
hallway wall,https://acnhcdn.com/latest/FtrIcon/RoomTexWallBoard00.png,No,NA,No,3000,750,Aqua,White,NA,NA,Saharah's Co-op,,NA,NA,None,NA,NA,None,NA,Wood,451,school,facility,None,WallFacility,Not for sale,2.0.0,Yes,RoomTexWallBoard00,12848,NCBd3TwM7prv5MPfM
harmonious wall,https://acnhcdn.com/latest/FtrIcon/RoomTexWallOriental00.png,No,NA,No,1780,445,Brown,Brown,1600,Poki,Nook's Cranny,,NA,NA,None,NA,NA,None,NA,Stone,151,harmonious,shop,None,Asia,For sale,1.0.0,Yes,RoomTexWallOriental00,11180,uCzqeq8GvfKRsWRd4
heavy-curtain wall,https://acnhcdn.com/latest/FtrIcon/RoomTexWallThickCurtain00.png,No,NA,No,3000,750,Red,Black,NA,NA,Saharah; Saharah's Co-op,,NA,NA,None,NA,NA,None,NA,Wood,451,music,party,None,Cloth Walls,Not for sale,1.0.0,Yes,RoomTexWallThickCurtain00,4878,mKPtEN398qGZ7Yryu
Hello Kitty wall,https://acnhcdn.com/latest/FtrIcon/RoomTexWallKitty00.png,No,NA,No,3000,750,Red,Blue,NA,NA,Nook Shopping Promotion,Scan the associated Sanrio amiibo card,NA,NA,None,NA,NA,None,NA,Cloth,201,fancy,None,Hello Kitty,Sanrio Walls,Not in catalog,1.9.0,Yes,RoomTexWallKitty00,10171,annG3qKgFvLLenENq
honeycomb wall,https://acnhcdn.com/latest/FtrIcon/RoomTexWallHoney00.png,No,NA,Yes,NFS,3600,Yellow,Yellow,NA,NA,Crafting,,NA,NA,None,NA,NA,None,NA,Stone,103,fancy,nature,None,Tile Walls,Not for sale,1.0.0,Yes,RoomTexWallHoney00,4865,hB3LqvkNidDmzrZ8z
honeycomb-tile wall,https://acnhcdn.com/latest/FtrIcon/RoomTexWallHoneycomb00.png,No,NA,No,1680,420,Brown,Brown,1500,Poki,Nook's Cranny,,NA,NA,Sliding Pane,Black Metal,Glass,None,NA,Stone,151,bathroom,public bath,None,Honeycomb,For sale,1.0.0,Yes,RoomTexWallHoneycomb00,4909,S3bCMm6KGHKF6Ynzg
ice wall,https://acnhcdn.com/latest/FtrIcon/RoomSpWallIce00.png,Yes,NA,Yes,NFS,8200,Aqua,Aqua,NA,NA,Crafting,,snowflakes,Yes,None,NA,NA,None,NA,Stone,444,freezing cold,fantasy,frozen,Special Walls,Not for sale,1.0.0,Yes,RoomSpWallIce00,5505,d84Y3R4CzrtjCasov
ice-cream-shoppe wall,https://acnhcdn.com/latest/FtrIcon/RoomTexWallIcecream00.png,No,NA,No,3000,750,Colorful,Pink,NA,NA,Saharah's Co-op,,NA,NA,None,NA,NA,None,NA,Wood,451,café,shop,None,WallFacility,Not for sale,2.0.0,Yes,RoomTexWallIcecream00,12909,wFAgqt6mCbvc9qjo4
iceberg wall,https://acnhcdn.com/latest/FtrIcon/RoomTexWallIceFloe00.png,No,NA,Yes,NFS,4000,Aqua,White,NA,NA,Crafting,,snowflakes,Yes,None,NA,NA,None,NA,Plain,201,freezing cold,None,None,Neta Walls,Not for sale,1.0.0,Yes,RoomTexWallIceFloe00,5662,XqrwARWP9bzsmsjiF
imperial wall,https://acnhcdn.com/latest/FtrIcon/RoomTexWallDynasty00.png,No,NA,No,3000,750,Red,Red,NA,NA,Saharah; Saharah's Co-op,,NA,NA,None,NA,NA,None,NA,Stone,451,expensive,harmonious,None,Asia,Not for sale,1.0.0,Yes,RoomTexWallDynasty00,5224,YkuzvDjqXDB9CYHhm
industrial wall,https://acnhcdn.com/latest/FtrIcon/RoomTexWallFactory00.png,No,NA,No,3000,750,Black,Black,NA,NA,Saharah; Saharah's Co-op,,NA,NA,None,NA,NA,None,NA,Stone,451,facility,lab,None,Iron Walls,Not for sale,1.0.0,Yes,RoomTexWallFactory00,4876,ao5GCHQqnwssDNRGN
ivy wall,https://acnhcdn.com/latest/FtrIcon/RoomTexWallIvy00.png,No,NA,No,3000,750,Brown,Green,NA,NA,Saharah; Saharah's Co-op,,NA,NA,None,NA,NA,None,NA,Stone,451,local,sci-fi,None,Nature Walls,Not for sale,1.0.0,Yes,RoomTexWallIvy00,4850,t6XmWqkyhZt8Axyeh
Jingle wall,https://acnhcdn.com/latest/FtrIcon/RoomSpWallXmas00.png,Yes,Synchro,Yes,NFS,2500,Green,Colorful,NA,NA,Crafting,,ornaments,Yes,None,NA,NA,None,NA,Wood,201,fancy,party,festive,Special Walls,Not for sale,1.0.0,Yes,RoomSpWallXmas00,5230,ZjBHKK8ckePAaKpxe
jungle wall,https://acnhcdn.com/latest/FtrIcon/RoomTexWallJungle00.png,No,NA,Yes,NFS,1380,Green,Green,NA,NA,Crafting,,NA,NA,None,NA,NA,None,NA,Stone,103,ancient,nature,None,Nature Walls,Not for sale,1.0.0,Yes,RoomTexWallJungle00,5457,pJFdFWHgQRiYAn67i
Kerokerokeroppi wall,https://acnhcdn.com/latest/FtrIcon/RoomTexWallKeroppi00.png,No,NA,No,3000,750,Green,Green,NA,NA,Nook Shopping Promotion,Scan the associated Sanrio amiibo card,NA,NA,None,NA,NA,None,NA,Cloth,201,garden,harmonious,Kerokerokeroppi,Sanrio Walls,Not in catalog,1.9.0,Yes,RoomTexWallKeroppi00,10175,rcc2xxFF6iEZFWCwD
Kiki & Lala wall,https://acnhcdn.com/latest/FtrIcon/RoomTexWallKikilala00.png,No,NA,No,3000,750,Pink,Colorful,NA,NA,Nook Shopping Promotion,Scan the associated Sanrio amiibo card,NA,NA,None,NA,NA,None,NA,Cloth,201,fancy,None,Kiki & Lala,Sanrio Walls,Not in catalog,1.9.0,Yes,RoomTexWallKikilala00,10176,FEueHTF7kRxdi32bM
kisses wall,https://acnhcdn.com/latest/FtrIcon/RoomTexWallKiss00.png,No,NA,No,3000,750,Pink,White,NA,NA,Saharah; Saharah's Co-op,,NA,NA,Single Pane,White Metal,Glass,Slatted Blinds,White Plastic,Cloth,451,party,fancy,None,Cloth Walls,Not for sale,1.0.0,Yes,RoomTexWallKiss00,4881,ZeuGwoWptbyaQDsbu
laboratory wall,https://acnhcdn.com/latest/FtrIcon/RoomSpWallLabo00.png,Yes,Random,No,3000,750,Black,Black,NA,NA,Saharah; Saharah's Co-op,,NA,NA,None,NA,NA,None,NA,Tile,451,sci-fi,lab,None,Special Inorganic Walls,Not for sale,1.0.0,Yes,RoomSpWallLabo00,5495,kNrqC5Xs7RFybYfkN
lattice wall,https://acnhcdn.com/latest/FtrIcon/RoomTexWallLattice00.png,No,NA,No,1780,445,Brown,Brown,1600,Poki,Nook's Cranny,,NA,NA,None,NA,NA,None,NA,Wood,151,garden,shop,None,Asia,For sale,1.0.0,Yes,RoomTexWallLattice00,4830,ZQFuCuh6fdtufMYzs
limestone-cave wall,https://acnhcdn.com/latest/FtrIcon/RoomSpWallLimestone00.png,Yes,Synchro,No,3000,750,Beige,White,NA,NA,Saharah's Co-op,,NA,NA,None,NA,NA,None,NA,Stone,451,fantasy,ancient,None,Special Warm Nature Walls,Not for sale,2.0.0,Yes,RoomSpWallLimestone00,5507,vcz2byxybzfXkuCSX
magma-cavern wall,https://acnhcdn.com/latest/FtrIcon/RoomSpWallVolcano00.png,Yes,Synchro,No,3000,750,Orange,Orange,NA,NA,Saharah; Saharah's Co-op,,NA,NA,None,NA,NA,None,NA,Stone,451,horror,ancient,None,Special Warm Nature Walls,Not for sale,1.0.0,Yes,RoomSpWallVolcano00,5506,ugvpYYqX4F9bgLbnj
manga-library wall,https://acnhcdn.com/latest/FtrIcon/RoomTexWallLibrary01.png,No,NA,Yes,NFS,1050,White,White,NA,NA,Crafting,,NA,NA,None,NA,NA,None,NA,Cloth,103,facility,den,None,Library Walls,Not for sale,1.0.0,Yes,RoomTexWallLibrary01,4838,wRBeXRoDHw6Curx44
mangrove wall,https://acnhcdn.com/latest/FtrIcon/RoomTexWallMangrove00.png,No,NA,No,3000,750,Green,Green,NA,NA,Saharah; Saharah's Co-op,,NA,NA,None,NA,NA,None,NA,Plain,451,nature,local,None,Nature Walls,Not for sale,1.0.0,Yes,RoomTexWallMangrove00,5514,j8cYo8ozHYBaAm3JH
marine pop wall,https://acnhcdn.com/latest/FtrIcon/RoomTexWallFish00.png,No,NA,No,NFS,805,Aqua,Blue,NA,NA,C.J.,,Fishing Tourney (Spring); Fishing Tourney (Summer); Fishing Tourney (Fall); Fishing Tourney (Winter),Yes,Four Pane,Grey Wood,Glass,Roller Shades,White,Wood,501,ocean,child's room,None,Cloth Walls,Not for sale,1.0.0,Yes,RoomTexWallFish00,4879,DmheJHpCg6xk8dX3R
meadow vista,https://acnhcdn.com/latest/FtrIcon/RoomSpWallHighLands00.png,Yes,Synchro,No,3000,750,Green,Aqua,NA,NA,Saharah; Saharah's Co-op,,NA,NA,None,NA,NA,None,NA,Plain,451,nature,local,None,Special Cool Nature Walls,Not for sale,1.0.0,Yes,RoomSpWallHighLands00,5484,QdWj45HftWrWwC3dH
mermaid wall,https://acnhcdn.com/latest/FtrIcon/RoomSpWallMermaid00.png,Yes,Random,Yes,NFS,23520,Pink,Aqua,NA,NA,Crafting,,NA,NA,None,NA,NA,None,NA,Stone,451,ocean,fancy,mermaid,Special Warm Nature Walls,Not for sale,1.3.0,Yes,RoomSpWallMermaid00,12566,MP44TSDm3ADQzbMq2
misty-garden wall,https://acnhcdn.com/latest/FtrIcon/RoomSpWallRain00.png,Yes,Random,No,3000,750,Gray,Gray,NA,NA,Saharah; Saharah's Co-op,,NA,NA,None,NA,NA,None,NA,Stone,451,garden,harmonious,None,Special Cool Nature Walls,Not for sale,1.0.0,Yes,RoomSpWallRain00,11915,hgiWgFTr76YtZH8sH
mod wall,https://acnhcdn.com/latest/FtrIcon/RoomTexWallMod00.png,No,NA,No,1220,305,Orange,Orange,1100,Poki,Nook's Cranny,,NA,NA,Four Pane,Natural Wood,Glass,Roller Shades,Undyed,Cloth,151,party,retro,None,Cloth Walls,For sale,1.0.0,Yes,RoomTexWallMod00,4908,Tiya4QoMRwThyKcG8
modern shoji-screen wall,https://acnhcdn.com/latest/FtrIcon/RoomSpWallShojiModem00.png,Yes,NA,No,1150,287,Brown,White,1000,Poki,Nook's Cranny,,NA,NA,None,NA,NA,None,NA,Wood,151,harmonious,restaurant,None,Japanese Style,For sale,1.0.0,Yes,RoomSpWallShojiModem00,4864,WBh8T7xJBavLRKZpB
modern tearoom wall,https://acnhcdn.com/latest/FtrIcon/RoomTexWallMud02.png,No,NA,No,1750,437,Brown,Brown,1600,Poki,Nook's Cranny,,NA,NA,Circle,Dark Wood,Screen,None,NA,Wood,151,harmonious,shop,None,Tea Room Walls,For sale,1.0.0,Yes,RoomTexWallMud02,11178,Yk5NZC7SSyjDEpnA7
modern wood wall,https://acnhcdn.com/latest/FtrIcon/RoomTexWallMixwood00.png,No,NA,Yes,NFS,1800,Brown,Brown,NA,NA,Crafting,,NA,NA,Single Pane,Natural Wood,Glass,Slatted Blinds,Brown Wood,Stone,103,living room,child's room,None,Wood Walls,Not for sale,1.0.0,Yes,RoomTexWallMixwood00,4904,KZjTLMR8uhbpJGQ64
monochromatic dotted wall,https://acnhcdn.com/latest/FtrIcon/RoomTexWallDot00.png,No,NA,No,1100,275,Gray,White,990,Poki,Nook's Cranny,,NA,NA,Four Pane,Dark Wood,Glass,Curtains,White,Wood,151,fancy,child's room,None,Dot,For sale,1.0.0,Yes,RoomTexWallDot00,4892,SWkrbmL8ME6NeQd9Q
monochromatic-tile wall,https://acnhcdn.com/latest/FtrIcon/RoomTexWallTile00.png,No,NA,No,1420,355,Gray,White,1300,Poki,Nook's Cranny,,NA,NA,Single Pane,White Metal,Glass,Slatted Blinds,White Plastic,Stone,151,bathroom,public bath,None,Tile Walls,For sale,1.0.0,Yes,RoomTexWallTile00,4910,6pk8nNbm4EmT3PrBr
mortar wall,https://acnhcdn.com/latest/FtrIcon/RoomTexWallPlaster00.png,No,NA,No,3000,750,Gray,Gray,NA,NA,Saharah; Saharah's Co-op,,NA,NA,None,NA,NA,None,NA,Stone,451,harmonious,None,None,Stone Walls,Not for sale,1.0.0,Yes,RoomTexWallPlaster00,5215,mfRLEniEAEB9YAjCY
mosaic-tile wall,https://acnhcdn.com/latest/FtrIcon/RoomTexWallMosaicTile00.png,No,NA,No,1450,362,Black,White,1300,Poki,Nook's Cranny,,NA,NA,Four Pane,Grey Wood,Glass,Roller Shades,White,Stone,151,bathroom,public bath,None,Tile Walls,For sale,1.0.0,Yes,RoomTexWallMosaicTile00,4862,2T8d9sRKwijHhESDS
mossy-garden wall,https://acnhcdn.com/latest/FtrIcon/RoomTexWallMoss00.png,No,NA,No,3000,750,Green,Green,NA,NA,Saharah; Saharah's Co-op,,NA,NA,None,NA,NA,None,NA,Stone,451,local,ancient,None,Nature Walls,Not for sale,1.0.0,Yes,RoomTexWallMoss00,5458,nuuPHdxH5skMPdehs
museum wall,https://acnhcdn.com/latest/FtrIcon/RoomTexWallMuseum00.png,No,NA,No,3000,750,White,White,NA,NA,Saharah's Co-op,,NA,NA,None,NA,NA,None,NA,Stone,451,facility,expensive,None,Special Inorganic Walls,Not for sale,2.0.0,Yes,RoomTexWallMuseum00,4842,NQvZs3xkbGd6azYxB
mush wall,https://acnhcdn.com/latest/FtrIcon/RoomTexWallMush00.png,No,NA,Yes,NFS,21400,Orange,Brown,NA,NA,Crafting,,mushrooms,Yes,Four Pane,White Wood,Glass,Roller Shades,Undyed,Cloth,201,fancy,None,mush,Cloth Walls,Not for sale,1.0.0,Yes,RoomTexWallMush00,5164,6xJHWgQgJA9e2n4jJ
mushroom mural,https://acnhcdn.com/latest/FtrIcon/RoomSpWallMario00.png,Yes,Synchro,No,3000,750,Aqua,Colorful,NA,NA,Nintendo; Nook Shopping Promotion,Mailed to players after the 1.8.0 update in a letter from Nintendo; Not available before March 1st 2021,NA,NA,None,NA,NA,None,NA,Plain,201,fancy,child's room,Mario,Neta Walls,Not in catalog,1.8.0,Yes,RoomSpWallMario00,13805,Z5kYqifx5im2Ywe6P
My Melody wall,https://acnhcdn.com/latest/FtrIcon/RoomTexWallMymelody00.png,No,NA,No,3000,750,Pink,Red,NA,NA,Nook Shopping Promotion,Scan the associated Sanrio amiibo card,NA,NA,None,NA,NA,None,NA,Cloth,201,fancy,None,My Melody,Sanrio Walls,Not in catalog,1.9.0,Yes,RoomTexWallMymelody00,10173,s97854TNLM2ipgGKY
Nook Inc. wall,https://acnhcdn.com/latest/FtrIcon/RoomTexWallFirst00.png,No,NA,No,NFS,6000,White,Aqua,1200,Nook Miles,Nook Miles Redemption,,NA,NA,Four Pane,Dark Wood,Glass,Curtains,White,Wood,151,fancy,shop,None,Cloth Walls,Not for sale,1.0.0,Yes,RoomTexWallFirst00,6004,e7uEC5di7XvHpvkuk
ocean-horizon wall,https://acnhcdn.com/latest/FtrIcon/RoomSpWallHorizon00.png,Yes,Synchro,No,3000,750,Blue,Aqua,NA,NA,Saharah; Saharah's Co-op,,NA,NA,None,NA,NA,None,NA,Plain,451,ocean,resort,None,Special Cool Nature Walls,Not for sale,1.0.0,Yes,RoomSpWallHorizon00,5486,BYpn3AZyJ8PWCAxHj
office wall,https://acnhcdn.com/latest/FtrIcon/RoomTexWallOffice00.png,No,NA,No,3000,750,White,Aqua,NA,NA,Saharah; Saharah's Co-op,,NA,NA,None,NA,NA,None,NA,Tile,451,office,None,None,Special Walls,Not for sale,1.0.0,Yes,RoomTexWallOffice00,5218,gSMtrRvmA9mYgtKtD
old wallpaper,https://acnhcdn.com/latest/FtrIcon/RoomTexWallOld00.png,No,NA,No,200,50,Beige,Beige,180,Poki,Nook's Cranny,,NA,NA,Four Pane,White Wood,Glass,None,NA,Wood,151,horror,None,None,Cloth Walls,For sale,1.0.0,Yes,RoomTexWallOld00,4857,LvLyyhmz3TH3qjBi4
olive Moroccan wall,https://acnhcdn.com/latest/FtrIcon/RoomTexWallMorocco03.png,No,NA,No,2440,610,Yellow,Yellow,2200,Poki,Nook's Cranny,,NA,NA,Sliding Pane,White Metal,Glass,None,NA,Stone,151,bathroom,public bath,Moroccan,Morocco,For sale,1.0.0,Yes,RoomTexWallMorocco03,6863,z5bNEBbKNL56CwQKo
operating-room wall,https://acnhcdn.com/latest/FtrIcon/RoomTexWallOperatingRoom00.png,No,NA,No,3000,750,Gray,Gray,NA,NA,Saharah's Co-op,,NA,NA,None,NA,NA,None,NA,Tile,451,hospital,lab,None,WallFacility,Not for sale,2.0.0,Yes,RoomTexWallOperatingRoom00,12851,BS7HgCFLJpppWYxrD
orange camo wall,https://acnhcdn.com/latest/FtrIcon/RoomTexWallCamouflage03.png,No,NA,No,1150,287,Orange,Orange,1000,Poki,Nook's Cranny,,NA,NA,Single Pane,Grey Wood,Glass,Slatted Blinds,White Plastic,Cloth,151,party,child's room,None,Camouflage,For sale,1.0.0,Yes,RoomTexWallCamouflage03,6855,xiaFSrf6okC624pCz
orange molded-panel wall,https://acnhcdn.com/latest/FtrIcon/RoomTexWallPanelMold00.png,No,NA,No,1980,495,Orange,Beige,1800,Poki,Nook's Cranny,,NA,NA,Sliding Pane,White Metal,Glass,None,NA,Cloth,151,facility,living room,None,Panel Mold Walls,For sale,1.0.0,Yes,RoomTexWallPanelMold00,4870,zW3vwqmKDGhK68rCJ
orange Moroccan-style wall,https://acnhcdn.com/latest/FtrIcon/RoomTexWallTadelakt01.png,No,NA,No,3000,750,Orange,Orange,NA,NA,Saharah's Co-op,,NA,NA,None,NA,NA,None,NA,Stone,451,stylish,living room,None,Asia,Not for sale,2.0.0,Yes,RoomTexWallTadelakt01,13497,tN3DQ95fSAWs3o5SM
orange wall,https://acnhcdn.com/latest/FtrIcon/RoomTexWallOrange00.png,No,NA,Yes,NFS,4000,Orange,Orange,NA,NA,Crafting,,NA,NA,Four Pane,Grey Wood,Glass,Roller Shades,White,Cloth,103,fancy,child's room,fruits,Fruit Walls,Not for sale,1.0.0,Yes,RoomTexWallOrange00,4915,4GirW6p4notkWfhs7
orange-paint wall,https://acnhcdn.com/latest/FtrIcon/RoomTexWallStucco01.png,No,NA,No,1600,400,Orange,Orange,1400,Poki,Nook's Cranny,,NA,NA,Four Pane,Natural Wood,Glass,None,NA,Stone,151,fancy,child's room,None,Stucco Walls,For sale,1.0.0,Yes,RoomTexWallStucco01,4809,TFsdbmb9sti7Gz3pt
outdoor-window wall,https://acnhcdn.com/latest/FtrIcon/RoomTexWallTeahouse00.png,No,NA,No,3000,750,Beige,Green,NA,NA,Saharah's Co-op,,NA,NA,None,NA,NA,None,NA,Wood,451,city life,café,None,Nature Walls,Not for sale,2.0.0,Yes,RoomTexWallTeahouse00,12910,BrjPZz2J4AvQBgpR3
paintball wall,https://acnhcdn.com/latest/FtrIcon/RoomTexWallAtelier00.png,No,NA,No,3000,750,White,Colorful,NA,NA,Saharah; Saharah's Co-op,,NA,NA,Single Pane,Grey Metal,Glass,Slatted Blinds,Aluminium,Stone,451,workshop,facility,None,Stone Walls,Not for sale,1.0.0,Yes,RoomTexWallAtelier00,4854,qnE76Sd6WdnihirBL
palace wall,https://acnhcdn.com/latest/FtrIcon/RoomSpWallPalace00.png,Yes,NA,No,3000,750,Beige,White,NA,NA,Saharah; Saharah's Co-op,,NA,NA,None,NA,NA,None,NA,Stone,451,expensive,ancient,None,Special Inorganic Walls,Not for sale,1.0.0,Yes,RoomSpWallPalace00,5502,fGigBL7P6sRsv25Au
Paradise Planning wall,https://acnhcdn.com/latest/FtrIcon/RoomTexWallGoldRich00.png,No,NA,No,NFS,750,Yellow,Yellow,2700,Poki,Wardell,,Happy Home Paradise,Yes,None,NA,NA,None,NA,Gold,151,living room,None,None,WallGoldSilverBronze,Not for sale,2.0.0,Yes,RoomTexWallGoldRich00,13020,z22bvaYd3o8NtChdj
party wall,https://acnhcdn.com/latest/FtrIcon/RoomTexWallParty00.png,No,NA,No,NFS,370,Colorful,White,NA,NA,Birthday,,Birthday,Yes,Four Pane,Dark Wood,Glass,Roller Shades,White,Cloth,573,party,fancy,None,Cloth Walls,Not for sale,1.0.0,Yes,RoomTexWallParty00,5226,9v4H4NeFMQR9tKLj7
pastel dotted wall,https://acnhcdn.com/latest/FtrIcon/RoomTexWallDot01.png,No,NA,No,1100,275,White,Colorful,990,Poki,Nook's Cranny,,NA,NA,Four Pane,Dark Wood,Glass,Curtains,White,Wood,151,fancy,child's room,None,Dot,For sale,1.0.0,Yes,RoomTexWallDot01,4899,m4ha6kr7tPuio5AcL
pastel puzzle wall,https://acnhcdn.com/latest/FtrIcon/RoomTexWallPuzzle00.png,No,NA,No,1540,385,White,White,1400,Poki,Nook's Cranny,,NA,NA,Single Pane,White Metal,Glass,Slatted Blinds,White Plastic,Cloth,151,fancy,child's room,None,Puzzle Walls,For sale,1.0.0,Yes,RoomTexWallPuzzle00,4886,b3EvGiavTx8QPHrfP
paw-print wall,https://acnhcdn.com/latest/FtrIcon/RoomTexWallFootmark00.png,No,NA,No,1160,290,Yellow,Beige,1000,Poki,Nook's Cranny,,NA,NA,Four Pane,Natural Wood,Glass,Curtains,White Lace,Cloth,151,None,None,None,Cute Walls,For sale,2.0.0,Yes,RoomTexWallFootmark00,13482,m5usCdM6aRQPQme5x
peach two-toned tile wall,https://acnhcdn.com/latest/FtrIcon/RoomTexWallTwoToneTile04.png,No,NA,No,1850,462,Pink,Pink,1700,Poki,Nook's Cranny,,NA,NA,Sliding Pane,White Metal,Glass,None,NA,Stone,151,bathroom,public bath,None,Two-Tone Tile Walls,For sale,1.0.0,Yes,RoomTexWallTwoToneTile04,6857,m9bGMPzT4cjdMddyY
peach wall,https://acnhcdn.com/latest/FtrIcon/RoomTexWallPeach00.png,No,NA,Yes,NFS,4000,Pink,Pink,NA,NA,Crafting,,NA,NA,Four Pane,Grey Wood,Glass,Roller Shades,White,Cloth,103,fancy,child's room,fruits,Fruit Walls,Not for sale,1.0.0,Yes,RoomTexWallPeach00,4918,cpGXBrDm4SXGAXraz
pear wall,https://acnhcdn.com/latest/FtrIcon/RoomTexWallPear00.png,No,NA,Yes,NFS,4000,Green,Green,NA,NA,Crafting,,NA,NA,Four Pane,Grey Wood,Glass,Roller Shades,White,Cloth,103,fancy,child's room,fruits,Fruit Walls,Not for sale,1.0.0,Yes,RoomTexWallPear00,4917,vtaaw7vsoJD8meQuM
perforated-board wall,https://acnhcdn.com/latest/FtrIcon/RoomTexWallPegboard01.png,No,NA,No,1180,295,Brown,Brown,1100,Poki,Nook's Cranny,,NA,NA,None,NA,NA,None,NA,Tile,151,music,facility,None,Pegboard Walls,For sale,1.0.0,Yes,RoomTexWallPegboard01,4921,BThQrmfp4EnBqyfv3
pharmacy-shelving wall,https://acnhcdn.com/latest/FtrIcon/RoomTexWallMedicineRoom00.png,No,NA,No,3000,750,White,Aqua,NA,NA,Saharah's Co-op,,NA,NA,None,NA,NA,None,NA,Tile,451,hospital,lab,None,WallFacility,Not for sale,2.0.0,Yes,RoomTexWallMedicineRoom00,12724,RsJaDrDCjLfrtCB9G
pink blossoming wall,https://acnhcdn.com/latest/FtrIcon/RoomTexWallCountry01.png,No,NA,No,1760,440,Pink,Brown,1600,Poki,Nook's Cranny,,NA,NA,Four Pane,Dark Wood,Glass,Curtains,Red Checkered,Wood,151,fancy,living room,None,Country,For sale,1.0.0,Yes,RoomTexWallCountry01,4895,zgZSrtarnCJG53AdD
pink diner wall,https://acnhcdn.com/latest/FtrIcon/RoomTexWallDiner01.png,No,NA,No,2420,605,Pink,Colorful,2200,Poki,Nook's Cranny,,NA,NA,Single Pane,White Metal,Glass,Slatted Blinds,White Plastic,Stone,151,restaurant,café,diner,Diner Walls,For sale,1.0.0,Yes,RoomTexWallDiner01,7242,MXeKHor4q66HH3GJs
pink flower-print wall,https://acnhcdn.com/latest/FtrIcon/RoomTexWallFlower00.png,No,NA,No,1780,445,Pink,Pink,1600,Poki,Nook's Cranny,,NA,NA,Four Pane,Natural Wood,Glass,Curtains,Pink,Wood,151,fancy,living room,None,Flower Walls,For sale,1.0.0,Yes,RoomTexWallFlower00,4893,eCN5rZb7sXsoWSCmW
pink heart-pattern wall,https://acnhcdn.com/latest/FtrIcon/RoomTexWallHeart01.png,No,NA,No,1280,320,Pink,Pink,1200,Poki,Nook's Cranny,,NA,NA,Four Pane,White Wood,Glass,Roller Shades,White,Cloth,151,fancy,child's room,None,Heart Walls,For sale,1.0.0,Yes,RoomTexWallHeart01,4875,4f732CJdDvXxHDQsd
pink painted-wood wall,https://acnhcdn.com/latest/FtrIcon/RoomTexWallPaintWood02.png,No,NA,No,1650,412,Pink,Pink,1500,Poki,Nook's Cranny,,NA,NA,Four Pane,White Wood,Glass,None,NA,Wood,151,living room,child's room,None,Painted Wood,For sale,1.0.0,Yes,RoomTexWallPaintWood02,4802,tjx2TsuHTcr4jaMHM
pink playroom wall,https://acnhcdn.com/latest/FtrIcon/RoomTexWallToy01.png,No,NA,No,2540,635,Pink,Pink,2300,Poki,Nook's Cranny,,NA,NA,Sliding Pane,White Metal,Glass,None,NA,Cloth,151,child's room,fancy,None,Toy Walls,For sale,1.0.0,Yes,RoomTexWallToy01,4889,xYNWemEyTsD9zG8iC
pink quilt wall,https://acnhcdn.com/latest/FtrIcon/RoomTexWallDollhouse00.png,No,NA,No,2150,537,Pink,White,1900,Poki,Nook's Cranny,,NA,NA,Four Pane,White Wood,Glass,Curtains,White Lace,Cloth,151,fancy,child's room,None,Dollhouse Walls,For sale,1.0.0,Yes,RoomTexWallDollhouse00,7274,gToedZLPo7MbMvpah
pink shanty wall,https://acnhcdn.com/latest/FtrIcon/RoomTexWallTin01.png,No,NA,No,620,155,Pink,Pink,560,Poki,Nook's Cranny,,NA,NA,Single Pane,Grey Wood,Glass,Slatted Blinds,White Plastic,Stone,151,workshop,construction site,None,Tin Walls,For sale,1.0.0,Yes,RoomTexWallTin01,4924,WfmPknxrLpp25SMbS
pink simple-cloth wall,https://acnhcdn.com/latest/FtrIcon/RoomTexWallSimple02.png,No,NA,No,750,187,Pink,Pink,680,Poki,Nook's Cranny,,NA,NA,Four Pane,White Wood,Glass,Curtains,White,Wood,151,child's room,living room,simple,Simple Walls,For sale,1.0.0,Yes,RoomTexWallSimple02,4868,mH2zs7NpfPgERmHwm
pink-crown wall,https://acnhcdn.com/latest/FtrIcon/RoomTexWallCrown02.png,No,NA,No,2350,587,Pink,White,2100,Poki,Nook's Cranny,,NA,NA,None,NA,NA,None,NA,Tile,151,fancy,restaurant,None,Crown Walls,For sale,1.0.0,Yes,RoomTexWallCrown02,4816,cwBg3xvzjfh2qm7Lg
pink-striped wall,https://acnhcdn.com/latest/FtrIcon/RoomTexWallStripe01.png,No,NA,No,1520,380,Pink,White,1400,Poki,Nook's Cranny,,NA,NA,Four Pane,White Wood,Glass,Roller Shades,White,Cloth,151,fancy,child's room,None,Stripe Walls,For sale,1.0.0,Yes,RoomTexWallStripe01,4943,Pwd2z87xxFm52tA28
pirate wall,https://acnhcdn.com/latest/FtrIcon/RoomSpWallPirates00.png,Yes,NA,No,NFS,750,Blue,Brown,NA,NA,Gullivarrr,,NA,NA,None,NA,NA,None,NA,Wood,451,ocean,expensive,pirate,Special Walls,Not for sale,1.3.0,Yes,RoomSpWallPirates00,12567,DydGczJz6fqyAZJuA
Pompompurin wall,https://acnhcdn.com/latest/FtrIcon/RoomTexWallPurin00.png,No,NA,No,3000,750,Yellow,Brown,NA,NA,Nook Shopping Promotion,Scan the associated Sanrio amiibo card,NA,NA,None,NA,NA,None,NA,Cloth,201,fancy,None,Pompompurin,Sanrio Walls,Not in catalog,1.9.0,Yes,RoomTexWallPurin00,10174,AzWS3tTqRkGWGcTZz
prom wall,https://acnhcdn.com/latest/FtrIcon/RoomSpWallBallroom00.png,Yes,Synchro,No,3000,750,Purple,Colorful,NA,NA,Nook Shopping Seasonal,,Prom,Yes,None,NA,NA,None,NA,Cloth,201,party,None,None,Special Walls,Seasonal,1.9.0,Yes,RoomSpWallBallroom00,14252,PSDiTRHahnqgc3vEY
purple camo wall,https://acnhcdn.com/latest/FtrIcon/RoomTexWallCamouflage02.png,No,NA,No,1150,287,Purple,Purple,1000,Poki,Nook's Cranny,,NA,NA,Single Pane,White Metal,Glass,Slatted Blinds,White Plastic,Cloth,151,party,child's room,None,Camouflage,For sale,1.0.0,Yes,RoomTexWallCamouflage02,4885,AY2jSyyAd4BD74xQ7
purple dotted wall,https://acnhcdn.com/latest/FtrIcon/RoomTexWallDot04.png,No,NA,No,1100,275,Purple,White,990,Poki,Nook's Cranny,,NA,NA,Four Pane,Natural Wood,Glass,Curtains,White,Wood,151,fancy,child's room,None,Dot,For sale,1.0.0,Yes,RoomTexWallDot04,4902,JRu4Xs5kYG4ognk2P
purple Moroccan wall,https://acnhcdn.com/latest/FtrIcon/RoomTexWallMorocco02.png,No,NA,No,2440,610,Purple,Purple,2200,Poki,Nook's Cranny,,NA,NA,Sliding Pane,White Metal,Glass,None,NA,Stone,151,bathroom,public bath,Moroccan,Morocco,For sale,1.0.0,Yes,RoomTexWallMorocco02,6864,2y5jPPPs3so7APToC
purple puzzle wall,https://acnhcdn.com/latest/FtrIcon/RoomTexWallPuzzle03.png,No,NA,No,1540,385,Purple,Colorful,1400,Poki,Nook's Cranny,,NA,NA,Single Pane,White Metal,Glass,Slatted Blinds,White Plastic,Cloth,151,fancy,child's room,None,Puzzle Walls,For sale,1.0.0,Yes,RoomTexWallPuzzle03,6875,iG8MR3f2F2jDsLjT9
purple quilt wall,https://acnhcdn.com/latest/FtrIcon/RoomTexWallDollhouse03.png,No,NA,No,2150,537,Purple,White,1900,Poki,Nook's Cranny,,NA,NA,Four Pane,White Wood,Glass,Curtains,White Lace,Cloth,151,fancy,child's room,None,Dollhouse Walls,For sale,1.0.0,Yes,RoomTexWallDollhouse03,7275,tmY5uczEnYXA6fdeQ
purple-rose wall,https://acnhcdn.com/latest/FtrIcon/RoomTexWallRose01.png,No,NA,No,1720,430,Purple,Purple,1500,Poki,Nook's Cranny,,NA,NA,Arch,Grey Metal,Glass,None,NA,Wood,151,fancy,child's room,None,Rose Walls,For sale,1.0.0,Yes,RoomTexWallRose01,4907,kHEHhFZSfDXTHtZAa
rammed-earth wall,https://acnhcdn.com/latest/FtrIcon/RoomTexWallHanchiku00.png,No,NA,No,1800,450,Brown,Beige,1600,Poki,Nook's Cranny,,NA,NA,None,NA,NA,None,NA,Stone,151,heritage,harmonious,None,Stone Walls,For sale,1.0.0,Yes,RoomTexWallHanchiku00,4845,9AafcLh3QkLp2tdWj
ramshackle wall,https://acnhcdn.com/latest/FtrIcon/RoomTexWallRuins00.png,No,NA,No,3000,750,Brown,Beige,NA,NA,Saharah; Saharah's Co-op,,NA,NA,Four Pane,Dark Wood,Glass,None,NA,Stone,451,horror,None,None,Stone Walls,Not for sale,1.0.0,Yes,RoomTexWallRuins00,5225,bTb98gEchXobwaqdt
red art-deco wall,https://acnhcdn.com/latest/FtrIcon/RoomTexWallArtDeco01.png,No,NA,No,2780,695,Red,Black,2500,Poki,Nook's Cranny,,NA,NA,Arch,Grey Metal,Glass,None,NA,Wood,151,European,living room,None,Art Deco Walls,For sale,1.0.0,Yes,RoomTexWallArtDeco01,4818,R3zgKkrxc3ar4y9A8
red delicate-blooms wall,https://acnhcdn.com/latest/FtrIcon/RoomTexWallManor01.png,No,NA,No,1900,475,Red,Brown,1700,Poki,Nook's Cranny,,NA,NA,Four Pane,Dark Wood,Glass,Roller Shades,Undyed,Wood,151,expensive,living room,None,Manor Walls,For sale,1.0.0,Yes,RoomTexWallManor01,4897,F7oWFwEAh4evtkJcb
red dotted wall,https://acnhcdn.com/latest/FtrIcon/RoomTexWallDot02.png,No,NA,No,1100,275,Red,Red,990,Poki,Nook's Cranny,,NA,NA,Four Pane,White Wood,Glass,Curtains,White,Wood,151,fancy,child's room,None,Dot,For sale,1.0.0,Yes,RoomTexWallDot02,4900,3mfqbt8sXR88eDfTk
red heart-pattern wall,https://acnhcdn.com/latest/FtrIcon/RoomTexWallHeart03.png,No,NA,No,1280,320,Red,Red,1200,Poki,Nook's Cranny,,NA,NA,Four Pane,White Wood,Glass,Roller Shades,White,Cloth,151,fancy,child's room,None,Heart Walls,For sale,1.0.0,Yes,RoomTexWallHeart03,6870,TPrtAkkWJa7KpLady
red intricate wall,https://acnhcdn.com/latest/FtrIcon/RoomTexWallFlowerPop03.png,No,NA,No,1570,392,Red,White,1400,Poki,Nook's Cranny,,NA,NA,Four Pane,Grey Wood,Glass,Roller Shades,White,Wood,151,living room,shop,None,Flower Pop Walls,For sale,1.0.0,Yes,RoomTexWallFlowerPop03,6879,yasngHr44QgXc9tYs
red locker-room wall,https://acnhcdn.com/latest/FtrIcon/RoomTexWallLocker00.png,No,NA,No,3000,750,Red,White,NA,NA,Saharah's Co-op,,NA,NA,None,NA,NA,None,NA,Tile,451,school,None,None,Iron Walls,Not for sale,2.0.0,Yes,RoomTexWallLocker00,12849,9KJS7LeM7STiSXYKH
red perforated-board wall,https://acnhcdn.com/latest/FtrIcon/RoomTexWallPegboard03.png,No,NA,No,1180,295,Red,Red,1100,Poki,Nook's Cranny,,NA,NA,None,NA,NA,None,NA,Tile,151,music,facility,None,Pegboard Walls,For sale,1.0.0,Yes,RoomTexWallPegboard03,6853,TCLSE3BdkCQeiM7wX
red two-toned tile wall,https://acnhcdn.com/latest/FtrIcon/RoomTexWallTwoToneTile03.png,No,NA,No,1850,462,Red,Red,1700,Poki,Nook's Cranny,,NA,NA,Sliding Pane,White Metal,Glass,None,NA,Stone,151,bathroom,public bath,None,Two-Tone Tile Walls,For sale,1.0.0,Yes,RoomTexWallTwoToneTile03,6856,u9dKmtft32t4cxxiW
red-brick wall,https://acnhcdn.com/latest/FtrIcon/RoomTexWallBrick01.png,No,NA,No,1000,250,Red,Brown,900,Poki,Nook's Cranny,,NA,NA,Four Pane,Dark Wood,Glass,None,NA,Wood,151,city life,amusement park,None,Brick,For sale,1.0.0,Yes,RoomTexWallBrick01,4928,Hu3jyiCP23j78PCdX
retro flower-print wall,https://acnhcdn.com/latest/FtrIcon/RoomTexWallKitsch00.png,No,NA,No,1660,415,Green,Green,1500,Poki,Nook's Cranny,,NA,NA,Four Pane,White Wood,Glass,Curtains,White Lace,Wood,151,fancy,living room,None,Cloth Walls,For sale,1.0.0,Yes,RoomTexWallKitsch00,4847,MdWwebM7zyeBdykxp
retro restaurant wall,https://acnhcdn.com/latest/FtrIcon/RoomTexWallRestaurant00.png,No,NA,No,3000,750,Brown,Beige,NA,NA,Saharah's Co-op,,NA,NA,None,NA,NA,None,NA,Wood,451,restaurant,retro,None,Brick,Not for sale,2.0.0,Yes,RoomTexWallRestaurant00,12907,HCYc3GcoJqWhMM7nc
rice-paddy wall,https://acnhcdn.com/latest/FtrIcon/RoomSpWallFarm00.png,Yes,Synchro,No,3000,750,Aqua,Green,NA,NA,Saharah; Saharah's Co-op,,NA,NA,None,NA,NA,None,NA,Plain,451,nature,local,None,Special Cool Nature Walls,Not for sale,1.0.0,Yes,RoomSpWallFarm00,5487,TnHvGeJGKioxc95mH
ringside seating,https://acnhcdn.com/latest/FtrIcon/RoomSpWallWrestling00.png,Yes,NA,No,3000,750,Black,Black,NA,NA,Saharah; Saharah's Co-op,,NA,NA,None,NA,NA,None,NA,Plain,451,sports,None,None,Special Walls,Not for sale,1.0.0,Yes,RoomSpWallWrestling00,5512,bg9rQRYAbzeD8rLCw
robo-wall,https://acnhcdn.com/latest/FtrIcon/RoomTexWallRobo00.png,No,NA,No,3000,750,Gray,Gray,NA,NA,Saharah's Co-op,,NA,NA,None,NA,NA,None,NA,Tile,451,sci-fi,lab,None,Iron Walls,Not for sale,2.0.0,Yes,RoomTexWallRobo00,5455,hJZQA7tyayEK3spG6
rock-climbing wall,https://acnhcdn.com/latest/FtrIcon/RoomTexWallBouldering00.png,No,NA,No,3000,750,White,Colorful,NA,NA,Saharah; Saharah's Co-op,,NA,NA,None,NA,NA,None,NA,Stone,451,fitness,sports,None,Neta Walls,Not for sale,1.0.0,Yes,RoomTexWallBouldering00,4851,CRvqDNWfXzY2ibXvG
Room Sketch wall,https://acnhcdn.com/latest/FtrIcon/RoomSpWallSketch00.png,Yes,NA,No,NFS,750,White,White,2700,Poki,Wardell,,Happy Home Paradise,Yes,None,NA,NA,None,NA,Plain,151,None,None,None,Special Inorganic Walls,Not for sale,2.0.0,Yes,RoomSpWallSketch00,14896,faa5CutSpc3i8ZSY8
rope-net wall,https://acnhcdn.com/latest/FtrIcon/RoomSpWallRopenet00.png,Yes,NA,Yes,NFS,2200,Brown,Beige,NA,NA,Crafting,,NA,NA,None,NA,NA,None,NA,Plain,103,nature,park,None,Nature Walls,Not for sale,2.0.0,Yes,RoomSpWallRopenet00,13875,kjhatSss6jpDHcG5j
rose wall,https://acnhcdn.com/latest/FtrIcon/RoomTexWallRose00.png,No,NA,No,1720,430,Red,White,1500,Poki,Nook's Cranny,,NA,NA,Arch,Wood,Glass,None,NA,Wood,151,fancy,child's room,None,Rose Walls,For sale,1.0.0,Yes,RoomTexWallRose00,4906,azgSWFRcgeuopRWrH
ruins wall,https://acnhcdn.com/latest/FtrIcon/RoomTexWallRemains00.png,No,NA,No,3000,750,Black,Gray,NA,NA,Saharah; Saharah's Co-op,,NA,NA,None,NA,NA,None,NA,Stone,451,horror,ancient,None,Nature Walls,Not for sale,1.0.0,Yes,RoomTexWallRemains00,5228,ZHiKhqts5brebhYH9
rustic-stone wall,https://acnhcdn.com/latest/FtrIcon/RoomTexWallStone00.png,No,NA,Yes,NFS,1750,Gray,Gray,NA,NA,Crafting,,NA,NA,Four Pane,Dark Wood,Glass,None,NA,Stone,103,European,ancient,None,Stone Walls,Not for sale,1.0.0,Yes,RoomTexWallStone00,4813,xP7S673w2oNwNHowp
sakura-wood wall,https://acnhcdn.com/latest/FtrIcon/RoomTexWallSolidWood00.png,No,NA,Yes,NFS,3200,Pink,Pink,NA,NA,Crafting,,cherry-blossom petals,Yes,Four Pane,Grey Wood,Glass,Curtains,Pink,Wood,201,child's room,fancy,cherry blossoms,Wood Walls,Not for sale,1.0.0,Yes,RoomTexWallSolidWood00,4947,jFtMrj8NBC3o4ALzG
sci-fi wall,https://acnhcdn.com/latest/FtrIcon/RoomSpWallSF00.png,Yes,Random,Yes,NFS,7500,Black,Black,NA,NA,Crafting,,NA,NA,None,NA,NA,None,NA,Tile,103,space,sci-fi,None,Special Inorganic Walls,Not for sale,1.0.0,Yes,RoomSpWallSF00,5510,y48TLWMbXCbrWQp5a
screen wall,https://acnhcdn.com/latest/FtrIcon/RoomTexWallFusuma00.png,No,NA,No,3000,750,White,White,2700,Poki,Nook's Cranny,,NA,NA,None,NA,NA,None,NA,Wood,151,harmonious,retro,None,Japanese Style,For sale,1.0.0,Yes,RoomTexWallFusuma00,4819,wk4ST89FjabXnZPXy
sea view,https://acnhcdn.com/latest/FtrIcon/RoomSpWallSeaView00.png,Yes,Synchro,No,3000,750,Aqua,Blue,NA,NA,Saharah; Saharah's Co-op,,NA,NA,None,NA,NA,None,NA,Plain,451,ocean,fantasy,None,Special Cool Nature Walls,Not for sale,1.0.0,Yes,RoomSpWallSeaView00,5501,fHQn9EzoTxznm7nJ9
security-monitors wall,https://acnhcdn.com/latest/FtrIcon/RoomSpWallMonitor00.png,Yes,Random,No,3000,750,Black,Gray,NA,NA,Saharah; Saharah's Co-op,,NA,NA,None,NA,NA,None,NA,Tile,451,facility,sci-fi,None,Special Inorganic Walls,Not for sale,1.0.0,Yes,RoomSpWallMonitor00,5491,N6T3rBvQdYoJoXkrH
sepia puzzle wall,https://acnhcdn.com/latest/FtrIcon/RoomTexWallPuzzle02.png,No,NA,No,1540,385,Beige,Colorful,1400,Poki,Nook's Cranny,,NA,NA,Single Pane,White Metal,Glass,Slatted Blinds,White Plastic,Cloth,151,fancy,child's room,None,Puzzle Walls,For sale,1.0.0,Yes,RoomTexWallPuzzle02,6874,2mtYv7D25wDqMWi6P
server-room wall,https://acnhcdn.com/latest/FtrIcon/RoomSpWallServer00.png,Yes,Random,No,3000,750,Black,Black,NA,NA,Saharah; Saharah's Co-op,,NA,NA,None,NA,NA,None,NA,Tile,451,facility,sci-fi,None,Special Inorganic Walls,Not for sale,1.0.0,Yes,RoomSpWallServer00,5490,ycnhxNaWfeXEq5x7A
shoji screen,https://acnhcdn.com/latest/FtrIcon/RoomSpWallShoji00.png,Yes,NA,No,1880,470,Beige,White,1700,Poki,Nook's Cranny,,NA,NA,None,NA,NA,None,NA,Wood,151,harmonious,retro,None,Japanese Style,For sale,1.0.0,Yes,RoomSpWallShoji00,4863,5RdqeAZAvdCR5QxqM
shutter wall,https://acnhcdn.com/latest/FtrIcon/RoomTexWallShutter00.png,No,NA,No,3000,750,White,Gray,NA,NA,Saharah; Saharah's Co-op,,NA,NA,None,NA,NA,None,NA,Stone,451,facility,workshop,None,Iron Walls,Not for sale,1.0.0,Yes,RoomTexWallShutter00,4825,4ez74JDpR9kmiroQr
ski-slope wall,https://acnhcdn.com/latest/FtrIcon/RoomSpWallGelande00.png,Yes,Synchro,Yes,NFS,3200,White,White,NA,NA,Crafting,,snowflakes,Yes,None,NA,NA,None,NA,Plain,201,freezing cold,None,None,Special Cool Nature Walls,Not for sale,1.0.0,Yes,RoomSpWallGelande00,5498,hCdDcFDBWEe6pmctp
skull wall,https://acnhcdn.com/latest/FtrIcon/RoomSpWallSkull00.png,Yes,LightOff,No,3000,750,Black,Black,2700,Poki,Nook's Cranny,,NA,NA,Single Pane,Black Metal,Glass,Slatted Blinds,Black Plastic,Cloth,151,horror,child's room,None,Special Inorganic Walls,For sale,1.0.0,Yes,RoomSpWallSkull00,5520,7GLt2YDxMDyp8EJth
sky wall,https://acnhcdn.com/latest/FtrIcon/RoomSpWallCloud00.png,Yes,Synchro,No,3000,750,Aqua,White,NA,NA,Saharah; Saharah's Co-op,,NA,NA,None,NA,NA,None,NA,Plain,451,fancy,None,None,Special Cool Nature Walls,Not for sale,1.0.0,Yes,RoomSpWallCloud00,5504,9YmTrPqSZRCvxRtLi
skyscraper wall,https://acnhcdn.com/latest/FtrIcon/RoomTexWallSkyscraper00.png,No,NA,No,3000,750,Black,Gray,NA,NA,Saharah; Saharah's Co-op,,NA,NA,None,NA,NA,None,NA,Stone,451,expensive,city life,None,Neta Walls,Not for sale,1.0.0,Yes,RoomTexWallSkyscraper00,4852,Ah36ZRM9QBHBt7HZF
snowflake wall,https://acnhcdn.com/latest/FtrIcon/RoomTexWallSnowCrystal00.png,No,NA,Yes,NFS,4800,Aqua,Aqua,NA,NA,Crafting,,snowflakes,Yes,Four Pane,Grey Wood,Glass,Roller Shades,White,Cloth,201,freezing cold,fancy,None,Cloth Walls,Not for sale,1.0.0,Yes,RoomTexWallSnowCrystal00,4855,w5MEjbgphAwDo42mk
soothing tearoom wall,https://acnhcdn.com/latest/FtrIcon/RoomTexWallMud01.png,No,NA,No,1750,437,White,Beige,1600,Poki,Nook's Cranny,,NA,NA,Circle,Natural Wood,Screen,None,NA,Wood,151,harmonious,retro,None,Tea Room Walls,For sale,1.0.0,Yes,RoomTexWallMud01,11177,Bke28iGoY3LhDagx4
spooky wall,https://acnhcdn.com/latest/FtrIcon/RoomTexWallHalloween00.png,No,NA,No,NFS,3000,Orange,Purple,NA,NA,All villagers,Trade candy or a lollipop with a villager,Halloween,Yes,Four Pane,Dark Wood,Glass,None,NA,Cloth,231,horror,party,spooky,Stripe Walls,Not for sale,1.5.0,Yes,RoomTexWallHalloween00,13224,hD6Y9zX2se2nKpxWy
stacked-wood wall,https://acnhcdn.com/latest/FtrIcon/RoomTexWallFireWood00.png,No,NA,Yes,NFS,1800,Brown,Brown,NA,NA,Crafting,,NA,NA,None,NA,NA,None,NA,Wood,103,workshop,facility,None,Wood Walls,Not for sale,1.0.0,Yes,RoomTexWallFireWood00,4844,TZi9bo7GYzJxPJNNe
stadium wall,https://acnhcdn.com/latest/FtrIcon/RoomSpWallStadium00.png,Yes,NA,No,3000,750,Colorful,Colorful,NA,NA,Saharah; Saharah's Co-op,,NA,NA,None,NA,NA,None,NA,Plain,451,sports,None,None,Special Cool Nature Walls,Not for sale,1.0.0,Yes,RoomSpWallStadium00,5503,oJoGTXMzLnYTpdBaf
standard tearoom wall,https://acnhcdn.com/latest/FtrIcon/RoomTexWallMud00.png,No,NA,No,1750,437,Green,Green,1600,Poki,Nook's Cranny,,NA,NA,Circle,Natural Wood,Screen,None,NA,Wood,151,harmonious,None,None,Tea Room Walls,For sale,1.0.0,Yes,RoomTexWallMud00,5521,4Zv8KLzxrsm6k53pN
starry wall,https://acnhcdn.com/latest/FtrIcon/RoomSpWallStarPrint00.png,Yes,LightOff,Yes,NFS,7500,Gray,White,NA,NA,Crafting,,NA,NA,Four Pane,White Wood,Glass,Roller Shades,White,Cloth,103,fancy,child's room,None,Special Cool Nature Walls,Not for sale,1.0.0,Yes,RoomSpWallStarPrint00,5528,sjnLXANKDEPMzdGbn
starry-sky wall,https://acnhcdn.com/latest/FtrIcon/RoomSpWallStarSky00.png,Yes,NA,Yes,NFS,7500,Blue,Blue,NA,NA,Crafting,,NA,NA,None,NA,NA,None,NA,Plain,103,space,fantasy,stars,Special Cool Nature Walls,Not for sale,1.0.0,Yes,RoomSpWallStarSky00,5500,iMQgW8pWYPWbj9Qom
stately wall,https://acnhcdn.com/latest/FtrIcon/RoomTexWallRenaissance00.png,No,NA,No,2450,612,White,White,2200,Poki,Nook's Cranny,,NA,NA,None,NA,NA,None,NA,Stone,151,expensive,European,None,Asia,For sale,1.0.0,Yes,RoomTexWallRenaissance00,4861,BdPATBHc8m7YvJzwP
steampunk wall,https://acnhcdn.com/latest/FtrIcon/RoomTexWallSteampunk00.png,No,NA,No,3000,750,Brown,Black,NA,NA,Saharah's Co-op,,NA,NA,None,NA,NA,None,NA,Stone,451,sci-fi,lab,None,Iron Walls,Not for sale,2.0.0,Yes,RoomTexWallSteampunk00,4937,DhX6XzLy3Bg7s4owN
steel-frame wall,https://acnhcdn.com/latest/FtrIcon/RoomTexWallSteel00.png,No,NA,Yes,NFS,6000,Red,Gray,NA,NA,Crafting,,NA,NA,None,NA,NA,None,NA,Stone,103,workshop,construction site,None,Iron Walls,Not for sale,1.0.0,Yes,RoomTexWallSteel00,4801,K2uSKanJ3r6bQt6MG
stone wall,https://acnhcdn.com/latest/FtrIcon/RoomTexWallBasement00.png,No,NA,Yes,NFS,1500,Black,Gray,NA,NA,Crafting,,NA,NA,None,NA,NA,None,NA,Stone,103,horror,ancient,None,Stone Walls,Not for sale,1.0.0,Yes,RoomTexWallBasement00,5216,8hnPcADHfoEpvgSAS
stormy-night wall,https://acnhcdn.com/latest/FtrIcon/RoomSpWallThunder00.png,Yes,Random,No,3000,750,Black,Gray,NA,NA,Saharah; Saharah's Co-op,,NA,NA,None,NA,NA,None,NA,Plain,451,horror,None,None,Special Warm Nature Walls,Not for sale,1.0.0,Yes,RoomSpWallThunder00,5499,Y3sjyMeHtDFcdBfrM
straw wall,https://acnhcdn.com/latest/FtrIcon/RoomTexWallStraw00.png,No,NA,No,3000,750,Beige,Beige,NA,NA,Saharah; Saharah's Co-op,,NA,NA,None,NA,NA,None,NA,Stone,451,heritage,retro,None,Wood Walls,Not for sale,1.0.0,Yes,RoomTexWallStraw00,5217,u3orRaGAX2iwdtCLG
strawberry-chocolate wall,https://acnhcdn.com/latest/FtrIcon/RoomTexWallChocolate02.png,No,NA,No,3000,750,Pink,Pink,NA,NA,Saharah; Saharah's Co-op,,NA,NA,None,NA,NA,None,NA,Tile,451,fancy,None,None,Chocolate,Not for sale,1.0.0,Yes,RoomTexWallChocolate02,4934,G5QeNa2L26MwuCexA
street-art wall,https://acnhcdn.com/latest/FtrIcon/RoomTexWallStreetArt00.png,No,NA,No,3000,750,Colorful,Colorful,NA,NA,Saharah; Saharah's Co-op,,NA,NA,None,NA,NA,None,NA,Stone,451,workshop,city life,None,Neta Walls,Not for sale,1.0.0,Yes,RoomTexWallStreetArt00,5221,88hCuytidryqimPXr
summit wall,https://acnhcdn.com/latest/FtrIcon/RoomSpWallMountainTop00.png,Yes,Synchro,No,3000,750,Black,White,NA,NA,Saharah; Saharah's Co-op,,NA,NA,None,NA,NA,None,NA,Plain,451,nature,outdoors,None,Special Cool Nature Walls,Not for sale,1.0.0,Yes,RoomSpWallMountainTop00,5513,hFmF2iNjDvLGfF3Rf
supermarket wall,https://acnhcdn.com/latest/FtrIcon/RoomTexWallSupermarket00.png,No,NA,No,3000,750,Colorful,Colorful,NA,NA,Saharah's Co-op,,NA,NA,None,NA,NA,None,NA,Tile,451,shop,supermarket,None,WallFacility,Not for sale,2.0.0,Yes,RoomTexWallSupermarket00,5220,tttMaoMYDWcGjpCSD
tent wall,https://acnhcdn.com/latest/FtrIcon/RoomTexWallGlamping00.png,No,NA,No,3000,750,Beige,Beige,NA,NA,Saharah's Co-op,,NA,NA,None,NA,NA,None,NA,Cloth,451,outdoors,facility,None,Simple Walls,Not for sale,2.0.0,Yes,RoomTexWallGlamping00,13435,T5kHeh2QvsQNQ5avc
train-window wall,https://acnhcdn.com/latest/FtrIcon/RoomSpWallTrain00.png,Yes,Synchro,No,3000,750,Beige,Black,NA,NA,Saharah's Co-op,,NA,NA,None,NA,NA,None,NA,Tile,451,facility,None,None,Special Walls,Not for sale,2.0.0,Yes,RoomSpWallTrain00,5496,pkPNcpqbtoB3fNmCT
tree-lined wall,https://acnhcdn.com/latest/FtrIcon/RoomTexWallRoadsideTree00.png,No,NA,No,3000,750,Green,Aqua,NA,NA,Saharah; Saharah's Co-op,,NA,NA,None,NA,NA,None,NA,Stone,451,city life,local,None,Nature Walls,Not for sale,1.0.0,Yes,RoomTexWallRoadsideTree00,5456,aLzrLXC7Nyk6h6pDw
tropical vista,https://acnhcdn.com/latest/FtrIcon/RoomSpWallTropical00.png,Yes,Synchro,Yes,NFS,6000,Aqua,Beige,NA,NA,Crafting,,summer shells,Yes,None,NA,NA,None,NA,Plain,201,ocean,resort,None,Special Cool Nature Walls,Not for sale,1.0.0,Yes,RoomSpWallTropical00,5661,sZgNFwEcxpLSAxB4X
Turkey Day wall,https://acnhcdn.com/latest/FtrIcon/RoomTexWallHarvest00.png,No,NA,No,NFS,750,Beige,Beige,NA,NA,Franklin,Reward for giving Franklin the requested ingredients,Turkey Day,Yes,None,NA,NA,None,NA,Cloth,351,party,None,Turkey Day,Cloth Walls,Not for sale,1.6.0,Yes,RoomTexWallHarvest00,13318,FofB2mpArZFhp3QJC
underwater wall,https://acnhcdn.com/latest/FtrIcon/RoomSpWallFishTank00.png,Yes,Synchro,Yes,NFS,8600,Blue,Aqua,NA,NA,Crafting,,summer shells,Yes,None,NA,NA,None,NA,Plain,201,ocean,None,None,Special Cool Nature Walls,Not for sale,1.0.0,Yes,RoomSpWallFishTank00,5508,QXNnruZcwJursNmjP
wavy-tile wall,https://acnhcdn.com/latest/FtrIcon/RoomTexWallWaveTile00.png,No,NA,No,1740,435,Gray,White,1600,Poki,Nook's Cranny,,NA,NA,None,NA,NA,None,NA,Stone,151,shop,facility,None,Tile Walls,For sale,1.0.0,Yes,RoomTexWallWaveTile00,4832,eLQ2JDZKjrzcnP9gn
wedding-party wall,https://acnhcdn.com/latest/FtrIcon/RoomTexWallJuneBride00.png,No,NA,No,NFS,437,White,White,12,Heart Crystals,Cyrus,,Wedding Season,Yes,None,NA,NA,None,NA,Stone,437,party,expensive,wedding,Cloth Walls,Not for sale,1.2.0,Yes,RoomTexWallJuneBride00,12461,xT6kyFtbGPpR8nRM3
western vista,https://acnhcdn.com/latest/FtrIcon/RoomSpWallWilderness00.png,Yes,Synchro,No,3000,750,Brown,Beige,NA,NA,Saharah; Saharah's Co-op,,NA,NA,None,NA,NA,None,NA,Plain,451,local,ancient,None,Special Cool Nature Walls,Not for sale,1.0.0,Yes,RoomSpWallWilderness00,5489,tYFKmm4XzGGGQAcfG
white botanical-tile wall,https://acnhcdn.com/latest/FtrIcon/RoomTexWallWoodTile00.png,No,NA,No,1240,310,White,White,1100,Poki,Nook's Cranny,,NA,NA,Single Pane,White Wood,Glass,Slatted Blinds,White Plastic,Stone,151,facility,expensive,None,Wood Tile Walls,For sale,1.0.0,Yes,RoomTexWallWoodTile00,4826,QyrvwKiKMmNvm7KxR
white delicate-blooms wall,https://acnhcdn.com/latest/FtrIcon/RoomTexWallManor00.png,No,NA,No,1900,475,White,White,1700,Poki,Nook's Cranny,,NA,NA,Four Pane,Dark Wood,Glass,Roller Shades,Undyed,Wood,151,expensive,living room,None,Manor Walls,For sale,1.0.0,Yes,RoomTexWallManor00,4891,ZDpt8b6TTGr2hihP5
white European-style wall,https://acnhcdn.com/latest/FtrIcon/RoomSpWallFrench00.png,Yes,NA,No,3000,750,White,Aqua,NA,NA,Saharah's Co-op,,NA,NA,None,NA,NA,None,NA,Stone,451,European,restaurant,None,Special Walls,Not for sale,2.0.0,Yes,RoomSpWallFrench00,12906,itpyDq45huqbfAcqB
white hallway wall,https://acnhcdn.com/latest/FtrIcon/RoomTexWallHall02.png,No,NA,No,2000,500,White,White,1800,Poki,Nook's Cranny,,NA,NA,None,NA,NA,None,NA,Wood,151,facility,music,None,Hall Walls,For sale,1.0.0,Yes,RoomTexWallHall02,6861,HZoM3iHpKrQPBK2Gh
white honeycomb-tile wall,https://acnhcdn.com/latest/FtrIcon/RoomTexWallHoneycomb03.png,No,NA,No,1680,420,White,White,1500,Poki,Nook's Cranny,,NA,NA,Sliding Pane,White Metal,Glass,None,NA,Stone,151,bathroom,public bath,None,Honeycomb,For sale,1.0.0,Yes,RoomTexWallHoneycomb03,4914,K8mdzBZZeBLxZEAzZ
white painted-wood wall,https://acnhcdn.com/latest/FtrIcon/RoomTexWallPaintWood03.png,No,NA,No,1650,412,White,White,1500,Poki,Nook's Cranny,,NA,NA,Four Pane,White Wood,Glass,None,NA,Wood,151,living room,child's room,None,Painted Wood,For sale,1.0.0,Yes,RoomTexWallPaintWood03,4803,cN4bnHaw4mruhnMZk
white perforated-board wall,https://acnhcdn.com/latest/FtrIcon/RoomTexWallPegboard00.png,No,NA,No,1180,295,White,White,1100,Poki,Nook's Cranny,,NA,NA,None,NA,NA,None,NA,Tile,151,music,facility,None,Pegboard Walls,For sale,1.0.0,Yes,RoomTexWallPegboard00,4920,krohWS7x49N2hCKrF
white simple-cloth wall,https://acnhcdn.com/latest/FtrIcon/RoomTexWallSimple00.png,No,NA,No,750,187,White,White,680,Poki,Nook's Cranny,,NA,NA,Four Pane,Light Wood,Glass,Curtains,White,Wood,151,child's room,living room,simple,Simple Walls,For sale,1.0.0,Yes,RoomTexWallSimple00,4939,z2Zh2fzFwCbvMDm8J
white subway-tile wall,https://acnhcdn.com/latest/FtrIcon/RoomTexWallMetro01.png,No,NA,No,1340,335,White,White,1200,Poki,Nook's Cranny,,NA,NA,Sliding Pane,White Metal,Glass,None,NA,Stone,151,facility,shop,None,Metro Walls,For sale,1.0.0,Yes,RoomTexWallMetro01,4941,ajXm5zy9pwf7XEyHF
white wedding wall,https://acnhcdn.com/latest/FtrIcon/RoomSpWallChurch00.png,Yes,NA,No,NFS,750,White,Pink,12,Heart Crystals,Cyrus,,Wedding Season,Yes,None,NA,NA,None,NA,Stone,437,party,expensive,wedding,Cloth Walls,Not for sale,1.2.0,Yes,RoomSpWallChurch00,12466,mKuptCLkH2MknX2PN
white window-panel wall,https://acnhcdn.com/latest/FtrIcon/RoomSpWallWindow00.png,Yes,NA,No,2800,700,White,Aqua,2500,Poki,Nook's Cranny,,NA,NA,None,NA,NA,None,NA,Stone,151,None,None,None,Special Walls,For sale,2.0.0,Yes,RoomSpWallWindow00,13332,DZQQvsrgHThm5gHZZ
white-brick wall,https://acnhcdn.com/latest/FtrIcon/RoomTexWallBrick00.png,No,NA,No,1000,250,White,White,900,Poki,Nook's Cranny,,NA,NA,Four Pane,White Wood,Glass,None,NA,Wood,151,café,city life,None,Brick,For sale,1.0.0,Yes,RoomTexWallBrick00,4927,htjwxjceb2hc6GxjX
white-chocolate wall,https://acnhcdn.com/latest/FtrIcon/RoomTexWallChocolate01.png,No,NA,No,3000,750,White,Beige,NA,NA,Saharah; Saharah's Co-op,,NA,NA,None,NA,NA,None,NA,Tile,451,fancy,None,None,Chocolate,Not for sale,1.0.0,Yes,RoomTexWallChocolate01,4933,6qMhFdc2nDSvJSCfT
white-rose wall,https://acnhcdn.com/latest/FtrIcon/RoomTexWallRose02.png,No,NA,No,1720,430,Pink,White,1500,Poki,Nook's Cranny,,NA,NA,Arch,Grey Metal,Glass,None,NA,Wood,151,fancy,child's room,None,Rose Walls,For sale,1.0.0,Yes,RoomTexWallRose02,6868,yksDvcnnKqM7tnzas
white-shelving wall,https://acnhcdn.com/latest/FtrIcon/RoomTexWallShelf00.png,No,NA,No,3000,750,White,White,NA,NA,Saharah's Co-op,,NA,NA,None,NA,NA,None,NA,Wood,451,apparel shop,workshop,None,WallFacility,Not for sale,2.0.0,Yes,RoomTexWallShelf00,12912,sNhncamcj9AS7Fq2Z
wild-wood wall,https://acnhcdn.com/latest/FtrIcon/RoomTexWallWildWood00.png,No,NA,Yes,NFS,1800,Black,Black,NA,NA,Crafting,,NA,NA,Single Pane,Dark Wood,Glass,Slatted Blinds,Dark Brown Wood,Stone,103,living room,restaurant,None,Wood Walls,Not for sale,1.0.0,Yes,RoomTexWallWildWood00,4858,vhJr7B96SnG3xQQCs
wooden-knot wall,https://acnhcdn.com/latest/FtrIcon/RoomTexWallCedar00.png,No,NA,Yes,NFS,1800,Brown,Brown,NA,NA,Crafting,,NA,NA,Four Pane,Natural Wood,Glass,Roller Shades,Undyed,Wood,103,living room,child's room,None,Wood Walls,Not for sale,1.0.0,Yes,RoomTexWallCedar00,4911,puQYs9hygxfcQWsjt
wooden-mosaic wall,https://acnhcdn.com/latest/FtrIcon/RoomTexWallMixPlankWood00.png,No,NA,Yes,NFS,1800,Brown,Brown,NA,NA,Crafting,,NA,NA,Single Pane,Natural Wood,Glass,Slatted Blinds,Brown Wood,Stone,103,living room,shop,None,Wood Plank Walls,Not for sale,1.0.0,Yes,RoomTexWallMixPlankWood00,4859,RgzoarteJyzD4xSAm
woodland wall,https://acnhcdn.com/latest/FtrIcon/RoomTexWallJukai00.png,No,NA,Yes,NFS,1380,Green,Green,NA,NA,Crafting,,NA,NA,None,NA,NA,None,NA,Stone,103,horror,nature,None,Nature Walls,Not for sale,1.0.0,Yes,RoomTexWallJukai00,5223,2B4YTYqnm64vgANY4
yellow flower-print wall,https://acnhcdn.com/latest/FtrIcon/RoomTexWallFlower02.png,No,NA,No,1780,445,Yellow,Yellow,1600,Poki,Nook's Cranny,,NA,NA,Four Pane,Dark Wood,Glass,Curtains,Yellow,Wood,151,fancy,living room,None,Flower Walls,For sale,1.0.0,Yes,RoomTexWallFlower02,6872,esknqzcAenk8uqzYk
yellow heart-pattern wall,https://acnhcdn.com/latest/FtrIcon/RoomTexWallHeart02.png,No,NA,No,1280,320,Yellow,Yellow,1200,Poki,Nook's Cranny,,NA,NA,Four Pane,White Wood,Glass,Roller Shades,White,Cloth,151,fancy,child's room,None,Heart Walls,For sale,1.0.0,Yes,RoomTexWallHeart02,6871,BqWMEqc2tL8CnPAmd
yellow intricate wall,https://acnhcdn.com/latest/FtrIcon/RoomTexWallFlowerPop01.png,No,NA,No,1570,392,Yellow,White,1400,Poki,Nook's Cranny,,NA,NA,Four Pane,Grey Wood,Glass,Roller Shades,White,Wood,151,living room,shop,None,Flower Pop Walls,For sale,1.0.0,Yes,RoomTexWallFlowerPop01,4849,FrZas8MjMdjDTPvkX
yellow playroom wall,https://acnhcdn.com/latest/FtrIcon/RoomTexWallToy03.png,No,NA,No,2540,635,Yellow,Yellow,2300,Poki,Nook's Cranny,,NA,NA,Sliding Pane,White Metal,Glass,None,NA,Cloth,151,child's room,fancy,None,Toy Walls,For sale,1.0.0,Yes,RoomTexWallToy03,6865,mraytANoYBQvA8qAk
yellow quilt wall,https://acnhcdn.com/latest/FtrIcon/RoomTexWallDollhouse02.png,No,NA,No,2150,537,Yellow,White,1900,Poki,Nook's Cranny,,NA,NA,Four Pane,White Wood,Glass,Curtains,White Lace,Cloth,151,fancy,child's room,None,Dollhouse Walls,For sale,1.0.0,Yes,RoomTexWallDollhouse02,7276,ysEdh2vpCpg5qBcNg
yellow simple-cloth wall,https://acnhcdn.com/latest/FtrIcon/RoomTexWallSimple01.png,No,NA,No,750,187,Beige,Yellow,680,Poki,Nook's Cranny,,NA,NA,Four Pane,White Wood,Glass,Curtains,White,Wood,151,child's room,living room,simple,Simple Walls,For sale,1.0.0,Yes,RoomTexWallSimple01,4867,7sSXFNqcYgPMcGY8k
yellow-paint wall,https://acnhcdn.com/latest/FtrIcon/RoomTexWallStucco00.png,No,NA,No,1600,400,Yellow,Yellow,1400,Poki,Nook's Cranny,,NA,NA,Four Pane,Natural Wood,Glass,None,NA,Stone,151,fancy,child's room,None,Stucco Walls,For sale,1.0.0,Yes,RoomTexWallStucco00,4808,TySAA4kKqyvGGeZ5C
yellow-striped wall,https://acnhcdn.com/latest/FtrIcon/RoomTexWallStripe04.png,No,NA,No,1520,380,Yellow,Beige,1400,Poki,Nook's Cranny,,NA,NA,Four Pane,White Wood,Glass,Roller Shades,White,Cloth,151,fancy,child's room,None,Stripe Walls,For sale,1.0.0,Yes,RoomTexWallStripe04,4946,N6sef3YhY973LDgdR
zen architecture wall,https://acnhcdn.com/latest/FtrIcon/RoomTexWallTwotone00.png,No,NA,No,1880,470,Beige,Beige,1700,Poki,Nook's Cranny,,NA,NA,Four Pane,Light Wood,Glass,None,NA,Wood,151,None,None,None,Japanese Style,For sale,2.0.0,Yes,RoomTexWallTwotone00,13333,puwFr4WzMEfameWnz
